{
"type": "FeatureCollection",
"name": "hotspots",
"crs": { "type": "name", "properties": { "name": "urn:ogc:def:crs:OGC:1.3:CRS84" } },
"features": [
{ "type": "Feature", "properties": { "hotspot_id": 1, "area_km2": 130.83796125060485, "mean_risk": 0.3794, "max_risk": 1.0, "built_area_km2": 12.9226 }, "geometry": { "type": "MultiPolygon", "coordinates": [ [ [ [ 76.256187838337951, 11.654742496166671 ], [ 76.255289523053818, 11.654742496166671 ], [ 76.255289523053818, 11.657437442019033 ], [ 76.254391207769714, 11.657437442019029 ], [ 76.254391207769714, 11.658335757303151 ], [ 76.253492892485582, 11.658335757303149 ], [ 76.253492892485582, 11.657437442019031 ], [ 76.252594577201478, 11.657437442019029 ], [ 76.252594577201478, 11.659234072587271 ], [ 76.251696261917346, 11.659234072587269 ], [ 76.251696261917346, 11.660132387871389 ], [ 76.250797946633227, 11.660132387871391 ], [ 76.250797946633227, 11.659234072587271 ], [ 76.249899631349109, 11.659234072587269 ], [ 76.249899631349109, 11.658335757303151 ], [ 76.244509739644386, 11.658335757303149 ], [ 76.244509739644386, 11.659234072587269 ], [ 76.243611424360267, 11.659234072587269 ], [ 76.243611424360267, 11.660132387871389 ], [ 76.245408054928504, 11.660132387871389 ], [ 76.245408054928504, 11.659234072587269 ], [ 76.247204685496754, 11.659234072587271 ], [ 76.247204685496754, 11.660132387871389 ], [ 76.248103000780873, 11.660132387871389 ], [ 76.248103000780873, 11.663725649007864 ], [ 76.249001316064991, 11.663725649007869 ], [ 76.249001316064991, 11.662827333723746 ], [ 76.250797946633227, 11.662827333723744 ], [ 76.250797946633227, 11.664623964291987 ], [ 76.251696261917346, 11.664623964291987 ], [ 76.251696261917346, 11.666420594860224 ], [ 76.249899631349109, 11.666420594860226 ], [ 76.249899631349109, 11.667318910144344 ], [ 76.250797946633227, 11.667318910144344 ], [ 76.250797946633227, 11.668217225428467 ], [ 76.252594577201478, 11.668217225428467 ], [ 76.252594577201478, 11.667318910144344 ], [ 76.254391207769714, 11.667318910144346 ], [ 76.254391207769714, 11.666420594860222 ], [ 76.255289523053818, 11.666420594860227 ], [ 76.255289523053818, 11.665522279576107 ], [ 76.256187838337951, 11.665522279576107 ], [ 76.256187838337951, 11.664623964291987 ], [ 76.255289523053818, 11.664623964291989 ], [ 76.255289523053818, 11.663725649007867 ], [ 76.257984468906201, 11.663725649007867 ], [ 76.257984468906201, 11.665522279576106 ], [ 76.257086153622069, 11.665522279576106 ], [ 76.257086153622069, 11.667318910144347 ], [ 76.258882784190305, 11.667318910144344 ], [ 76.258882784190305, 11.666420594860226 ], [ 76.259781099474438, 11.666420594860222 ], [ 76.259781099474438, 11.665522279576107 ], [ 76.26157773004266, 11.665522279576106 ], [ 76.26157773004266, 11.667318910144344 ], [ 76.260679414758542, 11.667318910144346 ], [ 76.260679414758542, 11.668217225428464 ], [ 76.26157773004266, 11.668217225428464 ], [ 76.26157773004266, 11.670013855996702 ], [ 76.259781099474438, 11.670013855996704 ], [ 76.259781099474438, 11.671810486564944 ], [ 76.258882784190305, 11.67181048656494 ], [ 76.258882784190305, 11.67360711713318 ], [ 76.260679414758542, 11.673607117133184 ], [ 76.260679414758542, 11.672708801849064 ], [ 76.26157773004266, 11.672708801849064 ], [ 76.26157773004266, 11.671810486564942 ], [ 76.263374360610896, 11.671810486564942 ], [ 76.263374360610896, 11.670912171280822 ], [ 76.264272675895015, 11.670912171280822 ], [ 76.264272675895015, 11.670013855996705 ], [ 76.265170991179147, 11.670013855996704 ], [ 76.265170991179147, 11.670912171280824 ], [ 76.266069306463265, 11.670912171280824 ], [ 76.266069306463265, 11.670013855996704 ], [ 76.266967621747384, 11.670013855996702 ], [ 76.266967621747384, 11.669115540712585 ], [ 76.267865937031502, 11.669115540712582 ], [ 76.267865937031502, 11.668217225428466 ], [ 76.26876425231562, 11.668217225428466 ], [ 76.26876425231562, 11.667318910144344 ], [ 76.267865937031502, 11.667318910144344 ], [ 76.267865937031502, 11.665522279576107 ], [ 76.266967621747384, 11.665522279576104 ], [ 76.266967621747384, 11.663725649007864 ], [ 76.266069306463265, 11.663725649007869 ], [ 76.266069306463265, 11.661030703155511 ], [ 76.267865937031502, 11.661030703155511 ], [ 76.267865937031502, 11.662827333723746 ], [ 76.26876425231562, 11.662827333723749 ], [ 76.26876425231562, 11.664623964291989 ], [ 76.269662567599738, 11.664623964291987 ], [ 76.269662567599738, 11.665522279576106 ], [ 76.272357513452093, 11.665522279576107 ], [ 76.272357513452093, 11.660132387871389 ], [ 76.274154144020329, 11.660132387871389 ], [ 76.274154144020329, 11.661030703155511 ], [ 76.273255828736211, 11.661030703155511 ], [ 76.273255828736211, 11.661929018439631 ], [ 76.276849089872698, 11.661929018439629 ], [ 76.276849089872698, 11.661030703155511 ], [ 76.277747405156816, 11.661030703155509 ], [ 76.277747405156816, 11.660132387871389 ], [ 76.278645720440934, 11.660132387871389 ], [ 76.278645720440934, 11.659234072587269 ], [ 76.280442351009171, 11.659234072587269 ], [ 76.280442351009171, 11.658335757303149 ], [ 76.281340666293289, 11.658335757303151 ], [ 76.281340666293289, 11.660132387871387 ], [ 76.282238981577407, 11.660132387871389 ], [ 76.282238981577407, 11.659234072587269 ], [ 76.283137296861526, 11.659234072587273 ], [ 76.283137296861526, 11.658335757303149 ], [ 76.284035612145644, 11.658335757303149 ], [ 76.284035612145644, 11.657437442019031 ], [ 76.286730557998013, 11.657437442019031 ], [ 76.286730557998013, 11.652047550314313 ], [ 76.287628873282131, 11.652047550314315 ], [ 76.287628873282131, 11.651149235030193 ], [ 76.288527188566249, 11.651149235030196 ], [ 76.288527188566249, 11.650250919746073 ], [ 76.291222134418604, 11.650250919746073 ], [ 76.291222134418604, 11.651149235030195 ], [ 76.292120449702722, 11.651149235030193 ], [ 76.292120449702722, 11.648454289177836 ], [ 76.293917080270958, 11.648454289177836 ], [ 76.293917080270958, 11.647555973893715 ], [ 76.294815395555091, 11.647555973893716 ], [ 76.294815395555091, 11.648454289177836 ], [ 76.296612026123327, 11.648454289177836 ], [ 76.296612026123327, 11.649352604461955 ], [ 76.297510341407445, 11.649352604461955 ], [ 76.297510341407445, 11.645759343325476 ], [ 76.298408656691564, 11.645759343325476 ], [ 76.298408656691564, 11.644861028041356 ], [ 76.299306971975682, 11.644861028041355 ], [ 76.299306971975682, 11.643962712757235 ], [ 76.298408656691564, 11.643962712757235 ], [ 76.298408656691564, 11.643064397473115 ], [ 76.296612026123327, 11.643064397473118 ], [ 76.296612026123327, 11.643962712757238 ], [ 76.295713710839209, 11.643962712757236 ], [ 76.295713710839209, 11.644861028041355 ], [ 76.293917080270958, 11.644861028041358 ], [ 76.293917080270958, 11.645759343325475 ], [ 76.29301876498684, 11.645759343325475 ], [ 76.29301876498684, 11.646657658609596 ], [ 76.292120449702722, 11.646657658609596 ], [ 76.292120449702722, 11.647555973893716 ], [ 76.290323819134485, 11.647555973893718 ], [ 76.290323819134485, 11.648454289177836 ], [ 76.288527188566249, 11.648454289177838 ], [ 76.288527188566249, 11.649352604461956 ], [ 76.285832242713894, 11.649352604461958 ], [ 76.285832242713894, 11.648454289177836 ], [ 76.284933927429776, 11.648454289177836 ], [ 76.284933927429776, 11.649352604461953 ], [ 76.284035612145644, 11.649352604461953 ], [ 76.284035612145644, 11.650250919746075 ], [ 76.283137296861526, 11.650250919746075 ], [ 76.283137296861526, 11.649352604461956 ], [ 76.280442351009171, 11.649352604461955 ], [ 76.280442351009171, 11.648454289177836 ], [ 76.279544035725053, 11.648454289177836 ], [ 76.279544035725053, 11.649352604461955 ], [ 76.278645720440934, 11.649352604461955 ], [ 76.278645720440934, 11.650250919746075 ], [ 76.279544035725053, 11.650250919746075 ], [ 76.279544035725053, 11.651149235030196 ], [ 76.284035612145644, 11.651149235030195 ], [ 76.284035612145644, 11.652047550314313 ], [ 76.284933927429776, 11.652047550314315 ], [ 76.284933927429776, 11.652945865598431 ], [ 76.285832242713894, 11.652945865598431 ], [ 76.285832242713894, 11.654742496166671 ], [ 76.284933927429776, 11.654742496166671 ], [ 76.284933927429776, 11.655640811450789 ], [ 76.282238981577407, 11.655640811450791 ], [ 76.282238981577407, 11.656539126734911 ], [ 76.279544035725053, 11.656539126734911 ], [ 76.279544035725053, 11.655640811450795 ], [ 76.278645720440934, 11.655640811450791 ], [ 76.278645720440934, 11.652047550314313 ], [ 76.277747405156816, 11.652047550314313 ], [ 76.277747405156816, 11.653844180882551 ], [ 76.276849089872698, 11.653844180882553 ], [ 76.276849089872698, 11.654742496166669 ], [ 76.277747405156816, 11.654742496166669 ], [ 76.277747405156816, 11.656539126734909 ], [ 76.27595077458858, 11.656539126734909 ], [ 76.27595077458858, 11.658335757303151 ], [ 76.277747405156816, 11.658335757303149 ], [ 76.277747405156816, 11.659234072587269 ], [ 76.275052459304462, 11.659234072587269 ], [ 76.275052459304462, 11.658335757303147 ], [ 76.274154144020329, 11.658335757303149 ], [ 76.274154144020329, 11.657437442019027 ], [ 76.273255828736211, 11.657437442019031 ], [ 76.273255828736211, 11.658335757303151 ], [ 76.272357513452093, 11.658335757303151 ], [ 76.272357513452093, 11.659234072587273 ], [ 76.269662567599738, 11.659234072587269 ], [ 76.269662567599738, 11.657437442019029 ], [ 76.26876425231562, 11.657437442019031 ], [ 76.26876425231562, 11.658335757303153 ], [ 76.266967621747384, 11.658335757303149 ], [ 76.266967621747384, 11.659234072587269 ], [ 76.266069306463265, 11.659234072587269 ], [ 76.266069306463265, 11.660132387871389 ], [ 76.265170991179147, 11.660132387871389 ], [ 76.265170991179147, 11.659234072587269 ], [ 76.264272675895015, 11.659234072587269 ], [ 76.264272675895015, 11.658335757303151 ], [ 76.265170991179147, 11.658335757303149 ], [ 76.265170991179147, 11.657437442019029 ], [ 76.263374360610896, 11.657437442019033 ], [ 76.263374360610896, 11.658335757303149 ], [ 76.260679414758542, 11.658335757303149 ], [ 76.260679414758542, 11.659234072587271 ], [ 76.259781099474438, 11.659234072587271 ], [ 76.259781099474438, 11.660132387871391 ], [ 76.258882784190305, 11.660132387871389 ], [ 76.258882784190305, 11.661030703155511 ], [ 76.257984468906201, 11.661030703155511 ], [ 76.257984468906201, 11.660132387871389 ], [ 76.257086153622069, 11.660132387871387 ], [ 76.257086153622069, 11.658335757303149 ], [ 76.256187838337951, 11.658335757303149 ], [ 76.256187838337951, 11.654742496166671 ] ], [ [ 76.26157773004266, 11.671810486564942 ], [ 76.260679414758542, 11.671810486564944 ], [ 76.260679414758542, 11.670912171280824 ], [ 76.26157773004266, 11.670912171280824 ], [ 76.26157773004266, 11.671810486564942 ] ], [ [ 76.263374360610896, 11.662827333723747 ], [ 76.263374360610896, 11.661030703155507 ], [ 76.264272675895015, 11.661030703155511 ], [ 76.264272675895015, 11.662827333723747 ], [ 76.263374360610896, 11.662827333723747 ] ], [ [ 76.263374360610896, 11.665522279576107 ], [ 76.263374360610896, 11.664623964291987 ], [ 76.264272675895015, 11.664623964291989 ], [ 76.264272675895015, 11.665522279576107 ], [ 76.263374360610896, 11.665522279576107 ] ] ], [ [ [ 76.266069306463265, 11.670912171280824 ], [ 76.266069306463265, 11.672708801849064 ], [ 76.265170991179147, 11.672708801849062 ], [ 76.265170991179147, 11.674505432417304 ], [ 76.266069306463265, 11.6745054324173 ], [ 76.266069306463265, 11.67540374770142 ], [ 76.265170991179147, 11.675403747701422 ], [ 76.265170991179147, 11.67630206298554 ], [ 76.264272675895015, 11.676302062985544 ], [ 76.264272675895015, 11.677200378269662 ], [ 76.263374360610896, 11.677200378269662 ], [ 76.263374360610896, 11.67809869355378 ], [ 76.264272675895015, 11.678098693553778 ], [ 76.264272675895015, 11.680793639406138 ], [ 76.263374360610896, 11.680793639406136 ], [ 76.263374360610896, 11.682590269974378 ], [ 76.262476045326778, 11.682590269974378 ], [ 76.262476045326778, 11.683488585258496 ], [ 76.26157773004266, 11.683488585258496 ], [ 76.26157773004266, 11.684386900542616 ], [ 76.264272675895015, 11.684386900542618 ], [ 76.264272675895015, 11.686183531110858 ], [ 76.266069306463265, 11.686183531110858 ], [ 76.266069306463265, 11.685285215826736 ], [ 76.266967621747384, 11.685285215826736 ], [ 76.266967621747384, 11.683488585258496 ], [ 76.267865937031502, 11.683488585258495 ], [ 76.267865937031502, 11.684386900542616 ], [ 76.26876425231562, 11.684386900542616 ], [ 76.26876425231562, 11.685285215826738 ], [ 76.269662567599738, 11.68528521582674 ], [ 76.269662567599738, 11.686183531110858 ], [ 76.271459198167975, 11.686183531110855 ], [ 76.271459198167975, 11.687081846394973 ], [ 76.272357513452093, 11.687081846394975 ], [ 76.272357513452093, 11.688878476963216 ], [ 76.270560882883856, 11.688878476963211 ], [ 76.270560882883856, 11.691573422815573 ], [ 76.271459198167975, 11.691573422815571 ], [ 76.271459198167975, 11.692471738099693 ], [ 76.272357513452093, 11.692471738099695 ], [ 76.272357513452093, 11.693370053383813 ], [ 76.274154144020329, 11.693370053383811 ], [ 76.274154144020329, 11.694268368667933 ], [ 76.275052459304462, 11.694268368667929 ], [ 76.275052459304462, 11.696064999236169 ], [ 76.273255828736211, 11.696064999236173 ], [ 76.273255828736211, 11.696963314520289 ], [ 76.272357513452093, 11.696963314520289 ], [ 76.272357513452093, 11.697861629804411 ], [ 76.271459198167975, 11.697861629804411 ], [ 76.271459198167975, 11.700556575656766 ], [ 76.273255828736211, 11.700556575656766 ], [ 76.273255828736211, 11.703251521509124 ], [ 76.274154144020329, 11.703251521509124 ], [ 76.274154144020329, 11.702353206225007 ], [ 76.275052459304462, 11.702353206225009 ], [ 76.275052459304462, 11.700556575656766 ], [ 76.276849089872698, 11.700556575656767 ], [ 76.276849089872698, 11.699658260372647 ], [ 76.277747405156816, 11.699658260372647 ], [ 76.277747405156816, 11.705048152077364 ], [ 76.276849089872698, 11.705048152077365 ], [ 76.276849089872698, 11.706844782645605 ], [ 76.275052459304462, 11.706844782645604 ], [ 76.275052459304462, 11.710438043782084 ], [ 76.274154144020329, 11.710438043782084 ], [ 76.274154144020329, 11.712234674350324 ], [ 76.275052459304462, 11.712234674350324 ], [ 76.275052459304462, 11.71313298963444 ], [ 76.273255828736211, 11.713132989634442 ], [ 76.273255828736211, 11.71403130491856 ], [ 76.274154144020329, 11.714031304918556 ], [ 76.274154144020329, 11.717624566055038 ], [ 76.273255828736211, 11.717624566055036 ], [ 76.273255828736211, 11.71852288133916 ], [ 76.274154144020329, 11.718522881339155 ], [ 76.274154144020329, 11.71942119662328 ], [ 76.26876425231562, 11.719421196623278 ], [ 76.26876425231562, 11.7203195119074 ], [ 76.269662567599738, 11.720319511907396 ], [ 76.269662567599738, 11.721217827191516 ], [ 76.270560882883856, 11.721217827191516 ], [ 76.270560882883856, 11.722116142475638 ], [ 76.269662567599738, 11.722116142475638 ], [ 76.269662567599738, 11.723014457759756 ], [ 76.267865937031502, 11.723014457759756 ], [ 76.267865937031502, 11.724811088327995 ], [ 76.266069306463265, 11.724811088327993 ], [ 76.266069306463265, 11.723912773043876 ], [ 76.266967621747384, 11.723912773043876 ], [ 76.266967621747384, 11.723014457759756 ], [ 76.265170991179147, 11.723014457759758 ], [ 76.265170991179147, 11.722116142475638 ], [ 76.263374360610896, 11.722116142475636 ], [ 76.263374360610896, 11.723912773043876 ], [ 76.264272675895015, 11.723912773043876 ], [ 76.264272675895015, 11.724811088327995 ], [ 76.265170991179147, 11.724811088327993 ], [ 76.265170991179147, 11.728404349464471 ], [ 76.266069306463265, 11.728404349464473 ], [ 76.266069306463265, 11.725709403612116 ], [ 76.266967621747384, 11.725709403612115 ], [ 76.266967621747384, 11.728404349464475 ], [ 76.267865937031502, 11.728404349464471 ], [ 76.267865937031502, 11.726607718896235 ], [ 76.26876425231562, 11.726607718896235 ], [ 76.26876425231562, 11.725709403612113 ], [ 76.271459198167975, 11.725709403612111 ], [ 76.271459198167975, 11.726607718896238 ], [ 76.272357513452093, 11.726607718896235 ], [ 76.272357513452093, 11.728404349464473 ], [ 76.271459198167975, 11.728404349464473 ], [ 76.271459198167975, 11.729302664748593 ], [ 76.272357513452093, 11.729302664748591 ], [ 76.272357513452093, 11.730200980032709 ], [ 76.271459198167975, 11.730200980032711 ], [ 76.271459198167975, 11.731099295316829 ], [ 76.270560882883856, 11.731099295316829 ], [ 76.270560882883856, 11.731997610600949 ], [ 76.269662567599738, 11.731997610600949 ], [ 76.269662567599738, 11.730200980032711 ], [ 76.26876425231562, 11.730200980032711 ], [ 76.26876425231562, 11.731099295316831 ], [ 76.267865937031502, 11.731099295316831 ], [ 76.267865937031502, 11.731997610600951 ], [ 76.26876425231562, 11.731997610600951 ], [ 76.26876425231562, 11.733794241169191 ], [ 76.266967621747384, 11.733794241169191 ], [ 76.266967621747384, 11.734692556453309 ], [ 76.266069306463265, 11.734692556453309 ], [ 76.266069306463265, 11.735590871737426 ], [ 76.262476045326778, 11.735590871737427 ], [ 76.262476045326778, 11.736489187021547 ], [ 76.26157773004266, 11.736489187021549 ], [ 76.26157773004266, 11.738285817589786 ], [ 76.262476045326778, 11.738285817589787 ], [ 76.262476045326778, 11.739184132873907 ], [ 76.264272675895015, 11.739184132873905 ], [ 76.264272675895015, 11.738285817589786 ], [ 76.265170991179147, 11.738285817589786 ], [ 76.265170991179147, 11.737387502305669 ], [ 76.266069306463265, 11.737387502305669 ], [ 76.266069306463265, 11.739184132873907 ], [ 76.266967621747384, 11.739184132873907 ], [ 76.266967621747384, 11.740082448158027 ], [ 76.267865937031502, 11.740082448158025 ], [ 76.267865937031502, 11.740980763442145 ], [ 76.266967621747384, 11.740980763442145 ], [ 76.266967621747384, 11.74187907872626 ], [ 76.26876425231562, 11.741879078726264 ], [ 76.26876425231562, 11.742777394010387 ], [ 76.271459198167975, 11.742777394010384 ], [ 76.271459198167975, 11.743675709294505 ], [ 76.272357513452093, 11.743675709294505 ], [ 76.272357513452093, 11.745472339862744 ], [ 76.273255828736211, 11.745472339862744 ], [ 76.273255828736211, 11.743675709294505 ], [ 76.274154144020329, 11.743675709294504 ], [ 76.274154144020329, 11.744574024578624 ], [ 76.275052459304462, 11.744574024578627 ], [ 76.275052459304462, 11.745472339862744 ], [ 76.27595077458858, 11.745472339862744 ], [ 76.27595077458858, 11.746370655146862 ], [ 76.280442351009171, 11.746370655146862 ], [ 76.280442351009171, 11.747268970430984 ], [ 76.278645720440934, 11.747268970430985 ], [ 76.278645720440934, 11.749065600999218 ], [ 76.27595077458858, 11.749065600999222 ], [ 76.27595077458858, 11.748167285715104 ], [ 76.275052459304462, 11.748167285715105 ], [ 76.275052459304462, 11.749065600999222 ], [ 76.273255828736211, 11.74906560099922 ], [ 76.273255828736211, 11.75176054685158 ], [ 76.274154144020329, 11.751760546851578 ], [ 76.274154144020329, 11.755353807988056 ], [ 76.273255828736211, 11.755353807988055 ], [ 76.273255828736211, 11.754455492703938 ], [ 76.272357513452093, 11.75445549270394 ], [ 76.272357513452093, 11.755353807988058 ], [ 76.271459198167975, 11.755353807988056 ], [ 76.271459198167975, 11.757150438556298 ], [ 76.26876425231562, 11.7571504385563 ], [ 76.26876425231562, 11.758048753840416 ], [ 76.266967621747384, 11.758048753840416 ], [ 76.266967621747384, 11.759845384408658 ], [ 76.266069306463265, 11.759845384408656 ], [ 76.266069306463265, 11.760743699692773 ], [ 76.263374360610896, 11.760743699692775 ], [ 76.263374360610896, 11.759845384408658 ], [ 76.265170991179147, 11.759845384408655 ], [ 76.265170991179147, 11.758947069124538 ], [ 76.263374360610896, 11.758947069124536 ], [ 76.263374360610896, 11.75804875384042 ], [ 76.26157773004266, 11.758048753840416 ], [ 76.26157773004266, 11.760743699692775 ], [ 76.262476045326778, 11.760743699692775 ], [ 76.262476045326778, 11.761642014976896 ], [ 76.264272675895015, 11.761642014976896 ], [ 76.264272675895015, 11.763438645545135 ], [ 76.266069306463265, 11.763438645545131 ], [ 76.266069306463265, 11.762540330261015 ], [ 76.266967621747384, 11.762540330261013 ], [ 76.266967621747384, 11.764336960829253 ], [ 76.267865937031502, 11.764336960829253 ], [ 76.267865937031502, 11.762540330261015 ], [ 76.26876425231562, 11.762540330261016 ], [ 76.26876425231562, 11.761642014976896 ], [ 76.269662567599738, 11.761642014976895 ], [ 76.269662567599738, 11.760743699692773 ], [ 76.26876425231562, 11.760743699692775 ], [ 76.26876425231562, 11.759845384408658 ], [ 76.273255828736211, 11.759845384408658 ], [ 76.273255828736211, 11.761642014976895 ], [ 76.271459198167975, 11.761642014976896 ], [ 76.271459198167975, 11.762540330261013 ], [ 76.269662567599738, 11.762540330261015 ], [ 76.269662567599738, 11.763438645545133 ], [ 76.26876425231562, 11.763438645545133 ], [ 76.26876425231562, 11.764336960829256 ], [ 76.269662567599738, 11.764336960829256 ], [ 76.269662567599738, 11.765235276113374 ], [ 76.272357513452093, 11.765235276113376 ], [ 76.272357513452093, 11.766133591397491 ], [ 76.271459198167975, 11.766133591397493 ], [ 76.271459198167975, 11.767031906681611 ], [ 76.27595077458858, 11.767031906681613 ], [ 76.27595077458858, 11.767930221965731 ], [ 76.274154144020329, 11.767930221965731 ], [ 76.274154144020329, 11.768828537249851 ], [ 76.275052459304462, 11.768828537249849 ], [ 76.275052459304462, 11.769726852533969 ], [ 76.273255828736211, 11.769726852533969 ], [ 76.273255828736211, 11.771523483102213 ], [ 76.274154144020329, 11.771523483102211 ], [ 76.274154144020329, 11.773320113670447 ], [ 76.275052459304462, 11.773320113670449 ], [ 76.275052459304462, 11.774218428954571 ], [ 76.27595077458858, 11.774218428954571 ], [ 76.27595077458858, 11.775116744238689 ], [ 76.275052459304462, 11.775116744238689 ], [ 76.275052459304462, 11.776015059522807 ], [ 76.274154144020329, 11.776015059522805 ], [ 76.274154144020329, 11.778710005375167 ], [ 76.278645720440934, 11.778710005375165 ], [ 76.278645720440934, 11.779608320659284 ], [ 76.281340666293289, 11.779608320659282 ], [ 76.281340666293289, 11.780506635943404 ], [ 76.279544035725053, 11.780506635943407 ], [ 76.279544035725053, 11.783201581795764 ], [ 76.280442351009171, 11.783201581795762 ], [ 76.280442351009171, 11.784099897079884 ], [ 76.281340666293289, 11.784099897079882 ], [ 76.281340666293289, 11.784998212364005 ], [ 76.280442351009171, 11.784998212364005 ], [ 76.280442351009171, 11.78589652764812 ], [ 76.281340666293289, 11.785896527648116 ], [ 76.281340666293289, 11.78679484293224 ], [ 76.283137296861526, 11.786794842932242 ], [ 76.283137296861526, 11.78769315821636 ], [ 76.282238981577407, 11.787693158216364 ], [ 76.282238981577407, 11.788591473500482 ], [ 76.281340666293289, 11.78859147350048 ], [ 76.281340666293289, 11.787693158216358 ], [ 76.280442351009171, 11.787693158216356 ], [ 76.280442351009171, 11.786794842932242 ], [ 76.279544035725053, 11.78679484293224 ], [ 76.279544035725053, 11.787693158216364 ], [ 76.276849089872698, 11.78769315821636 ], [ 76.276849089872698, 11.788591473500482 ], [ 76.275052459304462, 11.788591473500482 ], [ 76.275052459304462, 11.78769315821636 ], [ 76.273255828736211, 11.78769315821636 ], [ 76.273255828736211, 11.789489788784596 ], [ 76.275052459304462, 11.7894897887846 ], [ 76.275052459304462, 11.790388104068716 ], [ 76.26876425231562, 11.790388104068718 ], [ 76.26876425231562, 11.793083049921076 ], [ 76.266967621747384, 11.793083049921076 ], [ 76.266967621747384, 11.793981365205198 ], [ 76.267865937031502, 11.7939813652052 ], [ 76.267865937031502, 11.79577799577344 ], [ 76.269662567599738, 11.79577799577344 ], [ 76.269662567599738, 11.796676311057555 ], [ 76.270560882883856, 11.796676311057555 ], [ 76.270560882883856, 11.797574626341675 ], [ 76.272357513452093, 11.797574626341673 ], [ 76.272357513452093, 11.798472941625793 ], [ 76.274154144020329, 11.798472941625796 ], [ 76.274154144020329, 11.799371256909915 ], [ 76.275052459304462, 11.799371256909913 ], [ 76.275052459304462, 11.798472941625795 ], [ 76.27595077458858, 11.798472941625795 ], [ 76.27595077458858, 11.801167887478153 ], [ 76.276849089872698, 11.801167887478153 ], [ 76.276849089872698, 11.800269572194033 ], [ 76.277747405156816, 11.800269572194031 ], [ 76.277747405156816, 11.801167887478151 ], [ 76.280442351009171, 11.801167887478153 ], [ 76.280442351009171, 11.802066202762273 ], [ 76.281340666293289, 11.802066202762276 ], [ 76.281340666293289, 11.801167887478153 ], [ 76.282238981577407, 11.801167887478154 ], [ 76.282238981577407, 11.800269572194034 ], [ 76.283137296861526, 11.800269572194034 ], [ 76.283137296861526, 11.801167887478154 ], [ 76.284035612145644, 11.801167887478154 ], [ 76.284035612145644, 11.800269572194031 ], [ 76.284933927429776, 11.800269572194033 ], [ 76.284933927429776, 11.799371256909918 ], [ 76.285832242713894, 11.799371256909916 ], [ 76.285832242713894, 11.796676311057556 ], [ 76.287628873282131, 11.796676311057558 ], [ 76.287628873282131, 11.795777995773438 ], [ 76.288527188566249, 11.795777995773438 ], [ 76.288527188566249, 11.793981365205196 ], [ 76.289425503850367, 11.793981365205198 ], [ 76.289425503850367, 11.793083049921076 ], [ 76.290323819134485, 11.793083049921076 ], [ 76.290323819134485, 11.792184734636958 ], [ 76.29301876498684, 11.79218473463696 ], [ 76.29301876498684, 11.79128641935284 ], [ 76.294815395555091, 11.79128641935284 ], [ 76.294815395555091, 11.790388104068715 ], [ 76.295713710839209, 11.790388104068718 ], [ 76.295713710839209, 11.789489788784598 ], [ 76.296612026123327, 11.789489788784596 ], [ 76.296612026123327, 11.788591473500478 ], [ 76.298408656691564, 11.788591473500478 ], [ 76.298408656691564, 11.78769315821636 ], [ 76.299306971975682, 11.78769315821636 ], [ 76.299306971975682, 11.786794842932242 ], [ 76.3002052872598, 11.786794842932242 ], [ 76.3002052872598, 11.78589652764812 ], [ 76.301103602543918, 11.785896527648118 ], [ 76.301103602543918, 11.784998212364004 ], [ 76.303798548396273, 11.784998212364005 ], [ 76.303798548396273, 11.78589652764812 ], [ 76.306493494248642, 11.78589652764812 ], [ 76.306493494248642, 11.784998212364004 ], [ 76.307391809532774, 11.784998212364002 ], [ 76.307391809532774, 11.783201581795764 ], [ 76.308290124816878, 11.783201581795762 ], [ 76.308290124816878, 11.780506635943404 ], [ 76.309188440100996, 11.780506635943407 ], [ 76.309188440100996, 11.776913374806925 ], [ 76.310086755385115, 11.776913374806924 ], [ 76.310086755385115, 11.773320113670447 ], [ 76.310985070669233, 11.773320113670447 ], [ 76.310985070669233, 11.769726852533973 ], [ 76.311883385953351, 11.769726852533967 ], [ 76.311883385953351, 11.767031906681613 ], [ 76.312781701237469, 11.767031906681613 ], [ 76.312781701237469, 11.764336960829255 ], [ 76.313680016521587, 11.764336960829255 ], [ 76.313680016521587, 11.759845384408656 ], [ 76.31457833180572, 11.759845384408658 ], [ 76.31457833180572, 11.756252123272176 ], [ 76.315476647089838, 11.756252123272176 ], [ 76.315476647089838, 11.75445549270394 ], [ 76.316374962373956, 11.754455492703938 ], [ 76.316374962373956, 11.753557177419818 ], [ 76.317273277658074, 11.75355717741982 ], [ 76.317273277658074, 11.751760546851578 ], [ 76.318171592942193, 11.751760546851576 ], [ 76.318171592942193, 11.75086223156746 ], [ 76.321764854078666, 11.75086223156746 ], [ 76.321764854078666, 11.749963916283342 ], [ 76.324459799931034, 11.749963916283338 ], [ 76.324459799931034, 11.74906560099922 ], [ 76.327154745783389, 11.74906560099922 ], [ 76.327154745783389, 11.748167285715105 ], [ 76.329849691635744, 11.748167285715102 ], [ 76.329849691635744, 11.747268970430985 ], [ 76.330748006919862, 11.747268970430985 ], [ 76.330748006919862, 11.746370655146864 ], [ 76.33164632220398, 11.746370655146864 ], [ 76.33164632220398, 11.745472339862744 ], [ 76.334341268056349, 11.745472339862744 ], [ 76.334341268056349, 11.743675709294502 ], [ 76.335239583340467, 11.743675709294505 ], [ 76.335239583340467, 11.742777394010384 ], [ 76.334341268056349, 11.742777394010385 ], [ 76.334341268056349, 11.741879078726264 ], [ 76.335239583340467, 11.741879078726265 ], [ 76.335239583340467, 11.740082448158027 ], [ 76.336137898624585, 11.740082448158027 ], [ 76.336137898624585, 11.738285817589787 ], [ 76.335239583340467, 11.738285817589786 ], [ 76.335239583340467, 11.737387502305667 ], [ 76.334341268056349, 11.737387502305666 ], [ 76.334341268056349, 11.739184132873905 ], [ 76.333442952772231, 11.739184132873905 ], [ 76.333442952772231, 11.736489187021549 ], [ 76.33164632220398, 11.736489187021549 ], [ 76.33164632220398, 11.735590871737426 ], [ 76.332544637488098, 11.735590871737427 ], [ 76.332544637488098, 11.732895925885069 ], [ 76.330748006919862, 11.732895925885069 ], [ 76.330748006919862, 11.731997610600949 ], [ 76.328951376351625, 11.731997610600954 ], [ 76.328951376351625, 11.731099295316831 ], [ 76.328053061067507, 11.731099295316829 ], [ 76.328053061067507, 11.730200980032709 ], [ 76.330748006919862, 11.730200980032713 ], [ 76.330748006919862, 11.729302664748591 ], [ 76.328951376351625, 11.729302664748591 ], [ 76.328951376351625, 11.728404349464473 ], [ 76.328053061067507, 11.728404349464469 ], [ 76.328053061067507, 11.727506034180356 ], [ 76.329849691635744, 11.727506034180355 ], [ 76.329849691635744, 11.726607718896235 ], [ 76.328951376351625, 11.726607718896235 ], [ 76.328951376351625, 11.725709403612115 ], [ 76.328053061067507, 11.725709403612115 ], [ 76.328053061067507, 11.724811088327991 ], [ 76.328951376351625, 11.724811088327991 ], [ 76.328951376351625, 11.721217827191516 ], [ 76.328053061067507, 11.721217827191516 ], [ 76.328053061067507, 11.720319511907398 ], [ 76.328951376351625, 11.720319511907396 ], [ 76.328951376351625, 11.719421196623278 ], [ 76.328053061067507, 11.719421196623275 ], [ 76.328053061067507, 11.717624566055038 ], [ 76.329849691635744, 11.717624566055038 ], [ 76.329849691635744, 11.716726250770922 ], [ 76.328951376351625, 11.71672625077092 ], [ 76.328951376351625, 11.7158279354868 ], [ 76.33164632220398, 11.715827935486802 ], [ 76.33164632220398, 11.71492962020268 ], [ 76.333442952772231, 11.714929620202682 ], [ 76.333442952772231, 11.714031304918562 ], [ 76.334341268056349, 11.714031304918558 ], [ 76.334341268056349, 11.71313298963444 ], [ 76.335239583340467, 11.71313298963444 ], [ 76.335239583340467, 11.710438043782084 ], [ 76.337036213908704, 11.710438043782084 ], [ 76.337036213908704, 11.709539728497964 ], [ 76.337934529192822, 11.709539728497964 ], [ 76.337934529192822, 11.708641413213844 ], [ 76.33883284447694, 11.708641413213845 ], [ 76.33883284447694, 11.707743097929722 ], [ 76.339731159761058, 11.707743097929722 ], [ 76.339731159761058, 11.706844782645605 ], [ 76.343324420897545, 11.706844782645604 ], [ 76.343324420897545, 11.705946467361485 ], [ 76.346917682034018, 11.705946467361484 ], [ 76.346917682034018, 11.705048152077365 ], [ 76.348714312602254, 11.705048152077364 ], [ 76.348714312602254, 11.704149836793244 ], [ 76.350510943170491, 11.704149836793245 ], [ 76.350510943170491, 11.702353206225006 ], [ 76.351409258454623, 11.702353206225007 ], [ 76.351409258454623, 11.701454890940887 ], [ 76.35320588902286, 11.701454890940889 ], [ 76.35320588902286, 11.702353206225006 ], [ 76.355002519591096, 11.702353206225009 ], [ 76.355002519591096, 11.701454890940889 ], [ 76.358595780727569, 11.701454890940887 ], [ 76.358595780727569, 11.700556575656766 ], [ 76.356799150159347, 11.700556575656766 ], [ 76.356799150159347, 11.699658260372649 ], [ 76.358595780727569, 11.699658260372649 ], [ 76.358595780727569, 11.698759945088529 ], [ 76.359494096011687, 11.698759945088526 ], [ 76.359494096011687, 11.697861629804411 ], [ 76.360392411295805, 11.697861629804411 ], [ 76.360392411295805, 11.696963314520289 ], [ 76.361290726579924, 11.696963314520289 ], [ 76.361290726579924, 11.697861629804411 ], [ 76.362189041864042, 11.697861629804411 ], [ 76.362189041864042, 11.696064999236171 ], [ 76.365782303000529, 11.696064999236169 ], [ 76.365782303000529, 11.695166683952049 ], [ 76.366680618284647, 11.695166683952049 ], [ 76.366680618284647, 11.694268368667929 ], [ 76.367578933568765, 11.694268368667933 ], [ 76.367578933568765, 11.695166683952049 ], [ 76.368477248852884, 11.695166683952049 ], [ 76.368477248852884, 11.692471738099691 ], [ 76.37027387942112, 11.692471738099695 ], [ 76.37027387942112, 11.693370053383815 ], [ 76.372070509989356, 11.693370053383813 ], [ 76.372070509989356, 11.692471738099696 ], [ 76.372968825273489, 11.692471738099695 ], [ 76.372968825273489, 11.693370053383811 ], [ 76.373867140557607, 11.693370053383813 ], [ 76.373867140557607, 11.692471738099693 ], [ 76.374765455841725, 11.692471738099695 ], [ 76.374765455841725, 11.691573422815571 ], [ 76.375663771125843, 11.691573422815569 ], [ 76.375663771125843, 11.690675107531449 ], [ 76.37746040169408, 11.690675107531455 ], [ 76.37746040169408, 11.689776792247335 ], [ 76.380155347546435, 11.689776792247335 ], [ 76.380155347546435, 11.687980161679093 ], [ 76.381053662830553, 11.687980161679093 ], [ 76.381053662830553, 11.688878476963211 ], [ 76.383748608682922, 11.688878476963213 ], [ 76.383748608682922, 11.687980161679095 ], [ 76.385545239251158, 11.687980161679093 ], [ 76.385545239251158, 11.688878476963215 ], [ 76.386443554535276, 11.688878476963215 ], [ 76.386443554535276, 11.687980161679093 ], [ 76.387341869819394, 11.687980161679095 ], [ 76.387341869819394, 11.687081846394975 ], [ 76.389138500387631, 11.687081846394975 ], [ 76.389138500387631, 11.688878476963213 ], [ 76.390935130955867, 11.688878476963213 ], [ 76.390935130955867, 11.689776792247333 ], [ 76.392731761524118, 11.689776792247336 ], [ 76.392731761524118, 11.690675107531453 ], [ 76.394528392092354, 11.690675107531451 ], [ 76.394528392092354, 11.687980161679095 ], [ 76.395426707376473, 11.687980161679093 ], [ 76.395426707376473, 11.687081846394975 ], [ 76.394528392092354, 11.687081846394975 ], [ 76.394528392092354, 11.685285215826738 ], [ 76.393630076808236, 11.685285215826735 ], [ 76.393630076808236, 11.686183531110856 ], [ 76.391833446239986, 11.686183531110858 ], [ 76.391833446239986, 11.683488585258496 ], [ 76.390935130955867, 11.683488585258495 ], [ 76.390935130955867, 11.682590269974378 ], [ 76.390036815671749, 11.682590269974378 ], [ 76.390036815671749, 11.680793639406138 ], [ 76.389138500387631, 11.680793639406135 ], [ 76.389138500387631, 11.679895324122015 ], [ 76.390036815671749, 11.679895324122015 ], [ 76.390036815671749, 11.678997008837898 ], [ 76.389138500387631, 11.678997008837898 ], [ 76.389138500387631, 11.677200378269658 ], [ 76.385545239251158, 11.677200378269662 ], [ 76.385545239251158, 11.672708801849064 ], [ 76.382850293398803, 11.67270880184906 ], [ 76.382850293398803, 11.671810486564942 ], [ 76.383748608682922, 11.671810486564942 ], [ 76.383748608682922, 11.669115540712585 ], [ 76.382850293398803, 11.669115540712584 ], [ 76.382850293398803, 11.668217225428462 ], [ 76.381053662830553, 11.668217225428466 ], [ 76.381053662830553, 11.667318910144346 ], [ 76.381951978114671, 11.667318910144346 ], [ 76.381951978114671, 11.666420594860224 ], [ 76.382850293398803, 11.666420594860226 ], [ 76.382850293398803, 11.665522279576104 ], [ 76.381951978114671, 11.665522279576106 ], [ 76.381951978114671, 11.662827333723746 ], [ 76.381053662830553, 11.662827333723746 ], [ 76.381053662830553, 11.661929018439631 ], [ 76.380155347546435, 11.661929018439629 ], [ 76.380155347546435, 11.659234072587269 ], [ 76.376562086409962, 11.659234072587269 ], [ 76.376562086409962, 11.658335757303151 ], [ 76.37746040169408, 11.658335757303153 ], [ 76.37746040169408, 11.657437442019027 ], [ 76.375663771125843, 11.657437442019027 ], [ 76.375663771125843, 11.654742496166671 ], [ 76.376562086409962, 11.654742496166671 ], [ 76.376562086409962, 11.653844180882551 ], [ 76.373867140557607, 11.653844180882549 ], [ 76.373867140557607, 11.652945865598429 ], [ 76.374765455841725, 11.652945865598431 ], [ 76.374765455841725, 11.652047550314316 ], [ 76.372070509989356, 11.652047550314313 ], [ 76.372070509989356, 11.651149235030191 ], [ 76.374765455841725, 11.651149235030195 ], [ 76.374765455841725, 11.650250919746076 ], [ 76.372968825273489, 11.650250919746076 ], [ 76.372968825273489, 11.649352604461955 ], [ 76.372070509989356, 11.649352604461953 ], [ 76.372070509989356, 11.648454289177836 ], [ 76.369375564137002, 11.648454289177835 ], [ 76.369375564137002, 11.647555973893716 ], [ 76.368477248852884, 11.647555973893716 ], [ 76.368477248852884, 11.646657658609596 ], [ 76.367578933568765, 11.646657658609595 ], [ 76.367578933568765, 11.647555973893716 ], [ 76.363985672432293, 11.647555973893715 ], [ 76.363985672432293, 11.648454289177836 ], [ 76.363087357148174, 11.648454289177835 ], [ 76.363087357148174, 11.647555973893716 ], [ 76.358595780727569, 11.647555973893715 ], [ 76.358595780727569, 11.648454289177836 ], [ 76.357697465443451, 11.648454289177836 ], [ 76.357697465443451, 11.646657658609596 ], [ 76.356799150159347, 11.646657658609596 ], [ 76.356799150159347, 11.644861028041358 ], [ 76.355900834875214, 11.644861028041356 ], [ 76.355900834875214, 11.638572821052522 ], [ 76.35320588902286, 11.638572821052518 ], [ 76.35320588902286, 11.637674505768402 ], [ 76.352307573738727, 11.6376745057684 ], [ 76.352307573738727, 11.63677619048428 ], [ 76.351409258454623, 11.636776190484284 ], [ 76.351409258454623, 11.63497955991604 ], [ 76.348714312602254, 11.634979559916042 ], [ 76.348714312602254, 11.636776190484278 ], [ 76.349612627886373, 11.636776190484282 ], [ 76.349612627886373, 11.637674505768404 ], [ 76.350510943170491, 11.637674505768402 ], [ 76.350510943170491, 11.639471136336637 ], [ 76.346917682034018, 11.639471136336637 ], [ 76.346917682034018, 11.63857282105252 ], [ 76.3460193667499, 11.638572821052522 ], [ 76.3460193667499, 11.637674505768404 ], [ 76.345121051465782, 11.637674505768404 ], [ 76.345121051465782, 11.636776190484282 ], [ 76.344222736181663, 11.63677619048428 ], [ 76.344222736181663, 11.635877875200162 ], [ 76.343324420897545, 11.635877875200162 ], [ 76.343324420897545, 11.634979559916042 ], [ 76.341527790329295, 11.634979559916042 ], [ 76.341527790329295, 11.635877875200164 ], [ 76.340629475045176, 11.63587787520016 ], [ 76.340629475045176, 11.639471136336642 ], [ 76.339731159761058, 11.639471136336638 ], [ 76.339731159761058, 11.636776190484284 ], [ 76.33883284447694, 11.636776190484282 ], [ 76.33883284447694, 11.638572821052522 ], [ 76.337934529192822, 11.638572821052522 ], [ 76.337934529192822, 11.641267766904878 ], [ 76.337036213908704, 11.641267766904877 ], [ 76.337036213908704, 11.639471136336638 ], [ 76.336137898624585, 11.639471136336638 ], [ 76.336137898624585, 11.640369451620758 ], [ 76.335239583340467, 11.640369451620758 ], [ 76.335239583340467, 11.642166082189 ], [ 76.330748006919862, 11.642166082189002 ], [ 76.330748006919862, 11.639471136336642 ], [ 76.329849691635744, 11.63947113633664 ], [ 76.329849691635744, 11.641267766904878 ], [ 76.328053061067507, 11.641267766904878 ], [ 76.328053061067507, 11.64036945162076 ], [ 76.328951376351625, 11.640369451620762 ], [ 76.328951376351625, 11.637674505768402 ], [ 76.327154745783389, 11.637674505768398 ], [ 76.327154745783389, 11.64036945162076 ], [ 76.325358115215153, 11.64036945162076 ], [ 76.325358115215153, 11.636776190484282 ], [ 76.323561484646902, 11.636776190484282 ], [ 76.323561484646902, 11.634979559916042 ], [ 76.321764854078666, 11.634979559916042 ], [ 76.321764854078666, 11.636776190484284 ], [ 76.322663169362784, 11.636776190484282 ], [ 76.322663169362784, 11.639471136336638 ], [ 76.320866538794547, 11.639471136336642 ], [ 76.320866538794547, 11.638572821052518 ], [ 76.319069908226311, 11.638572821052522 ], [ 76.319069908226311, 11.637674505768402 ], [ 76.315476647089838, 11.6376745057684 ], [ 76.315476647089838, 11.636776190484282 ], [ 76.307391809532774, 11.636776190484284 ], [ 76.307391809532774, 11.635877875200164 ], [ 76.308290124816878, 11.635877875200164 ], [ 76.308290124816878, 11.634979559916044 ], [ 76.306493494248642, 11.634979559916042 ], [ 76.306493494248642, 11.636776190484284 ], [ 76.305595178964523, 11.63677619048428 ], [ 76.305595178964523, 11.638572821052518 ], [ 76.303798548396273, 11.63857282105252 ], [ 76.303798548396273, 11.63677619048428 ], [ 76.302001917828051, 11.636776190484284 ], [ 76.302001917828051, 11.635877875200164 ], [ 76.302900233112155, 11.635877875200164 ], [ 76.302900233112155, 11.634081244631922 ], [ 76.295713710839209, 11.634081244631926 ], [ 76.295713710839209, 11.633182929347802 ], [ 76.294815395555091, 11.633182929347802 ], [ 76.294815395555091, 11.630487983495444 ], [ 76.293917080270958, 11.630487983495444 ], [ 76.293917080270958, 11.628691352927204 ], [ 76.292120449702722, 11.628691352927206 ], [ 76.292120449702722, 11.626894722358964 ], [ 76.291222134418604, 11.626894722358967 ], [ 76.291222134418604, 11.625098091790731 ], [ 76.290323819134485, 11.625098091790727 ], [ 76.290323819134485, 11.624199776506611 ], [ 76.289425503850367, 11.624199776506607 ], [ 76.289425503850367, 11.623301461222489 ], [ 76.288527188566249, 11.623301461222489 ], [ 76.288527188566249, 11.624199776506611 ], [ 76.287628873282131, 11.624199776506611 ], [ 76.287628873282131, 11.622403145938369 ], [ 76.286730557998013, 11.622403145938369 ], [ 76.286730557998013, 11.621504830654251 ], [ 76.285832242713894, 11.621504830654249 ], [ 76.285832242713894, 11.622403145938369 ], [ 76.284933927429776, 11.622403145938369 ], [ 76.284933927429776, 11.620606515370129 ], [ 76.284035612145644, 11.620606515370129 ], [ 76.284035612145644, 11.619708200086011 ], [ 76.283137296861526, 11.619708200086009 ], [ 76.283137296861526, 11.618809884801891 ], [ 76.281340666293289, 11.618809884801889 ], [ 76.281340666293289, 11.613419993097173 ], [ 76.280442351009171, 11.613419993097173 ], [ 76.280442351009171, 11.611623362528936 ], [ 76.281340666293289, 11.611623362528933 ], [ 76.281340666293289, 11.608030101392458 ], [ 76.280442351009171, 11.608030101392457 ], [ 76.280442351009171, 11.605335155540097 ], [ 76.281340666293289, 11.605335155540098 ], [ 76.281340666293289, 11.60174189440362 ], [ 76.278645720440934, 11.601741894403618 ], [ 76.278645720440934, 11.599046948551264 ], [ 76.277747405156816, 11.599046948551262 ], [ 76.277747405156816, 11.598148633267142 ], [ 76.275052459304462, 11.598148633267142 ], [ 76.275052459304462, 11.596352002698906 ], [ 76.273255828736211, 11.596352002698902 ], [ 76.273255828736211, 11.59814863326714 ], [ 76.272357513452093, 11.598148633267142 ], [ 76.272357513452093, 11.597250317983024 ], [ 76.269662567599738, 11.597250317983022 ], [ 76.269662567599738, 11.596352002698902 ], [ 76.26876425231562, 11.596352002698902 ], [ 76.26876425231562, 11.595453687414782 ], [ 76.267865937031502, 11.595453687414784 ], [ 76.267865937031502, 11.593657056846544 ], [ 76.265170991179147, 11.593657056846544 ], [ 76.265170991179147, 11.592758741562426 ], [ 76.262476045326778, 11.592758741562424 ], [ 76.262476045326778, 11.595453687414784 ], [ 76.263374360610896, 11.595453687414784 ], [ 76.263374360610896, 11.596352002698904 ], [ 76.264272675895015, 11.596352002698904 ], [ 76.264272675895015, 11.597250317983022 ], [ 76.266069306463265, 11.597250317983022 ], [ 76.266069306463265, 11.59814863326714 ], [ 76.266967621747384, 11.598148633267142 ], [ 76.266967621747384, 11.599046948551262 ], [ 76.26876425231562, 11.599046948551264 ], [ 76.26876425231562, 11.599945263835384 ], [ 76.270560882883856, 11.599945263835382 ], [ 76.270560882883856, 11.6008435791195 ], [ 76.272357513452093, 11.600843579119502 ], [ 76.272357513452093, 11.601741894403622 ], [ 76.276849089872698, 11.60174189440362 ], [ 76.276849089872698, 11.602640209687738 ], [ 76.277747405156816, 11.60264020968774 ], [ 76.277747405156816, 11.604436840255978 ], [ 76.278645720440934, 11.604436840255977 ], [ 76.278645720440934, 11.608030101392457 ], [ 76.277747405156816, 11.608030101392457 ], [ 76.277747405156816, 11.609826731960695 ], [ 76.27595077458858, 11.609826731960696 ], [ 76.27595077458858, 11.611623362528933 ], [ 76.275052459304462, 11.611623362528931 ], [ 76.275052459304462, 11.612521677813051 ], [ 76.276849089872698, 11.612521677813053 ], [ 76.276849089872698, 11.615216623665413 ], [ 76.278645720440934, 11.615216623665413 ], [ 76.278645720440934, 11.619708200086009 ], [ 76.279544035725053, 11.619708200086009 ], [ 76.279544035725053, 11.620606515370131 ], [ 76.280442351009171, 11.620606515370131 ], [ 76.280442351009171, 11.622403145938367 ], [ 76.281340666293289, 11.622403145938369 ], [ 76.281340666293289, 11.623301461222487 ], [ 76.282238981577407, 11.623301461222489 ], [ 76.282238981577407, 11.624199776506611 ], [ 76.284035612145644, 11.624199776506609 ], [ 76.284035612145644, 11.625098091790731 ], [ 76.284933927429776, 11.625098091790731 ], [ 76.284933927429776, 11.625996407074849 ], [ 76.285832242713894, 11.625996407074847 ], [ 76.285832242713894, 11.627793037643089 ], [ 76.286730557998013, 11.627793037643084 ], [ 76.286730557998013, 11.628691352927204 ], [ 76.287628873282131, 11.628691352927202 ], [ 76.287628873282131, 11.629589668211324 ], [ 76.288527188566249, 11.629589668211326 ], [ 76.288527188566249, 11.630487983495446 ], [ 76.290323819134485, 11.630487983495446 ], [ 76.290323819134485, 11.631386298779566 ], [ 76.292120449702722, 11.631386298779566 ], [ 76.292120449702722, 11.63228461406368 ], [ 76.29301876498684, 11.632284614063682 ], [ 76.29301876498684, 11.633182929347802 ], [ 76.292120449702722, 11.633182929347804 ], [ 76.292120449702722, 11.636776190484284 ], [ 76.29301876498684, 11.636776190484284 ], [ 76.29301876498684, 11.637674505768402 ], [ 76.292120449702722, 11.637674505768402 ], [ 76.292120449702722, 11.63947113633664 ], [ 76.295713710839209, 11.63947113633664 ], [ 76.295713710839209, 11.638572821052518 ], [ 76.297510341407445, 11.638572821052518 ], [ 76.297510341407445, 11.639471136336638 ], [ 76.298408656691564, 11.639471136336637 ], [ 76.298408656691564, 11.63857282105252 ], [ 76.3002052872598, 11.63857282105252 ], [ 76.3002052872598, 11.639471136336642 ], [ 76.301103602543918, 11.639471136336637 ], [ 76.301103602543918, 11.640369451620757 ], [ 76.302001917828051, 11.640369451620762 ], [ 76.302001917828051, 11.641267766904878 ], [ 76.303798548396273, 11.641267766904878 ], [ 76.303798548396273, 11.642166082189002 ], [ 76.304696863680405, 11.642166082189 ], [ 76.304696863680405, 11.643064397473115 ], [ 76.305595178964523, 11.643064397473115 ], [ 76.305595178964523, 11.643962712757238 ], [ 76.307391809532774, 11.643962712757236 ], [ 76.307391809532774, 11.644861028041356 ], [ 76.310086755385115, 11.644861028041355 ], [ 76.310086755385115, 11.646657658609595 ], [ 76.310985070669233, 11.646657658609595 ], [ 76.310985070669233, 11.647555973893716 ], [ 76.311883385953351, 11.647555973893715 ], [ 76.311883385953351, 11.652945865598431 ], [ 76.310985070669233, 11.652945865598429 ], [ 76.310985070669233, 11.651149235030191 ], [ 76.310086755385115, 11.651149235030193 ], [ 76.310086755385115, 11.647555973893716 ], [ 76.308290124816878, 11.647555973893716 ], [ 76.308290124816878, 11.645759343325475 ], [ 76.306493494248642, 11.645759343325475 ], [ 76.306493494248642, 11.647555973893715 ], [ 76.307391809532774, 11.647555973893716 ], [ 76.307391809532774, 11.648454289177836 ], [ 76.306493494248642, 11.648454289177836 ], [ 76.306493494248642, 11.649352604461953 ], [ 76.305595178964523, 11.649352604461956 ], [ 76.305595178964523, 11.648454289177836 ], [ 76.3002052872598, 11.648454289177836 ], [ 76.3002052872598, 11.647555973893716 ], [ 76.299306971975682, 11.647555973893716 ], [ 76.299306971975682, 11.648454289177836 ], [ 76.298408656691564, 11.648454289177838 ], [ 76.298408656691564, 11.650250919746075 ], [ 76.299306971975682, 11.650250919746075 ], [ 76.299306971975682, 11.652945865598433 ], [ 76.3002052872598, 11.652945865598431 ], [ 76.3002052872598, 11.653844180882551 ], [ 76.302900233112155, 11.653844180882551 ], [ 76.302900233112155, 11.652047550314316 ], [ 76.303798548396273, 11.652047550314311 ], [ 76.303798548396273, 11.651149235030191 ], [ 76.304696863680405, 11.651149235030195 ], [ 76.304696863680405, 11.652047550314316 ], [ 76.307391809532774, 11.652047550314315 ], [ 76.307391809532774, 11.652945865598433 ], [ 76.308290124816878, 11.652945865598431 ], [ 76.308290124816878, 11.651149235030193 ], [ 76.307391809532774, 11.651149235030193 ], [ 76.307391809532774, 11.650250919746069 ], [ 76.309188440100996, 11.650250919746075 ], [ 76.309188440100996, 11.652945865598431 ], [ 76.310086755385115, 11.652945865598435 ], [ 76.310086755385115, 11.653844180882549 ], [ 76.310985070669233, 11.653844180882551 ], [ 76.310985070669233, 11.655640811450791 ], [ 76.309188440100996, 11.655640811450789 ], [ 76.309188440100996, 11.654742496166669 ], [ 76.308290124816878, 11.654742496166671 ], [ 76.308290124816878, 11.656539126734911 ], [ 76.307391809532774, 11.656539126734913 ], [ 76.307391809532774, 11.658335757303149 ], [ 76.304696863680405, 11.658335757303151 ], [ 76.304696863680405, 11.657437442019031 ], [ 76.306493494248642, 11.657437442019029 ], [ 76.306493494248642, 11.654742496166675 ], [ 76.305595178964523, 11.654742496166673 ], [ 76.305595178964523, 11.653844180882553 ], [ 76.304696863680405, 11.653844180882551 ], [ 76.304696863680405, 11.656539126734911 ], [ 76.303798548396273, 11.656539126734911 ], [ 76.303798548396273, 11.657437442019029 ], [ 76.302900233112155, 11.657437442019031 ], [ 76.302900233112155, 11.655640811450789 ], [ 76.302001917828051, 11.655640811450791 ], [ 76.302001917828051, 11.654742496166675 ], [ 76.3002052872598, 11.654742496166671 ], [ 76.3002052872598, 11.656539126734909 ], [ 76.298408656691564, 11.656539126734911 ], [ 76.298408656691564, 11.658335757303149 ], [ 76.3002052872598, 11.658335757303151 ], [ 76.3002052872598, 11.659234072587269 ], [ 76.299306971975682, 11.659234072587269 ], [ 76.299306971975682, 11.660132387871389 ], [ 76.3002052872598, 11.660132387871387 ], [ 76.3002052872598, 11.661030703155511 ], [ 76.298408656691564, 11.661030703155511 ], [ 76.298408656691564, 11.661929018439631 ], [ 76.296612026123327, 11.661929018439631 ], [ 76.296612026123327, 11.662827333723744 ], [ 76.295713710839209, 11.662827333723744 ], [ 76.295713710839209, 11.661929018439629 ], [ 76.294815395555091, 11.661929018439629 ], [ 76.294815395555091, 11.664623964291986 ], [ 76.295713710839209, 11.664623964291986 ], [ 76.295713710839209, 11.668217225428464 ], [ 76.294815395555091, 11.668217225428466 ], [ 76.294815395555091, 11.669115540712582 ], [ 76.292120449702722, 11.669115540712584 ], [ 76.292120449702722, 11.668217225428466 ], [ 76.293917080270958, 11.668217225428462 ], [ 76.293917080270958, 11.666420594860224 ], [ 76.29301876498684, 11.666420594860224 ], [ 76.29301876498684, 11.664623964291987 ], [ 76.292120449702722, 11.664623964291987 ], [ 76.292120449702722, 11.666420594860226 ], [ 76.291222134418604, 11.666420594860226 ], [ 76.291222134418604, 11.669115540712585 ], [ 76.290323819134485, 11.669115540712585 ], [ 76.290323819134485, 11.668217225428466 ], [ 76.289425503850367, 11.668217225428466 ], [ 76.289425503850367, 11.667318910144346 ], [ 76.288527188566249, 11.667318910144347 ], [ 76.288527188566249, 11.665522279576107 ], [ 76.287628873282131, 11.665522279576106 ], [ 76.287628873282131, 11.661929018439631 ], [ 76.286730557998013, 11.661929018439631 ], [ 76.286730557998013, 11.661030703155511 ], [ 76.287628873282131, 11.661030703155511 ], [ 76.287628873282131, 11.659234072587269 ], [ 76.286730557998013, 11.659234072587269 ], [ 76.286730557998013, 11.660132387871389 ], [ 76.284035612145644, 11.660132387871387 ], [ 76.284035612145644, 11.661030703155511 ], [ 76.283137296861526, 11.661030703155511 ], [ 76.283137296861526, 11.662827333723749 ], [ 76.285832242713894, 11.662827333723749 ], [ 76.285832242713894, 11.664623964291987 ], [ 76.286730557998013, 11.664623964291987 ], [ 76.286730557998013, 11.666420594860224 ], [ 76.285832242713894, 11.666420594860224 ], [ 76.285832242713894, 11.669115540712584 ], [ 76.284933927429776, 11.669115540712582 ], [ 76.284933927429776, 11.670013855996705 ], [ 76.284035612145644, 11.670013855996704 ], [ 76.284035612145644, 11.671810486564944 ], [ 76.281340666293289, 11.671810486564942 ], [ 76.281340666293289, 11.670912171280824 ], [ 76.282238981577407, 11.670912171280822 ], [ 76.282238981577407, 11.670013855996704 ], [ 76.283137296861526, 11.670013855996705 ], [ 76.283137296861526, 11.666420594860227 ], [ 76.281340666293289, 11.666420594860226 ], [ 76.281340666293289, 11.665522279576106 ], [ 76.280442351009171, 11.665522279576107 ], [ 76.280442351009171, 11.667318910144347 ], [ 76.278645720440934, 11.667318910144346 ], [ 76.278645720440934, 11.668217225428466 ], [ 76.277747405156816, 11.668217225428464 ], [ 76.277747405156816, 11.66642059486022 ], [ 76.276849089872698, 11.666420594860224 ], [ 76.276849089872698, 11.665522279576107 ], [ 76.275052459304462, 11.665522279576106 ], [ 76.275052459304462, 11.666420594860226 ], [ 76.273255828736211, 11.666420594860226 ], [ 76.273255828736211, 11.667318910144344 ], [ 76.274154144020329, 11.667318910144346 ], [ 76.274154144020329, 11.669115540712587 ], [ 76.272357513452093, 11.669115540712584 ], [ 76.272357513452093, 11.667318910144346 ], [ 76.269662567599738, 11.667318910144347 ], [ 76.269662567599738, 11.668217225428466 ], [ 76.26876425231562, 11.668217225428466 ], [ 76.26876425231562, 11.671810486564945 ], [ 76.269662567599738, 11.671810486564942 ], [ 76.269662567599738, 11.672708801849064 ], [ 76.267865937031502, 11.672708801849064 ], [ 76.267865937031502, 11.671810486564942 ], [ 76.266967621747384, 11.671810486564942 ], [ 76.266967621747384, 11.670912171280824 ], [ 76.266069306463265, 11.670912171280824 ] ], [ [ 76.264272675895015, 11.684386900542618 ], [ 76.264272675895015, 11.683488585258498 ], [ 76.265170991179147, 11.683488585258495 ], [ 76.265170991179147, 11.684386900542616 ], [ 76.264272675895015, 11.684386900542618 ] ], [ [ 76.275052459304462, 11.694268368667929 ], [ 76.275052459304462, 11.693370053383809 ], [ 76.27595077458858, 11.693370053383813 ], [ 76.27595077458858, 11.694268368667933 ], [ 76.275052459304462, 11.694268368667929 ] ], [ [ 76.27595077458858, 11.694268368667933 ], [ 76.276849089872698, 11.694268368667929 ], [ 76.276849089872698, 11.695166683952049 ], [ 76.27595077458858, 11.695166683952049 ], [ 76.27595077458858, 11.694268368667933 ] ], [ [ 76.276849089872698, 11.694268368667929 ], [ 76.276849089872698, 11.690675107531451 ], [ 76.277747405156816, 11.690675107531453 ], [ 76.277747405156816, 11.694268368667929 ], [ 76.276849089872698, 11.694268368667929 ] ], [ [ 76.277747405156816, 11.694268368667929 ], [ 76.278645720440934, 11.694268368667929 ], [ 76.278645720440934, 11.695166683952049 ], [ 76.277747405156816, 11.695166683952049 ], [ 76.277747405156816, 11.694268368667929 ] ], [ [ 76.271459198167975, 11.725709403612111 ], [ 76.271459198167975, 11.724811088327995 ], [ 76.269662567599738, 11.724811088327993 ], [ 76.269662567599738, 11.723912773043873 ], [ 76.272357513452093, 11.723912773043875 ], [ 76.272357513452093, 11.725709403612115 ], [ 76.271459198167975, 11.725709403612111 ] ], [ [ 76.262476045326778, 11.738285817589787 ], [ 76.262476045326778, 11.737387502305667 ], [ 76.263374360610896, 11.737387502305667 ], [ 76.263374360610896, 11.738285817589782 ], [ 76.262476045326778, 11.738285817589787 ] ], [ [ 76.263374360610896, 11.737387502305667 ], [ 76.263374360610896, 11.736489187021547 ], [ 76.264272675895015, 11.736489187021549 ], [ 76.264272675895015, 11.737387502305669 ], [ 76.263374360610896, 11.737387502305667 ] ], [ [ 76.267865937031502, 11.740082448158025 ], [ 76.267865937031502, 11.739184132873904 ], [ 76.26876425231562, 11.739184132873909 ], [ 76.26876425231562, 11.740082448158027 ], [ 76.267865937031502, 11.740082448158025 ] ], [ [ 76.280442351009171, 11.747268970430984 ], [ 76.282238981577407, 11.747268970430985 ], [ 76.282238981577407, 11.748167285715104 ], [ 76.281340666293289, 11.748167285715104 ], [ 76.281340666293289, 11.74906560099922 ], [ 76.280442351009171, 11.749065600999222 ], [ 76.280442351009171, 11.747268970430984 ] ], [ [ 76.275052459304462, 11.790388104068716 ], [ 76.276849089872698, 11.790388104068716 ], [ 76.276849089872698, 11.791286419352842 ], [ 76.278645720440934, 11.79128641935284 ], [ 76.278645720440934, 11.792184734636958 ], [ 76.27595077458858, 11.792184734636956 ], [ 76.27595077458858, 11.791286419352842 ], [ 76.275052459304462, 11.791286419352843 ], [ 76.275052459304462, 11.790388104068716 ] ], [ [ 76.288527188566249, 11.793981365205196 ], [ 76.287628873282131, 11.793981365205198 ], [ 76.287628873282131, 11.793083049921076 ], [ 76.288527188566249, 11.79308304992108 ], [ 76.288527188566249, 11.793981365205196 ] ], [ [ 76.333442952772231, 11.739184132873905 ], [ 76.333442952772231, 11.741879078726265 ], [ 76.332544637488098, 11.741879078726262 ], [ 76.332544637488098, 11.740980763442145 ], [ 76.330748006919862, 11.740980763442147 ], [ 76.330748006919862, 11.740082448158029 ], [ 76.33164632220398, 11.740082448158027 ], [ 76.33164632220398, 11.739184132873907 ], [ 76.333442952772231, 11.739184132873905 ] ], [ [ 76.328053061067507, 11.731099295316829 ], [ 76.328053061067507, 11.731997610600949 ], [ 76.327154745783389, 11.731997610600949 ], [ 76.327154745783389, 11.731099295316829 ], [ 76.328053061067507, 11.731099295316829 ] ], [ [ 76.33164632220398, 11.71492962020268 ], [ 76.330748006919862, 11.71492962020268 ], [ 76.330748006919862, 11.71403130491856 ], [ 76.33164632220398, 11.714031304918558 ], [ 76.33164632220398, 11.71492962020268 ] ], [ [ 76.346917682034018, 11.705048152077365 ], [ 76.3460193667499, 11.705048152077362 ], [ 76.3460193667499, 11.704149836793245 ], [ 76.346917682034018, 11.704149836793244 ], [ 76.346917682034018, 11.705048152077365 ] ], [ [ 76.328053061067507, 11.641267766904878 ], [ 76.328053061067507, 11.642166082188998 ], [ 76.326256430499271, 11.642166082189 ], [ 76.326256430499271, 11.641267766904877 ], [ 76.328053061067507, 11.641267766904878 ] ], [ [ 76.310086755385115, 11.644861028041355 ], [ 76.310086755385115, 11.643962712757236 ], [ 76.310985070669233, 11.643962712757236 ], [ 76.310985070669233, 11.644861028041355 ], [ 76.310086755385115, 11.644861028041355 ] ], [ [ 76.311883385953351, 11.647555973893715 ], [ 76.311883385953351, 11.645759343325476 ], [ 76.313680016521587, 11.645759343325475 ], [ 76.313680016521587, 11.644861028041355 ], [ 76.316374962373956, 11.644861028041355 ], [ 76.316374962373956, 11.643962712757236 ], [ 76.317273277658074, 11.643962712757236 ], [ 76.317273277658074, 11.645759343325476 ], [ 76.315476647089838, 11.645759343325475 ], [ 76.315476647089838, 11.646657658609595 ], [ 76.31457833180572, 11.646657658609595 ], [ 76.31457833180572, 11.647555973893716 ], [ 76.316374962373956, 11.647555973893716 ], [ 76.316374962373956, 11.649352604461953 ], [ 76.31457833180572, 11.649352604461953 ], [ 76.31457833180572, 11.648454289177836 ], [ 76.312781701237469, 11.648454289177836 ], [ 76.312781701237469, 11.647555973893716 ], [ 76.311883385953351, 11.647555973893715 ] ], [ [ 76.294815395555091, 11.669115540712582 ], [ 76.295713710839209, 11.669115540712584 ], [ 76.295713710839209, 11.670013855996705 ], [ 76.294815395555091, 11.670013855996704 ], [ 76.294815395555091, 11.669115540712582 ] ], [ [ 76.294815395555091, 11.670013855996704 ], [ 76.294815395555091, 11.670912171280824 ], [ 76.293917080270958, 11.670912171280825 ], [ 76.293917080270958, 11.671810486564942 ], [ 76.29301876498684, 11.671810486564942 ], [ 76.29301876498684, 11.672708801849062 ], [ 76.292120449702722, 11.672708801849064 ], [ 76.292120449702722, 11.671810486564942 ], [ 76.291222134418604, 11.671810486564942 ], [ 76.291222134418604, 11.670912171280824 ], [ 76.292120449702722, 11.670912171280825 ], [ 76.292120449702722, 11.670013855996704 ], [ 76.294815395555091, 11.670013855996704 ] ], [ [ 76.281340666293289, 11.670912171280824 ], [ 76.280442351009171, 11.670912171280824 ], [ 76.280442351009171, 11.672708801849062 ], [ 76.281340666293289, 11.672708801849064 ], [ 76.281340666293289, 11.67360711713318 ], [ 76.282238981577407, 11.67360711713318 ], [ 76.282238981577407, 11.67630206298554 ], [ 76.283137296861526, 11.67630206298554 ], [ 76.283137296861526, 11.677200378269662 ], [ 76.281340666293289, 11.677200378269662 ], [ 76.281340666293289, 11.678997008837896 ], [ 76.283137296861526, 11.678997008837898 ], [ 76.283137296861526, 11.679895324122015 ], [ 76.284035612145644, 11.679895324122016 ], [ 76.284035612145644, 11.680793639406136 ], [ 76.282238981577407, 11.680793639406136 ], [ 76.282238981577407, 11.683488585258495 ], [ 76.283137296861526, 11.683488585258498 ], [ 76.283137296861526, 11.684386900542618 ], [ 76.284035612145644, 11.684386900542616 ], [ 76.284035612145644, 11.685285215826736 ], [ 76.281340666293289, 11.685285215826736 ], [ 76.281340666293289, 11.683488585258493 ], [ 76.279544035725053, 11.683488585258496 ], [ 76.279544035725053, 11.686183531110858 ], [ 76.278645720440934, 11.686183531110858 ], [ 76.278645720440934, 11.687081846394975 ], [ 76.281340666293289, 11.687081846394973 ], [ 76.281340666293289, 11.686183531110856 ], [ 76.282238981577407, 11.686183531110856 ], [ 76.282238981577407, 11.687980161679093 ], [ 76.283137296861526, 11.687980161679095 ], [ 76.283137296861526, 11.688878476963215 ], [ 76.284035612145644, 11.688878476963211 ], [ 76.284035612145644, 11.687980161679093 ], [ 76.284933927429776, 11.687980161679095 ], [ 76.284933927429776, 11.690675107531451 ], [ 76.284035612145644, 11.690675107531451 ], [ 76.284035612145644, 11.689776792247335 ], [ 76.282238981577407, 11.689776792247333 ], [ 76.282238981577407, 11.690675107531453 ], [ 76.281340666293289, 11.690675107531451 ], [ 76.281340666293289, 11.689776792247333 ], [ 76.279544035725053, 11.689776792247336 ], [ 76.279544035725053, 11.688878476963215 ], [ 76.278645720440934, 11.688878476963213 ], [ 76.278645720440934, 11.687980161679091 ], [ 76.277747405156816, 11.687980161679093 ], [ 76.277747405156816, 11.687081846394976 ], [ 76.275052459304462, 11.687081846394973 ], [ 76.275052459304462, 11.688878476963213 ], [ 76.274154144020329, 11.688878476963215 ], [ 76.274154144020329, 11.687980161679089 ], [ 76.273255828736211, 11.687980161679095 ], [ 76.273255828736211, 11.684386900542618 ], [ 76.274154144020329, 11.684386900542616 ], [ 76.274154144020329, 11.683488585258496 ], [ 76.272357513452093, 11.683488585258496 ], [ 76.272357513452093, 11.682590269974378 ], [ 76.273255828736211, 11.682590269974375 ], [ 76.273255828736211, 11.680793639406138 ], [ 76.272357513452093, 11.680793639406138 ], [ 76.272357513452093, 11.679895324122015 ], [ 76.271459198167975, 11.679895324122016 ], [ 76.271459198167975, 11.678997008837896 ], [ 76.270560882883856, 11.678997008837896 ], [ 76.270560882883856, 11.681691954690255 ], [ 76.267865937031502, 11.681691954690258 ], [ 76.267865937031502, 11.680793639406138 ], [ 76.266967621747384, 11.680793639406136 ], [ 76.266967621747384, 11.679895324122016 ], [ 76.266069306463265, 11.679895324122015 ], [ 76.266069306463265, 11.67809869355378 ], [ 76.266967621747384, 11.67809869355378 ], [ 76.266967621747384, 11.677200378269658 ], [ 76.269662567599738, 11.67720037826966 ], [ 76.269662567599738, 11.674505432417304 ], [ 76.270560882883856, 11.674505432417304 ], [ 76.270560882883856, 11.67360711713318 ], [ 76.271459198167975, 11.67360711713318 ], [ 76.271459198167975, 11.67270880184906 ], [ 76.273255828736211, 11.672708801849062 ], [ 76.273255828736211, 11.673607117133184 ], [ 76.275052459304462, 11.673607117133182 ], [ 76.275052459304462, 11.672708801849064 ], [ 76.27595077458858, 11.672708801849064 ], [ 76.27595077458858, 11.671810486564942 ], [ 76.276849089872698, 11.671810486564942 ], [ 76.276849089872698, 11.670013855996702 ], [ 76.281340666293289, 11.670013855996704 ], [ 76.281340666293289, 11.670912171280824 ] ], [ [ 76.283137296861526, 11.67630206298554 ], [ 76.283137296861526, 11.67540374770142 ], [ 76.284035612145644, 11.67540374770142 ], [ 76.284035612145644, 11.6745054324173 ], [ 76.284933927429776, 11.674505432417304 ], [ 76.284933927429776, 11.675403747701422 ], [ 76.285832242713894, 11.675403747701418 ], [ 76.285832242713894, 11.67630206298554 ], [ 76.283137296861526, 11.67630206298554 ] ], [ [ 76.275052459304462, 11.688878476963213 ], [ 76.27595077458858, 11.688878476963215 ], [ 76.27595077458858, 11.689776792247333 ], [ 76.275052459304462, 11.689776792247333 ], [ 76.275052459304462, 11.688878476963213 ] ], [ [ 76.354104204306978, 11.650250919746073 ], [ 76.354104204306978, 11.648454289177836 ], [ 76.355900834875214, 11.648454289177835 ], [ 76.355900834875214, 11.649352604461955 ], [ 76.355002519591096, 11.649352604461953 ], [ 76.355002519591096, 11.650250919746073 ], [ 76.354104204306978, 11.650250919746073 ] ], [ [ 76.350510943170491, 11.644861028041356 ], [ 76.350510943170491, 11.643962712757238 ], [ 76.351409258454623, 11.643962712757238 ], [ 76.351409258454623, 11.644861028041358 ], [ 76.350510943170491, 11.644861028041356 ] ], [ [ 76.349612627886373, 11.647555973893716 ], [ 76.349612627886373, 11.646657658609595 ], [ 76.350510943170491, 11.646657658609595 ], [ 76.350510943170491, 11.647555973893716 ], [ 76.349612627886373, 11.647555973893716 ] ], [ [ 76.340629475045176, 11.642166082188997 ], [ 76.340629475045176, 11.64126776690488 ], [ 76.341527790329295, 11.641267766904875 ], [ 76.341527790329295, 11.642166082188998 ], [ 76.340629475045176, 11.642166082188997 ] ], [ [ 76.341527790329295, 11.641267766904875 ], [ 76.341527790329295, 11.640369451620758 ], [ 76.342426105613413, 11.640369451620758 ], [ 76.342426105613413, 11.64126776690488 ], [ 76.341527790329295, 11.641267766904875 ] ], [ [ 76.328053061067507, 11.735590871737426 ], [ 76.328053061067507, 11.732895925885069 ], [ 76.328951376351625, 11.732895925885069 ], [ 76.328951376351625, 11.735590871737427 ], [ 76.328053061067507, 11.735590871737426 ] ], [ [ 76.327154745783389, 11.723014457759758 ], [ 76.327154745783389, 11.722116142475638 ], [ 76.328053061067507, 11.722116142475638 ], [ 76.328053061067507, 11.723014457759756 ], [ 76.327154745783389, 11.723014457759758 ] ], [ [ 76.319069908226311, 11.648454289177836 ], [ 76.319069908226311, 11.646657658609595 ], [ 76.320866538794547, 11.646657658609595 ], [ 76.320866538794547, 11.648454289177835 ], [ 76.319069908226311, 11.648454289177836 ] ], [ [ 76.299306971975682, 11.670013855996702 ], [ 76.299306971975682, 11.669115540712584 ], [ 76.3002052872598, 11.669115540712584 ], [ 76.3002052872598, 11.670013855996704 ], [ 76.299306971975682, 11.670013855996702 ] ], [ [ 76.294815395555091, 11.676302062985538 ], [ 76.294815395555091, 11.67540374770142 ], [ 76.295713710839209, 11.675403747701422 ], [ 76.295713710839209, 11.676302062985542 ], [ 76.294815395555091, 11.676302062985538 ] ], [ [ 76.291222134418604, 11.781404951227524 ], [ 76.291222134418604, 11.780506635943407 ], [ 76.292120449702722, 11.780506635943404 ], [ 76.292120449702722, 11.781404951227525 ], [ 76.291222134418604, 11.781404951227524 ] ], [ [ 76.279544035725053, 11.710438043782084 ], [ 76.279544035725053, 11.709539728497964 ], [ 76.280442351009171, 11.709539728497965 ], [ 76.280442351009171, 11.710438043782084 ], [ 76.279544035725053, 11.710438043782084 ] ], [ [ 76.280442351009171, 11.709539728497965 ], [ 76.280442351009171, 11.707743097929724 ], [ 76.281340666293289, 11.707743097929722 ], [ 76.281340666293289, 11.706844782645604 ], [ 76.278645720440934, 11.706844782645602 ], [ 76.278645720440934, 11.705048152077364 ], [ 76.279544035725053, 11.705048152077365 ], [ 76.279544035725053, 11.703251521509126 ], [ 76.280442351009171, 11.703251521509124 ], [ 76.280442351009171, 11.704149836793244 ], [ 76.282238981577407, 11.704149836793242 ], [ 76.282238981577407, 11.702353206225007 ], [ 76.281340666293289, 11.702353206225007 ], [ 76.281340666293289, 11.700556575656766 ], [ 76.283137296861526, 11.700556575656766 ], [ 76.283137296861526, 11.704149836793244 ], [ 76.284035612145644, 11.704149836793244 ], [ 76.284035612145644, 11.705946467361484 ], [ 76.284933927429776, 11.705946467361484 ], [ 76.284933927429776, 11.705048152077365 ], [ 76.286730557998013, 11.705048152077365 ], [ 76.286730557998013, 11.708641413213845 ], [ 76.288527188566249, 11.708641413213844 ], [ 76.288527188566249, 11.709539728497964 ], [ 76.286730557998013, 11.709539728497962 ], [ 76.286730557998013, 11.710438043782084 ], [ 76.282238981577407, 11.710438043782084 ], [ 76.282238981577407, 11.709539728497964 ], [ 76.280442351009171, 11.709539728497965 ] ], [ [ 76.288527188566249, 11.708641413213844 ], [ 76.288527188566249, 11.705946467361485 ], [ 76.289425503850367, 11.705946467361482 ], [ 76.289425503850367, 11.708641413213845 ], [ 76.288527188566249, 11.708641413213844 ] ], [ [ 76.288527188566249, 11.709539728497964 ], [ 76.290323819134485, 11.709539728497964 ], [ 76.290323819134485, 11.710438043782084 ], [ 76.288527188566249, 11.710438043782084 ], [ 76.288527188566249, 11.709539728497964 ] ], [ [ 76.287628873282131, 11.695166683952051 ], [ 76.287628873282131, 11.694268368667929 ], [ 76.288527188566249, 11.694268368667933 ], [ 76.288527188566249, 11.695166683952049 ], [ 76.287628873282131, 11.695166683952051 ] ], [ [ 76.284035612145644, 11.788591473500482 ], [ 76.284035612145644, 11.78679484293224 ], [ 76.284933927429776, 11.78679484293224 ], [ 76.284933927429776, 11.788591473500478 ], [ 76.284035612145644, 11.788591473500482 ] ], [ [ 76.283137296861526, 11.712234674350325 ], [ 76.283137296861526, 11.711336359066204 ], [ 76.284035612145644, 11.711336359066202 ], [ 76.284035612145644, 11.712234674350324 ], [ 76.283137296861526, 11.712234674350325 ] ], [ [ 76.283137296861526, 11.79038810406872 ], [ 76.283137296861526, 11.7894897887846 ], [ 76.284035612145644, 11.789489788784598 ], [ 76.284035612145644, 11.790388104068716 ], [ 76.283137296861526, 11.79038810406872 ] ], [ [ 76.280442351009171, 11.693370053383813 ], [ 76.280442351009171, 11.692471738099691 ], [ 76.281340666293289, 11.692471738099691 ], [ 76.281340666293289, 11.693370053383813 ], [ 76.280442351009171, 11.693370053383813 ] ], [ [ 76.281340666293289, 11.692471738099691 ], [ 76.281340666293289, 11.691573422815569 ], [ 76.282238981577407, 11.691573422815571 ], [ 76.282238981577407, 11.692471738099691 ], [ 76.281340666293289, 11.692471738099691 ] ], [ [ 76.280442351009171, 11.778710005375165 ], [ 76.280442351009171, 11.776015059522809 ], [ 76.281340666293289, 11.776015059522807 ], [ 76.281340666293289, 11.777811690091047 ], [ 76.282238981577407, 11.777811690091047 ], [ 76.282238981577407, 11.778710005375165 ], [ 76.280442351009171, 11.778710005375165 ] ], [ [ 76.278645720440934, 11.700556575656764 ], [ 76.278645720440934, 11.697861629804407 ], [ 76.279544035725053, 11.697861629804411 ], [ 76.279544035725053, 11.700556575656767 ], [ 76.278645720440934, 11.700556575656764 ] ], [ [ 76.279544035725053, 11.700556575656767 ], [ 76.280442351009171, 11.700556575656767 ], [ 76.280442351009171, 11.701454890940886 ], [ 76.279544035725053, 11.701454890940887 ], [ 76.279544035725053, 11.700556575656767 ] ], [ [ 76.278645720440934, 11.708641413213844 ], [ 76.278645720440934, 11.707743097929722 ], [ 76.279544035725053, 11.707743097929722 ], [ 76.279544035725053, 11.708641413213845 ], [ 76.278645720440934, 11.708641413213844 ] ], [ [ 76.275052459304462, 11.777811690091045 ], [ 76.275052459304462, 11.776913374806925 ], [ 76.27595077458858, 11.776913374806922 ], [ 76.27595077458858, 11.777811690091045 ], [ 76.275052459304462, 11.777811690091045 ] ], [ [ 76.27595077458858, 11.776913374806922 ], [ 76.27595077458858, 11.776015059522805 ], [ 76.276849089872698, 11.776015059522807 ], [ 76.276849089872698, 11.775116744238691 ], [ 76.277747405156816, 11.775116744238689 ], [ 76.277747405156816, 11.776913374806925 ], [ 76.278645720440934, 11.776913374806929 ], [ 76.278645720440934, 11.776015059522807 ], [ 76.279544035725053, 11.776015059522805 ], [ 76.279544035725053, 11.777811690091045 ], [ 76.276849089872698, 11.777811690091047 ], [ 76.276849089872698, 11.776913374806924 ], [ 76.27595077458858, 11.776913374806922 ] ], [ [ 76.277747405156816, 11.710438043782084 ], [ 76.277747405156816, 11.709539728497964 ], [ 76.278645720440934, 11.709539728497962 ], [ 76.278645720440934, 11.710438043782084 ], [ 76.277747405156816, 11.710438043782084 ] ], [ [ 76.276849089872698, 11.771523483102214 ], [ 76.276849089872698, 11.770625167818089 ], [ 76.27595077458858, 11.770625167818091 ], [ 76.27595077458858, 11.768828537249849 ], [ 76.276849089872698, 11.768828537249849 ], [ 76.276849089872698, 11.769726852533969 ], [ 76.277747405156816, 11.769726852533969 ], [ 76.277747405156816, 11.771523483102211 ], [ 76.276849089872698, 11.771523483102214 ] ], [ [ 76.276849089872698, 11.768828537249849 ], [ 76.276849089872698, 11.767031906681614 ], [ 76.277747405156816, 11.767031906681613 ], [ 76.277747405156816, 11.768828537249849 ], [ 76.276849089872698, 11.768828537249849 ] ], [ [ 76.276849089872698, 11.799371256909918 ], [ 76.276849089872698, 11.798472941625793 ], [ 76.277747405156816, 11.798472941625796 ], [ 76.277747405156816, 11.799371256909916 ], [ 76.276849089872698, 11.799371256909918 ] ], [ [ 76.27595077458858, 11.794879680489316 ], [ 76.27595077458858, 11.793981365205196 ], [ 76.276849089872698, 11.793981365205196 ], [ 76.276849089872698, 11.794879680489316 ], [ 76.27595077458858, 11.794879680489316 ] ], [ [ 76.274154144020329, 11.762540330261015 ], [ 76.274154144020329, 11.761642014976896 ], [ 76.275052459304462, 11.761642014976895 ], [ 76.275052459304462, 11.762540330261016 ], [ 76.274154144020329, 11.762540330261015 ] ], [ [ 76.273255828736211, 11.741879078726264 ], [ 76.273255828736211, 11.740082448158025 ], [ 76.274154144020329, 11.740082448158029 ], [ 76.274154144020329, 11.74187907872626 ], [ 76.273255828736211, 11.741879078726264 ] ], [ [ 76.271459198167975, 11.764336960829253 ], [ 76.271459198167975, 11.763438645545133 ], [ 76.273255828736211, 11.763438645545133 ], [ 76.273255828736211, 11.764336960829258 ], [ 76.271459198167975, 11.764336960829253 ] ], [ [ 76.266967621747384, 11.761642014976896 ], [ 76.266967621747384, 11.760743699692775 ], [ 76.267865937031502, 11.760743699692775 ], [ 76.267865937031502, 11.761642014976895 ], [ 76.266967621747384, 11.761642014976896 ] ], [ [ 76.265170991179147, 11.681691954690258 ], [ 76.265170991179147, 11.680793639406136 ], [ 76.266069306463265, 11.680793639406135 ], [ 76.266069306463265, 11.681691954690258 ], [ 76.265170991179147, 11.681691954690258 ] ] ], [ [ [ 76.357697465443451, 11.646657658609596 ], [ 76.359494096011687, 11.646657658609596 ], [ 76.359494096011687, 11.645759343325476 ], [ 76.360392411295805, 11.645759343325476 ], [ 76.360392411295805, 11.643962712757242 ], [ 76.359494096011687, 11.643962712757238 ], [ 76.359494096011687, 11.643064397473117 ], [ 76.358595780727569, 11.643064397473117 ], [ 76.358595780727569, 11.642166082188997 ], [ 76.359494096011687, 11.642166082188998 ], [ 76.359494096011687, 11.641267766904877 ], [ 76.358595780727569, 11.64126776690488 ], [ 76.358595780727569, 11.64036945162076 ], [ 76.357697465443451, 11.64036945162076 ], [ 76.357697465443451, 11.638572821052518 ], [ 76.356799150159347, 11.638572821052518 ], [ 76.356799150159347, 11.641267766904877 ], [ 76.357697465443451, 11.641267766904878 ], [ 76.357697465443451, 11.646657658609596 ] ], [ [ 76.359494096011687, 11.643962712757238 ], [ 76.359494096011687, 11.644861028041356 ], [ 76.358595780727569, 11.644861028041355 ], [ 76.358595780727569, 11.64396271275724 ], [ 76.359494096011687, 11.643962712757238 ] ] ], [ [ [ 76.252594577201478, 11.652945865598431 ], [ 76.252594577201478, 11.653844180882555 ], [ 76.253492892485582, 11.653844180882549 ], [ 76.253492892485582, 11.654742496166675 ], [ 76.254391207769714, 11.654742496166673 ], [ 76.254391207769714, 11.653844180882553 ], [ 76.256187838337951, 11.653844180882551 ], [ 76.256187838337951, 11.654742496166671 ], [ 76.259781099474438, 11.654742496166673 ], [ 76.259781099474438, 11.653844180882551 ], [ 76.260679414758542, 11.653844180882549 ], [ 76.260679414758542, 11.652945865598433 ], [ 76.262476045326778, 11.652945865598431 ], [ 76.262476045326778, 11.651149235030195 ], [ 76.26157773004266, 11.651149235030193 ], [ 76.26157773004266, 11.650250919746069 ], [ 76.263374360610896, 11.650250919746073 ], [ 76.263374360610896, 11.649352604461955 ], [ 76.262476045326778, 11.649352604461955 ], [ 76.262476045326778, 11.648454289177836 ], [ 76.26157773004266, 11.648454289177836 ], [ 76.26157773004266, 11.646657658609595 ], [ 76.260679414758542, 11.646657658609595 ], [ 76.260679414758542, 11.647555973893716 ], [ 76.259781099474438, 11.647555973893716 ], [ 76.259781099474438, 11.649352604461955 ], [ 76.256187838337951, 11.649352604461955 ], [ 76.256187838337951, 11.650250919746071 ], [ 76.255289523053818, 11.650250919746075 ], [ 76.255289523053818, 11.652047550314316 ], [ 76.253492892485582, 11.652047550314315 ], [ 76.253492892485582, 11.652945865598433 ], [ 76.252594577201478, 11.652945865598431 ] ], [ [ 76.257086153622069, 11.652945865598429 ], [ 76.257086153622069, 11.652047550314313 ], [ 76.257984468906201, 11.652047550314313 ], [ 76.257984468906201, 11.652945865598431 ], [ 76.257086153622069, 11.652945865598429 ] ] ], [ [ [ 76.252594577201478, 11.652945865598431 ], [ 76.252594577201478, 11.652047550314313 ], [ 76.253492892485582, 11.652047550314315 ], [ 76.253492892485582, 11.650250919746075 ], [ 76.252594577201478, 11.650250919746073 ], [ 76.252594577201478, 11.648454289177836 ], [ 76.251696261917346, 11.648454289177836 ], [ 76.251696261917346, 11.649352604461956 ], [ 76.250797946633227, 11.649352604461955 ], [ 76.250797946633227, 11.645759343325476 ], [ 76.249899631349109, 11.645759343325475 ], [ 76.249899631349109, 11.646657658609595 ], [ 76.249001316064991, 11.646657658609595 ], [ 76.249001316064991, 11.649352604461956 ], [ 76.247204685496754, 11.649352604461955 ], [ 76.247204685496754, 11.650250919746075 ], [ 76.245408054928504, 11.650250919746076 ], [ 76.245408054928504, 11.651149235030196 ], [ 76.243611424360267, 11.651149235030196 ], [ 76.243611424360267, 11.650250919746075 ], [ 76.240916478507913, 11.650250919746073 ], [ 76.240916478507913, 11.651149235030195 ], [ 76.241814793792031, 11.651149235030193 ], [ 76.241814793792031, 11.652047550314318 ], [ 76.242713109076149, 11.652047550314313 ], [ 76.242713109076149, 11.652945865598433 ], [ 76.246306370212636, 11.652945865598433 ], [ 76.246306370212636, 11.653844180882547 ], [ 76.247204685496754, 11.653844180882551 ], [ 76.247204685496754, 11.652945865598433 ], [ 76.248103000780873, 11.652945865598429 ], [ 76.248103000780873, 11.653844180882549 ], [ 76.249899631349109, 11.653844180882553 ], [ 76.249899631349109, 11.652945865598429 ], [ 76.252594577201478, 11.652945865598431 ] ], [ [ 76.249899631349109, 11.652047550314316 ], [ 76.249899631349109, 11.651149235030191 ], [ 76.251696261917346, 11.651149235030195 ], [ 76.251696261917346, 11.652047550314315 ], [ 76.249899631349109, 11.652047550314316 ] ] ], [ [ [ 76.259781099474438, 11.647555973893716 ], [ 76.259781099474438, 11.645759343325475 ], [ 76.258882784190305, 11.645759343325475 ], [ 76.258882784190305, 11.646657658609595 ], [ 76.257984468906201, 11.646657658609595 ], [ 76.257984468906201, 11.647555973893716 ], [ 76.259781099474438, 11.647555973893716 ] ] ], [ [ [ 76.26157773004266, 11.646657658609595 ], [ 76.263374360610896, 11.646657658609595 ], [ 76.263374360610896, 11.645759343325476 ], [ 76.265170991179147, 11.645759343325475 ], [ 76.265170991179147, 11.646657658609595 ], [ 76.266069306463265, 11.646657658609595 ], [ 76.266069306463265, 11.645759343325476 ], [ 76.266967621747384, 11.645759343325475 ], [ 76.266967621747384, 11.644861028041358 ], [ 76.267865937031502, 11.644861028041356 ], [ 76.267865937031502, 11.642166082188995 ], [ 76.26876425231562, 11.642166082189 ], [ 76.26876425231562, 11.639471136336638 ], [ 76.267865937031502, 11.63947113633664 ], [ 76.267865937031502, 11.641267766904878 ], [ 76.266967621747384, 11.641267766904877 ], [ 76.266967621747384, 11.643064397473118 ], [ 76.266069306463265, 11.643064397473118 ], [ 76.266069306463265, 11.643962712757236 ], [ 76.264272675895015, 11.643962712757236 ], [ 76.264272675895015, 11.644861028041358 ], [ 76.263374360610896, 11.644861028041356 ], [ 76.263374360610896, 11.642166082189 ], [ 76.262476045326778, 11.642166082188997 ], [ 76.262476045326778, 11.645759343325475 ], [ 76.26157773004266, 11.645759343325475 ], [ 76.26157773004266, 11.646657658609595 ] ] ], [ [ [ 76.262476045326778, 11.652945865598431 ], [ 76.262476045326778, 11.653844180882551 ], [ 76.26157773004266, 11.653844180882547 ], [ 76.26157773004266, 11.654742496166673 ], [ 76.263374360610896, 11.654742496166671 ], [ 76.263374360610896, 11.652945865598431 ], [ 76.262476045326778, 11.652945865598431 ] ] ], [ [ [ 76.284035612145644, 11.658335757303149 ], [ 76.284035612145644, 11.659234072587269 ], [ 76.284933927429776, 11.659234072587269 ], [ 76.284933927429776, 11.658335757303149 ], [ 76.284035612145644, 11.658335757303149 ] ] ], [ [ [ 76.276849089872698, 11.671810486564942 ], [ 76.276849089872698, 11.674505432417304 ], [ 76.277747405156816, 11.674505432417302 ], [ 76.277747405156816, 11.675403747701418 ], [ 76.280442351009171, 11.67540374770142 ], [ 76.280442351009171, 11.673607117133182 ], [ 76.279544035725053, 11.673607117133182 ], [ 76.279544035725053, 11.674505432417302 ], [ 76.278645720440934, 11.674505432417302 ], [ 76.278645720440934, 11.671810486564942 ], [ 76.276849089872698, 11.671810486564942 ] ] ], [ [ [ 76.282238981577407, 11.687980161679093 ], [ 76.281340666293289, 11.687980161679089 ], [ 76.281340666293289, 11.688878476963213 ], [ 76.282238981577407, 11.688878476963215 ], [ 76.282238981577407, 11.687980161679093 ] ] ], [ [ [ 76.309188440100996, 11.654742496166669 ], [ 76.310086755385115, 11.654742496166671 ], [ 76.310086755385115, 11.653844180882549 ], [ 76.309188440100996, 11.653844180882551 ], [ 76.309188440100996, 11.654742496166669 ] ] ], [ [ [ 76.285832242713894, 11.627793037643089 ], [ 76.284035612145644, 11.627793037643086 ], [ 76.284035612145644, 11.628691352927206 ], [ 76.285832242713894, 11.628691352927204 ], [ 76.285832242713894, 11.627793037643089 ] ] ], [ [ [ 76.352307573738727, 11.63677619048428 ], [ 76.354104204306978, 11.636776190484284 ], [ 76.354104204306978, 11.635877875200164 ], [ 76.352307573738727, 11.635877875200162 ], [ 76.352307573738727, 11.63677619048428 ] ] ], [ [ [ 76.37746040169408, 11.690675107531455 ], [ 76.37746040169408, 11.692471738099691 ], [ 76.378358716978198, 11.692471738099695 ], [ 76.378358716978198, 11.690675107531451 ], [ 76.37746040169408, 11.690675107531455 ] ] ], [ [ [ 76.375663771125843, 11.691573422815569 ], [ 76.375663771125843, 11.692471738099695 ], [ 76.376562086409962, 11.692471738099691 ], [ 76.376562086409962, 11.691573422815569 ], [ 76.375663771125843, 11.691573422815569 ] ] ], [ [ [ 76.358595780727569, 11.699658260372649 ], [ 76.358595780727569, 11.700556575656766 ], [ 76.359494096011687, 11.700556575656769 ], [ 76.359494096011687, 11.699658260372646 ], [ 76.358595780727569, 11.699658260372649 ] ] ], [ [ [ 76.351409258454623, 11.702353206225007 ], [ 76.351409258454623, 11.703251521509126 ], [ 76.352307573738727, 11.703251521509126 ], [ 76.352307573738727, 11.702353206225007 ], [ 76.351409258454623, 11.702353206225007 ] ] ], [ [ [ 76.278645720440934, 11.779608320659284 ], [ 76.277747405156816, 11.779608320659282 ], [ 76.277747405156816, 11.780506635943405 ], [ 76.278645720440934, 11.780506635943405 ], [ 76.278645720440934, 11.779608320659284 ] ] ], [ [ [ 76.274154144020329, 11.778710005375167 ], [ 76.273255828736211, 11.778710005375167 ], [ 76.273255828736211, 11.780506635943405 ], [ 76.274154144020329, 11.780506635943407 ], [ 76.274154144020329, 11.778710005375167 ] ] ], [ [ [ 76.274154144020329, 11.773320113670447 ], [ 76.273255828736211, 11.773320113670447 ], [ 76.273255828736211, 11.774218428954567 ], [ 76.274154144020329, 11.774218428954569 ], [ 76.274154144020329, 11.773320113670447 ] ] ], [ [ [ 76.266967621747384, 11.728404349464475 ], [ 76.266069306463265, 11.728404349464473 ], [ 76.266069306463265, 11.729302664748593 ], [ 76.266967621747384, 11.729302664748587 ], [ 76.266967621747384, 11.728404349464475 ] ] ], [ [ [ 76.284933927429776, 11.705946467361484 ], [ 76.284933927429776, 11.706844782645605 ], [ 76.285832242713894, 11.706844782645602 ], [ 76.285832242713894, 11.705946467361485 ], [ 76.284933927429776, 11.705946467361484 ] ] ] ] } },
{ "type": "Feature", "properties": { "hotspot_id": 2, "area_km2": 72.028950017029047, "mean_risk": 0.4045, "max_risk": 1.0, "built_area_km2": 7.4163 }, "geometry": { "type": "MultiPolygon", "coordinates": [ [ [ [ 75.92111623736136, 11.739184132873907 ], [ 75.923811183213715, 11.739184132873905 ], [ 75.923811183213715, 11.738285817589789 ], [ 75.925607813781966, 11.738285817589786 ], [ 75.925607813781966, 11.739184132873904 ], [ 75.929201074918439, 11.739184132873907 ], [ 75.929201074918439, 11.736489187021551 ], [ 75.930997705486675, 11.736489187021551 ], [ 75.930997705486675, 11.735590871737427 ], [ 75.929201074918439, 11.735590871737426 ], [ 75.929201074918439, 11.734692556453311 ], [ 75.92830275963432, 11.734692556453309 ], [ 75.92830275963432, 11.733794241169191 ], [ 75.927404444350202, 11.733794241169191 ], [ 75.927404444350202, 11.732895925885069 ], [ 75.929201074918439, 11.732895925885069 ], [ 75.929201074918439, 11.733794241169193 ], [ 75.931896020770793, 11.733794241169191 ], [ 75.931896020770793, 11.734692556453311 ], [ 75.932794336054911, 11.734692556453311 ], [ 75.932794336054911, 11.739184132873907 ], [ 75.934590966623162, 11.739184132873905 ], [ 75.934590966623162, 11.738285817589784 ], [ 75.936387597191398, 11.738285817589786 ], [ 75.936387597191398, 11.739184132873905 ], [ 75.937285912475517, 11.739184132873907 ], [ 75.937285912475517, 11.737387502305667 ], [ 75.938184227759635, 11.737387502305669 ], [ 75.938184227759635, 11.736489187021547 ], [ 75.939082543043753, 11.736489187021549 ], [ 75.939082543043753, 11.735590871737427 ], [ 75.938184227759635, 11.735590871737429 ], [ 75.938184227759635, 11.734692556453309 ], [ 75.939082543043753, 11.734692556453309 ], [ 75.939082543043753, 11.733794241169193 ], [ 75.945370750032595, 11.733794241169191 ], [ 75.945370750032595, 11.732895925885069 ], [ 75.944472434748477, 11.732895925885069 ], [ 75.944472434748477, 11.731997610600954 ], [ 75.942675804180226, 11.731997610600949 ], [ 75.942675804180226, 11.729302664748589 ], [ 75.943574119464358, 11.729302664748589 ], [ 75.943574119464358, 11.727506034180355 ], [ 75.942675804180226, 11.727506034180356 ], [ 75.942675804180226, 11.725709403612113 ], [ 75.941777488896108, 11.725709403612115 ], [ 75.941777488896108, 11.723912773043875 ], [ 75.942675804180226, 11.723912773043873 ], [ 75.942675804180226, 11.723014457759758 ], [ 75.943574119464358, 11.723014457759756 ], [ 75.943574119464358, 11.725709403612111 ], [ 75.944472434748477, 11.725709403612116 ], [ 75.944472434748477, 11.723014457759756 ], [ 75.945370750032595, 11.723014457759755 ], [ 75.945370750032595, 11.722116142475636 ], [ 75.944472434748477, 11.722116142475638 ], [ 75.944472434748477, 11.721217827191516 ], [ 75.945370750032595, 11.721217827191516 ], [ 75.945370750032595, 11.720319511907396 ], [ 75.948065695884949, 11.720319511907398 ], [ 75.948065695884949, 11.71942119662328 ], [ 75.948964011169068, 11.719421196623276 ], [ 75.948964011169068, 11.720319511907396 ], [ 75.949862326453186, 11.720319511907398 ], [ 75.949862326453186, 11.721217827191516 ], [ 75.948964011169068, 11.721217827191516 ], [ 75.948964011169068, 11.722116142475636 ], [ 75.951658957021422, 11.722116142475638 ], [ 75.951658957021422, 11.721217827191516 ], [ 75.95255727230554, 11.721217827191516 ], [ 75.95255727230554, 11.720319511907396 ], [ 75.951658957021422, 11.720319511907398 ], [ 75.951658957021422, 11.719421196623278 ], [ 75.949862326453186, 11.719421196623278 ], [ 75.949862326453186, 11.718522881339158 ], [ 75.95255727230554, 11.71852288133916 ], [ 75.95255727230554, 11.717624566055038 ], [ 75.953455587589673, 11.717624566055036 ], [ 75.953455587589673, 11.716726250770922 ], [ 75.95255727230554, 11.716726250770918 ], [ 75.95255727230554, 11.7158279354868 ], [ 75.955252218157909, 11.715827935486798 ], [ 75.955252218157909, 11.717624566055036 ], [ 75.956150533442027, 11.717624566055038 ], [ 75.956150533442027, 11.71403130491856 ], [ 75.954353902873791, 11.71403130491856 ], [ 75.954353902873791, 11.713132989634445 ], [ 75.955252218157909, 11.713132989634444 ], [ 75.955252218157909, 11.710438043782085 ], [ 75.957048848726146, 11.710438043782084 ], [ 75.957048848726146, 11.709539728497965 ], [ 75.956150533442027, 11.709539728497964 ], [ 75.956150533442027, 11.708641413213845 ], [ 75.957947164010264, 11.708641413213847 ], [ 75.957947164010264, 11.707743097929724 ], [ 75.958845479294382, 11.707743097929722 ], [ 75.958845479294382, 11.706844782645604 ], [ 75.957947164010264, 11.706844782645604 ], [ 75.957947164010264, 11.705946467361485 ], [ 75.958845479294382, 11.705946467361485 ], [ 75.958845479294382, 11.705048152077364 ], [ 75.959743794578515, 11.705048152077365 ], [ 75.959743794578515, 11.706844782645604 ], [ 75.960642109862619, 11.706844782645605 ], [ 75.960642109862619, 11.708641413213845 ], [ 75.962438740430855, 11.708641413213844 ], [ 75.962438740430855, 11.707743097929722 ], [ 75.963337055714987, 11.707743097929722 ], [ 75.963337055714987, 11.704149836793242 ], [ 75.964235370999106, 11.704149836793244 ], [ 75.964235370999106, 11.705048152077364 ], [ 75.965133686283238, 11.705048152077367 ], [ 75.965133686283238, 11.706844782645602 ], [ 75.966032001567342, 11.706844782645604 ], [ 75.966032001567342, 11.707743097929722 ], [ 75.96693031685146, 11.707743097929722 ], [ 75.96693031685146, 11.708641413213844 ], [ 75.966032001567342, 11.708641413213844 ], [ 75.966032001567342, 11.709539728497965 ], [ 75.965133686283238, 11.709539728497964 ], [ 75.965133686283238, 11.713132989634444 ], [ 75.967828632135578, 11.713132989634442 ], [ 75.967828632135578, 11.7113363590662 ], [ 75.968726947419697, 11.711336359066202 ], [ 75.968726947419697, 11.710438043782085 ], [ 75.969625262703815, 11.710438043782084 ], [ 75.969625262703815, 11.709539728497964 ], [ 75.970523577987933, 11.709539728497964 ], [ 75.970523577987933, 11.708641413213845 ], [ 75.969625262703815, 11.708641413213845 ], [ 75.969625262703815, 11.707743097929722 ], [ 75.968726947419697, 11.707743097929722 ], [ 75.968726947419697, 11.705946467361484 ], [ 75.967828632135578, 11.705946467361484 ], [ 75.967828632135578, 11.705048152077365 ], [ 75.96693031685146, 11.705048152077362 ], [ 75.96693031685146, 11.704149836793242 ], [ 75.966032001567342, 11.704149836793245 ], [ 75.966032001567342, 11.701454890940887 ], [ 75.964235370999106, 11.701454890940887 ], [ 75.964235370999106, 11.700556575656766 ], [ 75.965133686283238, 11.700556575656767 ], [ 75.965133686283238, 11.698759945088527 ], [ 75.964235370999106, 11.698759945088527 ], [ 75.964235370999106, 11.696064999236169 ], [ 75.963337055714987, 11.696064999236171 ], [ 75.963337055714987, 11.695166683952051 ], [ 75.962438740430855, 11.695166683952049 ], [ 75.962438740430855, 11.694268368667931 ], [ 75.963337055714987, 11.694268368667929 ], [ 75.963337055714987, 11.693370053383811 ], [ 75.968726947419697, 11.693370053383813 ], [ 75.968726947419697, 11.691573422815575 ], [ 75.967828632135578, 11.691573422815571 ], [ 75.967828632135578, 11.690675107531453 ], [ 75.96693031685146, 11.690675107531455 ], [ 75.96693031685146, 11.689776792247333 ], [ 75.966032001567342, 11.689776792247333 ], [ 75.966032001567342, 11.688878476963211 ], [ 75.968726947419697, 11.688878476963213 ], [ 75.968726947419697, 11.687980161679093 ], [ 75.967828632135578, 11.687980161679095 ], [ 75.967828632135578, 11.687081846394973 ], [ 75.968726947419697, 11.687081846394975 ], [ 75.968726947419697, 11.686183531110858 ], [ 75.967828632135578, 11.686183531110858 ], [ 75.967828632135578, 11.683488585258496 ], [ 75.970523577987933, 11.683488585258496 ], [ 75.970523577987933, 11.682590269974376 ], [ 75.97232020855617, 11.682590269974375 ], [ 75.97232020855617, 11.681691954690256 ], [ 75.97411683912442, 11.681691954690256 ], [ 75.97411683912442, 11.683488585258495 ], [ 75.97232020855617, 11.683488585258496 ], [ 75.97232020855617, 11.684386900542616 ], [ 75.968726947419697, 11.684386900542616 ], [ 75.968726947419697, 11.685285215826736 ], [ 75.969625262703815, 11.685285215826736 ], [ 75.969625262703815, 11.687081846394976 ], [ 75.970523577987933, 11.687081846394975 ], [ 75.970523577987933, 11.687980161679091 ], [ 75.971421893272051, 11.687980161679093 ], [ 75.971421893272051, 11.687081846394973 ], [ 75.97232020855617, 11.687081846394975 ], [ 75.97232020855617, 11.686183531110856 ], [ 75.973218523840302, 11.686183531110856 ], [ 75.973218523840302, 11.687081846394975 ], [ 75.975015154408538, 11.687081846394973 ], [ 75.975015154408538, 11.685285215826736 ], [ 75.975913469692657, 11.685285215826736 ], [ 75.975913469692657, 11.681691954690258 ], [ 75.976811784976775, 11.681691954690258 ], [ 75.976811784976775, 11.680793639406138 ], [ 75.977710100260893, 11.680793639406136 ], [ 75.977710100260893, 11.679895324122013 ], [ 75.978608415545011, 11.679895324122015 ], [ 75.978608415545011, 11.680793639406138 ], [ 75.980405046113248, 11.680793639406136 ], [ 75.980405046113248, 11.679895324122015 ], [ 75.979506730829129, 11.679895324122016 ], [ 75.979506730829129, 11.678098693553778 ], [ 75.981303361397366, 11.678098693553776 ], [ 75.981303361397366, 11.677200378269658 ], [ 75.980405046113248, 11.677200378269658 ], [ 75.980405046113248, 11.676302062985542 ], [ 75.979506730829129, 11.67630206298554 ], [ 75.979506730829129, 11.67540374770142 ], [ 75.980405046113248, 11.67540374770142 ], [ 75.980405046113248, 11.671810486564942 ], [ 75.979506730829129, 11.671810486564944 ], [ 75.979506730829129, 11.670912171280825 ], [ 75.982201676681484, 11.670912171280822 ], [ 75.982201676681484, 11.670013855996704 ], [ 75.978608415545011, 11.670013855996705 ], [ 75.978608415545011, 11.670912171280822 ], [ 75.977710100260893, 11.670912171280825 ], [ 75.977710100260893, 11.671810486564942 ], [ 75.975015154408538, 11.671810486564942 ], [ 75.975015154408538, 11.672708801849064 ], [ 75.975913469692657, 11.672708801849064 ], [ 75.975913469692657, 11.67360711713318 ], [ 75.977710100260893, 11.673607117133178 ], [ 75.977710100260893, 11.672708801849064 ], [ 75.978608415545011, 11.672708801849062 ], [ 75.978608415545011, 11.6745054324173 ], [ 75.976811784976775, 11.6745054324173 ], [ 75.976811784976775, 11.676302062985542 ], [ 75.975913469692657, 11.676302062985542 ], [ 75.975913469692657, 11.67540374770142 ], [ 75.975015154408538, 11.67540374770142 ], [ 75.975015154408538, 11.674505432417302 ], [ 75.97411683912442, 11.674505432417302 ], [ 75.97411683912442, 11.672708801849062 ], [ 75.97232020855617, 11.672708801849064 ], [ 75.97232020855617, 11.673607117133182 ], [ 75.971421893272051, 11.673607117133182 ], [ 75.971421893272051, 11.670013855996704 ], [ 75.970523577987933, 11.670013855996702 ], [ 75.970523577987933, 11.669115540712584 ], [ 75.969625262703815, 11.669115540712584 ], [ 75.969625262703815, 11.665522279576106 ], [ 75.968726947419697, 11.665522279576106 ], [ 75.968726947419697, 11.664623964291991 ], [ 75.969625262703815, 11.664623964291987 ], [ 75.969625262703815, 11.663725649007866 ], [ 75.96693031685146, 11.663725649007869 ], [ 75.96693031685146, 11.662827333723747 ], [ 75.967828632135578, 11.662827333723746 ], [ 75.967828632135578, 11.661030703155511 ], [ 75.966032001567342, 11.661030703155511 ], [ 75.966032001567342, 11.660132387871391 ], [ 75.963337055714987, 11.660132387871389 ], [ 75.963337055714987, 11.659234072587269 ], [ 75.962438740430855, 11.659234072587271 ], [ 75.962438740430855, 11.658335757303149 ], [ 75.968726947419697, 11.658335757303149 ], [ 75.968726947419697, 11.657437442019029 ], [ 75.970523577987933, 11.657437442019027 ], [ 75.970523577987933, 11.655640811450791 ], [ 75.971421893272051, 11.655640811450791 ], [ 75.971421893272051, 11.652945865598433 ], [ 75.967828632135578, 11.652945865598431 ], [ 75.967828632135578, 11.652047550314315 ], [ 75.96693031685146, 11.652047550314315 ], [ 75.96693031685146, 11.651149235030195 ], [ 75.961540425146737, 11.651149235030193 ], [ 75.961540425146737, 11.652047550314316 ], [ 75.960642109862619, 11.652047550314313 ], [ 75.960642109862619, 11.650250919746073 ], [ 75.969625262703815, 11.650250919746073 ], [ 75.969625262703815, 11.651149235030193 ], [ 75.97232020855617, 11.651149235030195 ], [ 75.97232020855617, 11.653844180882555 ], [ 75.973218523840302, 11.653844180882551 ], [ 75.973218523840302, 11.652945865598431 ], [ 75.97411683912442, 11.652945865598431 ], [ 75.97411683912442, 11.652047550314313 ], [ 75.975015154408538, 11.652047550314315 ], [ 75.975015154408538, 11.651149235030193 ], [ 75.976811784976775, 11.651149235030193 ], [ 75.976811784976775, 11.650250919746075 ], [ 75.977710100260893, 11.650250919746071 ], [ 75.977710100260893, 11.649352604461951 ], [ 75.978608415545011, 11.649352604461955 ], [ 75.978608415545011, 11.646657658609598 ], [ 75.977710100260893, 11.646657658609595 ], [ 75.977710100260893, 11.645759343325476 ], [ 75.975913469692657, 11.645759343325475 ], [ 75.975913469692657, 11.64486102804136 ], [ 75.975015154408538, 11.644861028041358 ], [ 75.975015154408538, 11.645759343325475 ], [ 75.973218523840302, 11.645759343325475 ], [ 75.973218523840302, 11.646657658609598 ], [ 75.97232020855617, 11.646657658609595 ], [ 75.97232020855617, 11.649352604461955 ], [ 75.971421893272051, 11.649352604461955 ], [ 75.971421893272051, 11.646657658609596 ], [ 75.970523577987933, 11.646657658609595 ], [ 75.970523577987933, 11.643962712757236 ], [ 75.967828632135578, 11.64396271275724 ], [ 75.967828632135578, 11.644861028041356 ], [ 75.966032001567342, 11.644861028041358 ], [ 75.966032001567342, 11.643962712757236 ], [ 75.96693031685146, 11.643962712757236 ], [ 75.96693031685146, 11.643064397473118 ], [ 75.968726947419697, 11.643064397473117 ], [ 75.968726947419697, 11.642166082188998 ], [ 75.97232020855617, 11.642166082188998 ], [ 75.97232020855617, 11.641267766904877 ], [ 75.97411683912442, 11.64126776690488 ], [ 75.97411683912442, 11.63857282105252 ], [ 75.97232020855617, 11.638572821052518 ], [ 75.97232020855617, 11.639471136336642 ], [ 75.970523577987933, 11.63947113633664 ], [ 75.970523577987933, 11.640369451620758 ], [ 75.966032001567342, 11.640369451620758 ], [ 75.966032001567342, 11.641267766904878 ], [ 75.965133686283238, 11.64126776690488 ], [ 75.965133686283238, 11.64036945162076 ], [ 75.964235370999106, 11.640369451620762 ], [ 75.964235370999106, 11.64126776690488 ], [ 75.963337055714987, 11.641267766904878 ], [ 75.963337055714987, 11.642166082189 ], [ 75.961540425146737, 11.642166082188998 ], [ 75.961540425146737, 11.643064397473117 ], [ 75.960642109862619, 11.643064397473117 ], [ 75.960642109862619, 11.643962712757235 ], [ 75.961540425146737, 11.643962712757238 ], [ 75.961540425146737, 11.644861028041358 ], [ 75.960642109862619, 11.644861028041355 ], [ 75.960642109862619, 11.646657658609595 ], [ 75.961540425146737, 11.646657658609595 ], [ 75.961540425146737, 11.648454289177836 ], [ 75.960642109862619, 11.648454289177836 ], [ 75.960642109862619, 11.647555973893716 ], [ 75.959743794578515, 11.647555973893716 ], [ 75.959743794578515, 11.648454289177835 ], [ 75.957048848726146, 11.648454289177836 ], [ 75.957048848726146, 11.649352604461956 ], [ 75.955252218157909, 11.649352604461956 ], [ 75.955252218157909, 11.650250919746075 ], [ 75.956150533442027, 11.650250919746075 ], [ 75.956150533442027, 11.652047550314316 ], [ 75.957048848726146, 11.652047550314313 ], [ 75.957048848726146, 11.652945865598435 ], [ 75.953455587589673, 11.652945865598431 ], [ 75.953455587589673, 11.651149235030193 ], [ 75.954353902873791, 11.651149235030195 ], [ 75.954353902873791, 11.649352604461955 ], [ 75.950760641737304, 11.649352604461955 ], [ 75.950760641737304, 11.650250919746073 ], [ 75.949862326453186, 11.650250919746073 ], [ 75.949862326453186, 11.651149235030193 ], [ 75.950760641737304, 11.651149235030195 ], [ 75.950760641737304, 11.652945865598433 ], [ 75.948964011169068, 11.652945865598433 ], [ 75.948964011169068, 11.651149235030195 ], [ 75.948065695884949, 11.651149235030193 ], [ 75.948065695884949, 11.650250919746075 ], [ 75.946269065316713, 11.650250919746075 ], [ 75.946269065316713, 11.652047550314315 ], [ 75.943574119464358, 11.652047550314313 ], [ 75.943574119464358, 11.652945865598431 ], [ 75.942675804180226, 11.652945865598431 ], [ 75.942675804180226, 11.651149235030196 ], [ 75.941777488896108, 11.651149235030193 ], [ 75.941777488896108, 11.648454289177836 ], [ 75.939980858327871, 11.648454289177838 ], [ 75.939980858327871, 11.645759343325476 ], [ 75.938184227759635, 11.645759343325476 ], [ 75.938184227759635, 11.646657658609595 ], [ 75.937285912475517, 11.646657658609596 ], [ 75.937285912475517, 11.647555973893716 ], [ 75.936387597191398, 11.647555973893716 ], [ 75.936387597191398, 11.644861028041355 ], [ 75.938184227759635, 11.64486102804136 ], [ 75.938184227759635, 11.643064397473118 ], [ 75.937285912475517, 11.643064397473117 ], [ 75.937285912475517, 11.642166082189 ], [ 75.939082543043753, 11.642166082188998 ], [ 75.939082543043753, 11.640369451620758 ], [ 75.938184227759635, 11.640369451620758 ], [ 75.938184227759635, 11.639471136336642 ], [ 75.934590966623162, 11.639471136336638 ], [ 75.934590966623162, 11.64036945162076 ], [ 75.93369265133903, 11.640369451620758 ], [ 75.93369265133903, 11.63947113633664 ], [ 75.932794336054911, 11.639471136336638 ], [ 75.932794336054911, 11.638572821052522 ], [ 75.931896020770793, 11.63857282105252 ], [ 75.931896020770793, 11.639471136336642 ], [ 75.930997705486675, 11.63947113633664 ], [ 75.930997705486675, 11.64036945162076 ], [ 75.929201074918439, 11.640369451620758 ], [ 75.929201074918439, 11.641267766904878 ], [ 75.927404444350202, 11.641267766904878 ], [ 75.927404444350202, 11.643064397473117 ], [ 75.925607813781966, 11.643064397473118 ], [ 75.925607813781966, 11.644861028041356 ], [ 75.923811183213715, 11.644861028041356 ], [ 75.923811183213715, 11.643962712757236 ], [ 75.924709498497847, 11.643962712757235 ], [ 75.924709498497847, 11.642166082188998 ], [ 75.923811183213715, 11.642166082189002 ], [ 75.923811183213715, 11.643064397473115 ], [ 75.922912867929597, 11.643064397473115 ], [ 75.922912867929597, 11.64396271275724 ], [ 75.92111623736136, 11.64396271275724 ], [ 75.92111623736136, 11.644861028041356 ], [ 75.920217922077242, 11.644861028041355 ], [ 75.920217922077242, 11.645759343325476 ], [ 75.919319606793124, 11.645759343325476 ], [ 75.919319606793124, 11.646657658609595 ], [ 75.918421291509006, 11.646657658609595 ], [ 75.918421291509006, 11.643064397473117 ], [ 75.916624660940769, 11.643064397473115 ], [ 75.916624660940769, 11.64396271275724 ], [ 75.911234769236046, 11.643962712757238 ], [ 75.911234769236046, 11.643064397473118 ], [ 75.910336453951942, 11.643064397473117 ], [ 75.910336453951942, 11.644861028041358 ], [ 75.911234769236046, 11.644861028041356 ], [ 75.911234769236046, 11.645759343325475 ], [ 75.908539823383691, 11.645759343325476 ], [ 75.908539823383691, 11.646657658609595 ], [ 75.907641508099573, 11.646657658609595 ], [ 75.907641508099573, 11.64486102804136 ], [ 75.905844877531337, 11.644861028041355 ], [ 75.905844877531337, 11.646657658609596 ], [ 75.903149931678968, 11.646657658609595 ], [ 75.903149931678968, 11.644861028041358 ], [ 75.90225161639485, 11.644861028041355 ], [ 75.90225161639485, 11.645759343325475 ], [ 75.901353301110731, 11.645759343325475 ], [ 75.901353301110731, 11.649352604461953 ], [ 75.903149931678968, 11.649352604461953 ], [ 75.903149931678968, 11.652047550314316 ], [ 75.90225161639485, 11.652047550314315 ], [ 75.90225161639485, 11.652945865598433 ], [ 75.903149931678968, 11.652945865598431 ], [ 75.903149931678968, 11.658335757303149 ], [ 75.904048246963086, 11.658335757303151 ], [ 75.904048246963086, 11.659234072587269 ], [ 75.904946562247218, 11.659234072587269 ], [ 75.904946562247218, 11.664623964291986 ], [ 75.904048246963086, 11.664623964291987 ], [ 75.904048246963086, 11.668217225428467 ], [ 75.903149931678968, 11.668217225428466 ], [ 75.903149931678968, 11.672708801849062 ], [ 75.90225161639485, 11.672708801849064 ], [ 75.90225161639485, 11.676302062985537 ], [ 75.901353301110731, 11.67630206298554 ], [ 75.901353301110731, 11.678098693553778 ], [ 75.90225161639485, 11.678098693553778 ], [ 75.90225161639485, 11.678997008837896 ], [ 75.903149931678968, 11.678997008837895 ], [ 75.903149931678968, 11.679895324122015 ], [ 75.904048246963086, 11.679895324122015 ], [ 75.904048246963086, 11.680793639406136 ], [ 75.904946562247218, 11.680793639406138 ], [ 75.904946562247218, 11.681691954690256 ], [ 75.905844877531337, 11.681691954690256 ], [ 75.905844877531337, 11.68259026997438 ], [ 75.906743192815455, 11.682590269974375 ], [ 75.906743192815455, 11.683488585258495 ], [ 75.908539823383691, 11.683488585258496 ], [ 75.908539823383691, 11.684386900542616 ], [ 75.909438138667809, 11.684386900542618 ], [ 75.909438138667809, 11.685285215826736 ], [ 75.911234769236046, 11.685285215826736 ], [ 75.911234769236046, 11.686183531110856 ], [ 75.913031399804282, 11.686183531110858 ], [ 75.913031399804282, 11.687081846394976 ], [ 75.9139297150884, 11.687081846394973 ], [ 75.9139297150884, 11.687980161679091 ], [ 75.914828030372533, 11.687980161679091 ], [ 75.914828030372533, 11.688878476963215 ], [ 75.9139297150884, 11.688878476963211 ], [ 75.9139297150884, 11.691573422815569 ], [ 75.911234769236046, 11.691573422815571 ], [ 75.911234769236046, 11.692471738099689 ], [ 75.909438138667809, 11.692471738099693 ], [ 75.909438138667809, 11.693370053383807 ], [ 75.908539823383691, 11.693370053383813 ], [ 75.908539823383691, 11.694268368667931 ], [ 75.905844877531337, 11.694268368667933 ], [ 75.905844877531337, 11.695166683952049 ], [ 75.904946562247218, 11.695166683952049 ], [ 75.904946562247218, 11.696064999236167 ], [ 75.903149931678968, 11.696064999236169 ], [ 75.903149931678968, 11.696963314520289 ], [ 75.90225161639485, 11.696963314520289 ], [ 75.90225161639485, 11.697861629804409 ], [ 75.899556670542495, 11.697861629804411 ], [ 75.899556670542495, 11.698759945088526 ], [ 75.893268463553653, 11.698759945088527 ], [ 75.893268463553653, 11.699658260372647 ], [ 75.892370148269535, 11.699658260372649 ], [ 75.892370148269535, 11.701454890940886 ], [ 75.894166778837771, 11.701454890940886 ], [ 75.894166778837771, 11.702353206225006 ], [ 75.895065094121904, 11.702353206225006 ], [ 75.895065094121904, 11.703251521509124 ], [ 75.892370148269535, 11.703251521509126 ], [ 75.892370148269535, 11.704149836793242 ], [ 75.891471832985417, 11.704149836793244 ], [ 75.891471832985417, 11.705048152077364 ], [ 75.890573517701299, 11.705048152077365 ], [ 75.890573517701299, 11.704149836793242 ], [ 75.88967520241718, 11.704149836793244 ], [ 75.88967520241718, 11.703251521509126 ], [ 75.886980256564826, 11.703251521509126 ], [ 75.886980256564826, 11.701454890940889 ], [ 75.883386995428339, 11.701454890940886 ], [ 75.883386995428339, 11.704149836793245 ], [ 75.884285310712457, 11.704149836793244 ], [ 75.884285310712457, 11.705048152077365 ], [ 75.885183625996589, 11.705048152077367 ], [ 75.885183625996589, 11.706844782645604 ], [ 75.886081941280707, 11.706844782645605 ], [ 75.886081941280707, 11.707743097929722 ], [ 75.886980256564826, 11.707743097929724 ], [ 75.886980256564826, 11.708641413213847 ], [ 75.887878571848944, 11.708641413213845 ], [ 75.887878571848944, 11.709539728497964 ], [ 75.88967520241718, 11.709539728497964 ], [ 75.88967520241718, 11.710438043782084 ], [ 75.887878571848944, 11.710438043782084 ], [ 75.887878571848944, 11.71313298963444 ], [ 75.888776887133062, 11.713132989634442 ], [ 75.888776887133062, 11.714929620202676 ], [ 75.88967520241718, 11.71492962020268 ], [ 75.88967520241718, 11.715827935486796 ], [ 75.892370148269535, 11.7158279354868 ], [ 75.892370148269535, 11.71762456605504 ], [ 75.891471832985417, 11.717624566055038 ], [ 75.891471832985417, 11.718522881339156 ], [ 75.892370148269535, 11.718522881339155 ], [ 75.892370148269535, 11.719421196623275 ], [ 75.890573517701299, 11.719421196623278 ], [ 75.890573517701299, 11.720319511907398 ], [ 75.892370148269535, 11.720319511907396 ], [ 75.892370148269535, 11.721217827191515 ], [ 75.893268463553653, 11.721217827191516 ], [ 75.893268463553653, 11.722116142475636 ], [ 75.894166778837771, 11.722116142475638 ], [ 75.894166778837771, 11.723014457759756 ], [ 75.895963409406022, 11.723014457759758 ], [ 75.895963409406022, 11.723912773043875 ], [ 75.89686172469014, 11.723912773043875 ], [ 75.89686172469014, 11.724811088327995 ], [ 75.897760039974258, 11.724811088327995 ], [ 75.897760039974258, 11.725709403612113 ], [ 75.89686172469014, 11.725709403612115 ], [ 75.89686172469014, 11.728404349464471 ], [ 75.897760039974258, 11.728404349464471 ], [ 75.897760039974258, 11.729302664748591 ], [ 75.898658355258377, 11.729302664748593 ], [ 75.898658355258377, 11.730200980032713 ], [ 75.899556670542495, 11.730200980032711 ], [ 75.899556670542495, 11.729302664748591 ], [ 75.90225161639485, 11.729302664748591 ], [ 75.90225161639485, 11.728404349464475 ], [ 75.903149931678968, 11.728404349464475 ], [ 75.903149931678968, 11.730200980032711 ], [ 75.90225161639485, 11.730200980032707 ], [ 75.90225161639485, 11.733794241169191 ], [ 75.903149931678968, 11.733794241169191 ], [ 75.903149931678968, 11.731997610600949 ], [ 75.905844877531337, 11.731997610600951 ], [ 75.905844877531337, 11.732895925885069 ], [ 75.904946562247218, 11.732895925885069 ], [ 75.904946562247218, 11.733794241169191 ], [ 75.905844877531337, 11.733794241169193 ], [ 75.905844877531337, 11.735590871737427 ], [ 75.906743192815455, 11.735590871737427 ], [ 75.906743192815455, 11.734692556453311 ], [ 75.907641508099573, 11.734692556453311 ], [ 75.907641508099573, 11.733794241169191 ], [ 75.906743192815455, 11.733794241169191 ], [ 75.906743192815455, 11.732895925885069 ], [ 75.907641508099573, 11.732895925885069 ], [ 75.907641508099573, 11.731997610600954 ], [ 75.908539823383691, 11.731997610600949 ], [ 75.908539823383691, 11.732895925885069 ], [ 75.912133084520164, 11.732895925885067 ], [ 75.912133084520164, 11.733794241169191 ], [ 75.913031399804282, 11.733794241169193 ], [ 75.913031399804282, 11.734692556453309 ], [ 75.9139297150884, 11.734692556453311 ], [ 75.9139297150884, 11.733794241169193 ], [ 75.914828030372533, 11.733794241169191 ], [ 75.914828030372533, 11.734692556453309 ], [ 75.916624660940769, 11.734692556453307 ], [ 75.916624660940769, 11.733794241169189 ], [ 75.917522976224888, 11.733794241169191 ], [ 75.917522976224888, 11.731997610600949 ], [ 75.918421291509006, 11.731997610600954 ], [ 75.918421291509006, 11.731099295316829 ], [ 75.919319606793124, 11.731099295316831 ], [ 75.919319606793124, 11.730200980032711 ], [ 75.92111623736136, 11.730200980032711 ], [ 75.92111623736136, 11.731099295316831 ], [ 75.922014552645479, 11.731099295316833 ], [ 75.922014552645479, 11.732895925885069 ], [ 75.92111623736136, 11.732895925885069 ], [ 75.92111623736136, 11.731997610600953 ], [ 75.920217922077242, 11.731997610600949 ], [ 75.920217922077242, 11.733794241169193 ], [ 75.919319606793124, 11.733794241169191 ], [ 75.919319606793124, 11.735590871737427 ], [ 75.920217922077242, 11.735590871737429 ], [ 75.920217922077242, 11.738285817589784 ], [ 75.92111623736136, 11.738285817589786 ], [ 75.92111623736136, 11.739184132873907 ] ], [ [ 75.927404444350202, 11.732895925885069 ], [ 75.926506129066084, 11.732895925885069 ], [ 75.926506129066084, 11.731997610600949 ], [ 75.927404444350202, 11.731997610600951 ], [ 75.927404444350202, 11.732895925885069 ] ], [ [ 75.929201074918439, 11.732895925885069 ], [ 75.929201074918439, 11.731099295316829 ], [ 75.930099390202557, 11.731099295316829 ], [ 75.930099390202557, 11.731997610600951 ], [ 75.930997705486675, 11.731997610600953 ], [ 75.930997705486675, 11.732895925885069 ], [ 75.929201074918439, 11.732895925885069 ] ], [ [ 75.932794336054911, 11.734692556453311 ], [ 75.932794336054911, 11.733794241169193 ], [ 75.934590966623162, 11.733794241169191 ], [ 75.934590966623162, 11.734692556453311 ], [ 75.932794336054911, 11.734692556453311 ] ], [ [ 75.963337055714987, 11.704149836793242 ], [ 75.959743794578515, 11.704149836793244 ], [ 75.959743794578515, 11.702353206225004 ], [ 75.963337055714987, 11.702353206225007 ], [ 75.963337055714987, 11.704149836793242 ] ], [ [ 75.966032001567342, 11.689776792247333 ], [ 75.966032001567342, 11.690675107531451 ], [ 75.965133686283238, 11.690675107531453 ], [ 75.965133686283238, 11.689776792247336 ], [ 75.966032001567342, 11.689776792247333 ] ], [ [ 75.962438740430855, 11.658335757303149 ], [ 75.960642109862619, 11.658335757303149 ], [ 75.960642109862619, 11.657437442019029 ], [ 75.962438740430855, 11.657437442019029 ], [ 75.962438740430855, 11.658335757303149 ] ], [ [ 75.939980858327871, 11.648454289177838 ], [ 75.939980858327871, 11.650250919746075 ], [ 75.938184227759635, 11.650250919746076 ], [ 75.938184227759635, 11.649352604461955 ], [ 75.939082543043753, 11.649352604461951 ], [ 75.939082543043753, 11.648454289177836 ], [ 75.939980858327871, 11.648454289177838 ] ], [ [ 75.927404444350202, 11.643064397473117 ], [ 75.92830275963432, 11.643064397473117 ], [ 75.92830275963432, 11.644861028041358 ], [ 75.927404444350202, 11.644861028041355 ], [ 75.927404444350202, 11.643064397473117 ] ], [ [ 75.927404444350202, 11.644861028041355 ], [ 75.927404444350202, 11.645759343325476 ], [ 75.926506129066084, 11.645759343325475 ], [ 75.926506129066084, 11.644861028041355 ], [ 75.927404444350202, 11.644861028041355 ] ], [ [ 75.905844877531337, 11.646657658609596 ], [ 75.906743192815455, 11.646657658609595 ], [ 75.906743192815455, 11.647555973893718 ], [ 75.905844877531337, 11.647555973893716 ], [ 75.905844877531337, 11.646657658609596 ] ], [ [ 75.88967520241718, 11.710438043782084 ], [ 75.890573517701299, 11.710438043782084 ], [ 75.890573517701299, 11.7113363590662 ], [ 75.891471832985417, 11.7113363590662 ], [ 75.891471832985417, 11.712234674350322 ], [ 75.88967520241718, 11.712234674350324 ], [ 75.88967520241718, 11.710438043782084 ] ], [ [ 75.891471832985417, 11.7113363590662 ], [ 75.891471832985417, 11.710438043782084 ], [ 75.892370148269535, 11.710438043782084 ], [ 75.892370148269535, 11.7113363590662 ], [ 75.891471832985417, 11.7113363590662 ] ], [ [ 75.892370148269535, 11.7158279354868 ], [ 75.892370148269535, 11.713132989634442 ], [ 75.893268463553653, 11.713132989634444 ], [ 75.893268463553653, 11.715827935486802 ], [ 75.892370148269535, 11.7158279354868 ] ], [ [ 75.897760039974258, 11.724811088327995 ], [ 75.897760039974258, 11.723912773043875 ], [ 75.899556670542495, 11.723912773043875 ], [ 75.899556670542495, 11.724811088327993 ], [ 75.897760039974258, 11.724811088327995 ] ], [ [ 75.969625262703815, 11.680793639406135 ], [ 75.969625262703815, 11.679895324122015 ], [ 75.967828632135578, 11.679895324122018 ], [ 75.967828632135578, 11.6789970088379 ], [ 75.966032001567342, 11.678997008837898 ], [ 75.966032001567342, 11.678098693553775 ], [ 75.967828632135578, 11.678098693553776 ], [ 75.967828632135578, 11.674505432417302 ], [ 75.970523577987933, 11.674505432417304 ], [ 75.970523577987933, 11.675403747701422 ], [ 75.971421893272051, 11.67540374770142 ], [ 75.971421893272051, 11.677200378269658 ], [ 75.969625262703815, 11.67720037826966 ], [ 75.969625262703815, 11.6789970088379 ], [ 75.970523577987933, 11.6789970088379 ], [ 75.970523577987933, 11.679895324122015 ], [ 75.971421893272051, 11.679895324122015 ], [ 75.971421893272051, 11.680793639406136 ], [ 75.969625262703815, 11.680793639406135 ] ], [ [ 75.96693031685146, 11.656539126734909 ], [ 75.96693031685146, 11.655640811450793 ], [ 75.968726947419697, 11.655640811450795 ], [ 75.968726947419697, 11.656539126734911 ], [ 75.96693031685146, 11.656539126734909 ] ], [ [ 75.968726947419697, 11.655640811450795 ], [ 75.968726947419697, 11.654742496166671 ], [ 75.969625262703815, 11.654742496166675 ], [ 75.969625262703815, 11.655640811450791 ], [ 75.968726947419697, 11.655640811450795 ] ], [ [ 75.966032001567342, 11.671810486564942 ], [ 75.966032001567342, 11.670912171280825 ], [ 75.967828632135578, 11.670912171280824 ], [ 75.967828632135578, 11.671810486564944 ], [ 75.966032001567342, 11.671810486564942 ] ], [ [ 75.967828632135578, 11.670912171280824 ], [ 75.967828632135578, 11.670013855996702 ], [ 75.969625262703815, 11.670013855996704 ], [ 75.969625262703815, 11.670912171280824 ], [ 75.967828632135578, 11.670912171280824 ] ], [ [ 75.965133686283238, 11.670013855996705 ], [ 75.965133686283238, 11.667318910144346 ], [ 75.964235370999106, 11.667318910144344 ], [ 75.964235370999106, 11.666420594860226 ], [ 75.965133686283238, 11.666420594860224 ], [ 75.965133686283238, 11.665522279576109 ], [ 75.967828632135578, 11.665522279576107 ], [ 75.967828632135578, 11.666420594860227 ], [ 75.968726947419697, 11.666420594860224 ], [ 75.968726947419697, 11.667318910144344 ], [ 75.966032001567342, 11.667318910144347 ], [ 75.966032001567342, 11.668217225428466 ], [ 75.967828632135578, 11.668217225428466 ], [ 75.967828632135578, 11.669115540712585 ], [ 75.96693031685146, 11.669115540712587 ], [ 75.96693031685146, 11.670013855996704 ], [ 75.965133686283238, 11.670013855996705 ] ], [ [ 75.966032001567342, 11.687081846394971 ], [ 75.966032001567342, 11.686183531110858 ], [ 75.96693031685146, 11.686183531110858 ], [ 75.96693031685146, 11.687081846394976 ], [ 75.966032001567342, 11.687081846394971 ] ], [ [ 75.965133686283238, 11.653844180882553 ], [ 75.965133686283238, 11.652945865598435 ], [ 75.966032001567342, 11.652945865598433 ], [ 75.966032001567342, 11.653844180882551 ], [ 75.965133686283238, 11.653844180882553 ] ], [ [ 75.962438740430855, 11.645759343325475 ], [ 75.962438740430855, 11.644861028041356 ], [ 75.965133686283238, 11.644861028041356 ], [ 75.965133686283238, 11.645759343325476 ], [ 75.962438740430855, 11.645759343325475 ] ], [ [ 75.963337055714987, 11.657437442019029 ], [ 75.963337055714987, 11.656539126734911 ], [ 75.965133686283238, 11.656539126734909 ], [ 75.965133686283238, 11.657437442019031 ], [ 75.963337055714987, 11.657437442019029 ] ], [ [ 75.964235370999106, 11.671810486564942 ], [ 75.964235370999106, 11.670912171280824 ], [ 75.965133686283238, 11.670912171280822 ], [ 75.965133686283238, 11.671810486564944 ], [ 75.964235370999106, 11.671810486564942 ] ], [ [ 75.963337055714987, 11.687081846394973 ], [ 75.963337055714987, 11.685285215826736 ], [ 75.965133686283238, 11.685285215826738 ], [ 75.965133686283238, 11.687081846394975 ], [ 75.963337055714987, 11.687081846394973 ] ], [ [ 75.962438740430855, 11.662827333723747 ], [ 75.962438740430855, 11.661929018439631 ], [ 75.963337055714987, 11.661929018439631 ], [ 75.963337055714987, 11.662827333723749 ], [ 75.962438740430855, 11.662827333723747 ] ], [ [ 75.957048848726146, 11.670013855996704 ], [ 75.957048848726146, 11.669115540712587 ], [ 75.955252218157909, 11.669115540712584 ], [ 75.955252218157909, 11.668217225428464 ], [ 75.95255727230554, 11.668217225428464 ], [ 75.95255727230554, 11.669115540712584 ], [ 75.951658957021422, 11.669115540712584 ], [ 75.951658957021422, 11.666420594860226 ], [ 75.948065695884949, 11.666420594860226 ], [ 75.948065695884949, 11.664623964291991 ], [ 75.948964011169068, 11.664623964291986 ], [ 75.948964011169068, 11.663725649007866 ], [ 75.949862326453186, 11.663725649007867 ], [ 75.949862326453186, 11.661030703155511 ], [ 75.950760641737304, 11.661030703155511 ], [ 75.950760641737304, 11.660132387871389 ], [ 75.951658957021422, 11.660132387871389 ], [ 75.951658957021422, 11.659234072587269 ], [ 75.953455587589673, 11.659234072587271 ], [ 75.953455587589673, 11.656539126734909 ], [ 75.95255727230554, 11.656539126734911 ], [ 75.95255727230554, 11.655640811450789 ], [ 75.950760641737304, 11.655640811450791 ], [ 75.950760641737304, 11.654742496166671 ], [ 75.951658957021422, 11.654742496166673 ], [ 75.951658957021422, 11.652945865598433 ], [ 75.95255727230554, 11.652945865598429 ], [ 75.95255727230554, 11.653844180882551 ], [ 75.955252218157909, 11.653844180882549 ], [ 75.955252218157909, 11.654742496166673 ], [ 75.956150533442027, 11.654742496166671 ], [ 75.956150533442027, 11.653844180882549 ], [ 75.957947164010264, 11.653844180882549 ], [ 75.957947164010264, 11.652047550314315 ], [ 75.958845479294382, 11.652047550314313 ], [ 75.958845479294382, 11.653844180882549 ], [ 75.960642109862619, 11.653844180882551 ], [ 75.960642109862619, 11.654742496166673 ], [ 75.958845479294382, 11.654742496166669 ], [ 75.958845479294382, 11.655640811450793 ], [ 75.957947164010264, 11.655640811450789 ], [ 75.957947164010264, 11.658335757303149 ], [ 75.957048848726146, 11.658335757303151 ], [ 75.957048848726146, 11.660132387871391 ], [ 75.956150533442027, 11.660132387871391 ], [ 75.956150533442027, 11.661030703155511 ], [ 75.953455587589673, 11.661030703155511 ], [ 75.953455587589673, 11.662827333723746 ], [ 75.955252218157909, 11.662827333723747 ], [ 75.955252218157909, 11.663725649007866 ], [ 75.957048848726146, 11.663725649007866 ], [ 75.957048848726146, 11.665522279576106 ], [ 75.956150533442027, 11.665522279576106 ], [ 75.956150533442027, 11.667318910144346 ], [ 75.957048848726146, 11.667318910144347 ], [ 75.957048848726146, 11.668217225428466 ], [ 75.959743794578515, 11.668217225428464 ], [ 75.959743794578515, 11.670013855996704 ], [ 75.957048848726146, 11.670013855996704 ] ], [ [ 75.960642109862619, 11.653844180882551 ], [ 75.960642109862619, 11.652945865598429 ], [ 75.961540425146737, 11.652945865598433 ], [ 75.961540425146737, 11.653844180882553 ], [ 75.960642109862619, 11.653844180882551 ] ], [ [ 75.957048848726146, 11.660132387871391 ], [ 75.957947164010264, 11.660132387871387 ], [ 75.957947164010264, 11.661030703155511 ], [ 75.957048848726146, 11.661030703155511 ], [ 75.957048848726146, 11.660132387871391 ] ], [ [ 75.960642109862619, 11.668217225428464 ], [ 75.960642109862619, 11.667318910144346 ], [ 75.961540425146737, 11.667318910144344 ], [ 75.961540425146737, 11.668217225428466 ], [ 75.960642109862619, 11.668217225428464 ] ], [ [ 75.958845479294382, 11.661030703155511 ], [ 75.958845479294382, 11.658335757303149 ], [ 75.959743794578515, 11.658335757303151 ], [ 75.959743794578515, 11.659234072587269 ], [ 75.960642109862619, 11.659234072587269 ], [ 75.960642109862619, 11.661030703155509 ], [ 75.958845479294382, 11.661030703155511 ] ], [ [ 75.95255727230554, 11.714929620202682 ], [ 75.95255727230554, 11.71403130491856 ], [ 75.953455587589673, 11.714031304918558 ], [ 75.953455587589673, 11.71492962020268 ], [ 75.95255727230554, 11.714929620202682 ] ], [ [ 75.948065695884949, 11.657437442019027 ], [ 75.948065695884949, 11.654742496166673 ], [ 75.949862326453186, 11.654742496166671 ], [ 75.949862326453186, 11.656539126734909 ], [ 75.948964011169068, 11.656539126734907 ], [ 75.948964011169068, 11.657437442019029 ], [ 75.948065695884949, 11.657437442019027 ] ], [ [ 75.946269065316713, 11.654742496166669 ], [ 75.946269065316713, 11.653844180882549 ], [ 75.947167380600831, 11.653844180882551 ], [ 75.947167380600831, 11.654742496166673 ], [ 75.946269065316713, 11.654742496166669 ] ], [ [ 75.939980858327871, 11.731099295316831 ], [ 75.939980858327871, 11.730200980032709 ], [ 75.939082543043753, 11.730200980032711 ], [ 75.939082543043753, 11.729302664748593 ], [ 75.939980858327871, 11.729302664748589 ], [ 75.939980858327871, 11.728404349464473 ], [ 75.940879173611989, 11.728404349464475 ], [ 75.940879173611989, 11.727506034180355 ], [ 75.941777488896108, 11.727506034180356 ], [ 75.941777488896108, 11.730200980032709 ], [ 75.940879173611989, 11.730200980032711 ], [ 75.940879173611989, 11.731099295316831 ], [ 75.939980858327871, 11.731099295316831 ] ], [ [ 75.939082543043753, 11.653844180882551 ], [ 75.939082543043753, 11.652945865598435 ], [ 75.939980858327871, 11.652945865598429 ], [ 75.939980858327871, 11.653844180882551 ], [ 75.939082543043753, 11.653844180882551 ] ], [ [ 75.932794336054911, 11.729302664748587 ], [ 75.932794336054911, 11.728404349464469 ], [ 75.934590966623162, 11.728404349464471 ], [ 75.934590966623162, 11.729302664748589 ], [ 75.932794336054911, 11.729302664748587 ] ], [ [ 75.934590966623162, 11.728404349464471 ], [ 75.934590966623162, 11.727506034180353 ], [ 75.93548928190728, 11.727506034180351 ], [ 75.93548928190728, 11.726607718896231 ], [ 75.937285912475517, 11.726607718896231 ], [ 75.937285912475517, 11.727506034180355 ], [ 75.938184227759635, 11.727506034180355 ], [ 75.938184227759635, 11.728404349464473 ], [ 75.937285912475517, 11.728404349464475 ], [ 75.937285912475517, 11.729302664748589 ], [ 75.936387597191398, 11.729302664748591 ], [ 75.936387597191398, 11.728404349464473 ], [ 75.934590966623162, 11.728404349464471 ] ], [ [ 75.930997705486675, 11.642166082189 ], [ 75.930997705486675, 11.64126776690488 ], [ 75.931896020770793, 11.641267766904878 ], [ 75.931896020770793, 11.642166082188998 ], [ 75.930997705486675, 11.642166082189 ] ], [ [ 75.92111623736136, 11.736489187021549 ], [ 75.92111623736136, 11.735590871737427 ], [ 75.922912867929597, 11.735590871737427 ], [ 75.922912867929597, 11.736489187021551 ], [ 75.92111623736136, 11.736489187021549 ] ], [ [ 75.916624660940769, 11.646657658609595 ], [ 75.916624660940769, 11.645759343325475 ], [ 75.917522976224888, 11.645759343325475 ], [ 75.917522976224888, 11.646657658609596 ], [ 75.916624660940769, 11.646657658609595 ] ], [ [ 75.915726345656665, 11.731099295316829 ], [ 75.915726345656665, 11.729302664748589 ], [ 75.917522976224888, 11.729302664748589 ], [ 75.917522976224888, 11.730200980032714 ], [ 75.916624660940769, 11.730200980032711 ], [ 75.916624660940769, 11.731099295316829 ], [ 75.915726345656665, 11.731099295316829 ] ], [ [ 75.914828030372533, 11.650250919746075 ], [ 75.914828030372533, 11.648454289177835 ], [ 75.916624660940769, 11.648454289177836 ], [ 75.916624660940769, 11.650250919746076 ], [ 75.914828030372533, 11.650250919746075 ] ], [ [ 75.910336453951942, 11.648454289177836 ], [ 75.910336453951942, 11.646657658609595 ], [ 75.911234769236046, 11.646657658609595 ], [ 75.911234769236046, 11.648454289177836 ], [ 75.910336453951942, 11.648454289177836 ] ], [ [ 75.906743192815455, 11.731099295316829 ], [ 75.906743192815455, 11.730200980032713 ], [ 75.907641508099573, 11.730200980032711 ], [ 75.907641508099573, 11.731099295316833 ], [ 75.906743192815455, 11.731099295316829 ] ], [ [ 75.905844877531337, 11.729302664748591 ], [ 75.905844877531337, 11.727506034180355 ], [ 75.906743192815455, 11.727506034180353 ], [ 75.906743192815455, 11.729302664748591 ], [ 75.905844877531337, 11.729302664748591 ] ], [ [ 75.899556670542495, 11.709539728497964 ], [ 75.899556670542495, 11.706844782645602 ], [ 75.900454985826613, 11.706844782645605 ], [ 75.900454985826613, 11.709539728497964 ], [ 75.899556670542495, 11.709539728497964 ] ], [ [ 75.897760039974258, 11.719421196623275 ], [ 75.897760039974258, 11.718522881339156 ], [ 75.898658355258377, 11.718522881339156 ], [ 75.898658355258377, 11.719421196623278 ], [ 75.897760039974258, 11.719421196623275 ] ], [ [ 75.894166778837771, 11.720319511907398 ], [ 75.894166778837771, 11.719421196623276 ], [ 75.895065094121904, 11.719421196623276 ], [ 75.895065094121904, 11.720319511907398 ], [ 75.894166778837771, 11.720319511907398 ] ], [ [ 75.890573517701299, 11.706844782645602 ], [ 75.890573517701299, 11.705946467361484 ], [ 75.891471832985417, 11.705946467361485 ], [ 75.891471832985417, 11.706844782645604 ], [ 75.890573517701299, 11.706844782645602 ] ] ], [ [ [ 75.859132482757119, 11.743675709294504 ], [ 75.860030798041237, 11.743675709294505 ], [ 75.860030798041237, 11.742777394010387 ], [ 75.859132482757119, 11.742777394010385 ], [ 75.859132482757119, 11.743675709294504 ] ] ], [ [ [ 75.859132482757119, 11.743675709294504 ], [ 75.858234167473, 11.743675709294504 ], [ 75.858234167473, 11.744574024578624 ], [ 75.859132482757119, 11.744574024578627 ], [ 75.859132482757119, 11.743675709294504 ] ] ], [ [ [ 75.860030798041237, 11.742777394010387 ], [ 75.860929113325369, 11.742777394010387 ], [ 75.860929113325369, 11.743675709294505 ], [ 75.86362405917771, 11.743675709294502 ], [ 75.86362405917771, 11.744574024578624 ], [ 75.865420689745946, 11.744574024578627 ], [ 75.865420689745946, 11.746370655146862 ], [ 75.866319005030093, 11.746370655146862 ], [ 75.866319005030093, 11.745472339862742 ], [ 75.868115635598329, 11.745472339862744 ], [ 75.868115635598329, 11.746370655146862 ], [ 75.869912266166551, 11.746370655146864 ], [ 75.869912266166551, 11.745472339862744 ], [ 75.871708896734788, 11.745472339862742 ], [ 75.871708896734788, 11.744574024578624 ], [ 75.873505527303024, 11.744574024578624 ], [ 75.873505527303024, 11.745472339862744 ], [ 75.875302157871275, 11.745472339862744 ], [ 75.875302157871275, 11.744574024578622 ], [ 75.876200473155393, 11.744574024578625 ], [ 75.876200473155393, 11.745472339862744 ], [ 75.877098788439511, 11.745472339862744 ], [ 75.877098788439511, 11.744574024578627 ], [ 75.880692049575984, 11.744574024578622 ], [ 75.880692049575984, 11.745472339862744 ], [ 75.879793734291866, 11.745472339862744 ], [ 75.879793734291866, 11.746370655146862 ], [ 75.880692049575984, 11.746370655146864 ], [ 75.880692049575984, 11.747268970430985 ], [ 75.881590364860102, 11.747268970430985 ], [ 75.881590364860102, 11.748167285715105 ], [ 75.88248868014422, 11.748167285715104 ], [ 75.88248868014422, 11.744574024578625 ], [ 75.883386995428339, 11.744574024578625 ], [ 75.883386995428339, 11.743675709294507 ], [ 75.884285310712457, 11.743675709294502 ], [ 75.884285310712457, 11.744574024578625 ], [ 75.885183625996589, 11.744574024578624 ], [ 75.885183625996589, 11.745472339862744 ], [ 75.886081941280707, 11.745472339862744 ], [ 75.886081941280707, 11.744574024578622 ], [ 75.887878571848944, 11.744574024578627 ], [ 75.887878571848944, 11.743675709294505 ], [ 75.893268463553653, 11.743675709294504 ], [ 75.893268463553653, 11.744574024578625 ], [ 75.894166778837771, 11.744574024578627 ], [ 75.894166778837771, 11.743675709294507 ], [ 75.895065094121904, 11.743675709294502 ], [ 75.895065094121904, 11.744574024578624 ], [ 75.89686172469014, 11.744574024578622 ], [ 75.89686172469014, 11.743675709294502 ], [ 75.899556670542495, 11.743675709294507 ], [ 75.899556670542495, 11.741879078726264 ], [ 75.90225161639485, 11.74187907872626 ], [ 75.90225161639485, 11.740980763442144 ], [ 75.903149931678968, 11.740980763442145 ], [ 75.903149931678968, 11.740082448158025 ], [ 75.905844877531337, 11.740082448158027 ], [ 75.905844877531337, 11.740980763442145 ], [ 75.907641508099573, 11.740980763442149 ], [ 75.907641508099573, 11.740082448158029 ], [ 75.908539823383691, 11.740082448158027 ], [ 75.908539823383691, 11.741879078726264 ], [ 75.909438138667809, 11.741879078726262 ], [ 75.909438138667809, 11.740980763442144 ], [ 75.912133084520164, 11.740980763442149 ], [ 75.912133084520164, 11.741879078726265 ], [ 75.911234769236046, 11.741879078726265 ], [ 75.911234769236046, 11.742777394010384 ], [ 75.914828030372533, 11.742777394010384 ], [ 75.914828030372533, 11.741879078726264 ], [ 75.9139297150884, 11.741879078726264 ], [ 75.9139297150884, 11.738285817589784 ], [ 75.913031399804282, 11.738285817589786 ], [ 75.913031399804282, 11.739184132873905 ], [ 75.909438138667809, 11.739184132873907 ], [ 75.909438138667809, 11.738285817589784 ], [ 75.906743192815455, 11.738285817589786 ], [ 75.906743192815455, 11.737387502305669 ], [ 75.905844877531337, 11.737387502305666 ], [ 75.905844877531337, 11.738285817589786 ], [ 75.904048246963086, 11.738285817589787 ], [ 75.904048246963086, 11.739184132873907 ], [ 75.90225161639485, 11.739184132873909 ], [ 75.90225161639485, 11.737387502305667 ], [ 75.899556670542495, 11.737387502305667 ], [ 75.899556670542495, 11.739184132873905 ], [ 75.898658355258377, 11.739184132873909 ], [ 75.898658355258377, 11.738285817589787 ], [ 75.89686172469014, 11.738285817589784 ], [ 75.89686172469014, 11.740082448158027 ], [ 75.897760039974258, 11.740082448158029 ], [ 75.897760039974258, 11.740980763442142 ], [ 75.898658355258377, 11.740980763442147 ], [ 75.898658355258377, 11.741879078726264 ], [ 75.895963409406022, 11.741879078726265 ], [ 75.895963409406022, 11.742777394010385 ], [ 75.893268463553653, 11.742777394010387 ], [ 75.893268463553653, 11.741879078726265 ], [ 75.88967520241718, 11.741879078726264 ], [ 75.88967520241718, 11.740980763442145 ], [ 75.886081941280707, 11.740980763442145 ], [ 75.886081941280707, 11.742777394010387 ], [ 75.885183625996589, 11.742777394010385 ], [ 75.885183625996589, 11.741879078726264 ], [ 75.88248868014422, 11.74187907872626 ], [ 75.88248868014422, 11.742777394010385 ], [ 75.879793734291866, 11.742777394010384 ], [ 75.879793734291866, 11.741879078726264 ], [ 75.877098788439511, 11.741879078726262 ], [ 75.877098788439511, 11.742777394010387 ], [ 75.875302157871275, 11.742777394010384 ], [ 75.875302157871275, 11.741879078726262 ], [ 75.874403842587142, 11.741879078726265 ], [ 75.874403842587142, 11.740980763442144 ], [ 75.873505527303024, 11.740980763442145 ], [ 75.873505527303024, 11.741879078726264 ], [ 75.872607212018906, 11.741879078726264 ], [ 75.872607212018906, 11.742777394010385 ], [ 75.871708896734788, 11.742777394010384 ], [ 75.871708896734788, 11.743675709294504 ], [ 75.866319005030093, 11.743675709294507 ], [ 75.866319005030093, 11.740980763442145 ], [ 75.865420689745946, 11.740980763442145 ], [ 75.865420689745946, 11.741879078726264 ], [ 75.86362405917771, 11.741879078726264 ], [ 75.86362405917771, 11.740980763442145 ], [ 75.862725743893606, 11.740980763442145 ], [ 75.862725743893606, 11.740082448158027 ], [ 75.86362405917771, 11.740082448158029 ], [ 75.86362405917771, 11.739184132873905 ], [ 75.861827428609473, 11.739184132873905 ], [ 75.861827428609473, 11.740980763442145 ], [ 75.860030798041237, 11.740980763442145 ], [ 75.860030798041237, 11.742777394010387 ] ] ], [ [ [ 75.89686172469014, 11.740082448158027 ], [ 75.895963409406022, 11.740082448158025 ], [ 75.895963409406022, 11.740980763442142 ], [ 75.89686172469014, 11.740980763442147 ], [ 75.89686172469014, 11.740082448158027 ] ] ], [ [ [ 75.909438138667809, 11.738285817589784 ], [ 75.910336453951942, 11.738285817589787 ], [ 75.910336453951942, 11.737387502305669 ], [ 75.909438138667809, 11.737387502305669 ], [ 75.909438138667809, 11.738285817589784 ] ] ], [ [ [ 75.914828030372533, 11.741879078726264 ], [ 75.915726345656665, 11.741879078726265 ], [ 75.915726345656665, 11.740082448158025 ], [ 75.916624660940769, 11.740082448158027 ], [ 75.916624660940769, 11.739184132873905 ], [ 75.919319606793124, 11.739184132873907 ], [ 75.919319606793124, 11.737387502305667 ], [ 75.917522976224888, 11.737387502305671 ], [ 75.917522976224888, 11.738285817589786 ], [ 75.915726345656665, 11.738285817589784 ], [ 75.915726345656665, 11.739184132873905 ], [ 75.914828030372533, 11.739184132873905 ], [ 75.914828030372533, 11.741879078726264 ] ] ], [ [ [ 75.919319606793124, 11.739184132873907 ], [ 75.919319606793124, 11.740980763442149 ], [ 75.920217922077242, 11.740980763442144 ], [ 75.920217922077242, 11.740082448158025 ], [ 75.92111623736136, 11.740082448158027 ], [ 75.92111623736136, 11.739184132873907 ], [ 75.919319606793124, 11.739184132873907 ] ] ], [ [ [ 75.914828030372533, 11.734692556453309 ], [ 75.9139297150884, 11.734692556453311 ], [ 75.9139297150884, 11.735590871737427 ], [ 75.914828030372533, 11.735590871737426 ], [ 75.914828030372533, 11.734692556453309 ] ] ], [ [ [ 75.90225161639485, 11.733794241169191 ], [ 75.901353301110731, 11.733794241169193 ], [ 75.901353301110731, 11.731997610600951 ], [ 75.89686172469014, 11.731997610600953 ], [ 75.89686172469014, 11.732895925885069 ], [ 75.897760039974258, 11.732895925885069 ], [ 75.897760039974258, 11.733794241169191 ], [ 75.900454985826613, 11.733794241169191 ], [ 75.900454985826613, 11.734692556453311 ], [ 75.90225161639485, 11.734692556453309 ], [ 75.90225161639485, 11.733794241169191 ] ] ], [ [ [ 75.89686172469014, 11.728404349464471 ], [ 75.895963409406022, 11.728404349464473 ], [ 75.895963409406022, 11.729302664748589 ], [ 75.89686172469014, 11.729302664748591 ], [ 75.89686172469014, 11.728404349464471 ] ] ], [ [ [ 75.887878571848944, 11.71313298963444 ], [ 75.886980256564826, 11.713132989634442 ], [ 75.886980256564826, 11.7113363590662 ], [ 75.886081941280707, 11.711336359066202 ], [ 75.886081941280707, 11.708641413213845 ], [ 75.885183625996589, 11.708641413213845 ], [ 75.885183625996589, 11.710438043782084 ], [ 75.884285310712457, 11.710438043782084 ], [ 75.884285310712457, 11.712234674350324 ], [ 75.883386995428339, 11.712234674350325 ], [ 75.883386995428339, 11.713132989634442 ], [ 75.88248868014422, 11.713132989634445 ], [ 75.88248868014422, 11.712234674350324 ], [ 75.881590364860102, 11.712234674350324 ], [ 75.881590364860102, 11.713132989634442 ], [ 75.880692049575984, 11.713132989634442 ], [ 75.880692049575984, 11.714031304918558 ], [ 75.881590364860102, 11.71403130491856 ], [ 75.881590364860102, 11.714929620202678 ], [ 75.88248868014422, 11.714929620202678 ], [ 75.88248868014422, 11.715827935486798 ], [ 75.883386995428339, 11.7158279354868 ], [ 75.883386995428339, 11.71492962020268 ], [ 75.884285310712457, 11.71492962020268 ], [ 75.884285310712457, 11.7158279354868 ], [ 75.887878571848944, 11.715827935486798 ], [ 75.887878571848944, 11.71313298963444 ] ], [ [ 75.885183625996589, 11.714031304918558 ], [ 75.885183625996589, 11.713132989634442 ], [ 75.886081941280707, 11.713132989634444 ], [ 75.886081941280707, 11.71403130491856 ], [ 75.885183625996589, 11.714031304918558 ] ] ], [ [ [ 75.887878571848944, 11.710438043782084 ], [ 75.887878571848944, 11.709539728497964 ], [ 75.886980256564826, 11.709539728497962 ], [ 75.886980256564826, 11.710438043782085 ], [ 75.887878571848944, 11.710438043782084 ] ] ], [ [ [ 75.911234769236046, 11.643064397473118 ], [ 75.912133084520164, 11.643064397473118 ], [ 75.912133084520164, 11.642166082188998 ], [ 75.913031399804282, 11.642166082188998 ], [ 75.913031399804282, 11.643064397473118 ], [ 75.914828030372533, 11.643064397473118 ], [ 75.914828030372533, 11.642166082189 ], [ 75.915726345656665, 11.642166082189 ], [ 75.915726345656665, 11.641267766904877 ], [ 75.917522976224888, 11.641267766904877 ], [ 75.917522976224888, 11.64036945162076 ], [ 75.914828030372533, 11.64036945162076 ], [ 75.914828030372533, 11.641267766904878 ], [ 75.913031399804282, 11.641267766904877 ], [ 75.913031399804282, 11.640369451620762 ], [ 75.912133084520164, 11.64036945162076 ], [ 75.912133084520164, 11.641267766904877 ], [ 75.911234769236046, 11.641267766904878 ], [ 75.911234769236046, 11.643064397473118 ] ] ], [ [ [ 75.920217922077242, 11.644861028041355 ], [ 75.920217922077242, 11.643064397473118 ], [ 75.919319606793124, 11.643064397473117 ], [ 75.919319606793124, 11.644861028041356 ], [ 75.920217922077242, 11.644861028041355 ] ] ], [ [ [ 75.939082543043753, 11.642166082188998 ], [ 75.939082543043753, 11.643064397473117 ], [ 75.939980858327871, 11.643064397473115 ], [ 75.939980858327871, 11.642166082189 ], [ 75.939082543043753, 11.642166082188998 ] ] ], [ [ [ 75.959743794578515, 11.647555973893716 ], [ 75.959743794578515, 11.645759343325475 ], [ 75.958845479294382, 11.645759343325475 ], [ 75.958845479294382, 11.647555973893715 ], [ 75.959743794578515, 11.647555973893716 ] ] ], [ [ [ 75.960642109862619, 11.643064397473117 ], [ 75.960642109862619, 11.642166082188998 ], [ 75.959743794578515, 11.642166082188997 ], [ 75.959743794578515, 11.640369451620758 ], [ 75.960642109862619, 11.64036945162076 ], [ 75.960642109862619, 11.639471136336637 ], [ 75.962438740430855, 11.639471136336638 ], [ 75.962438740430855, 11.637674505768402 ], [ 75.961540425146737, 11.637674505768404 ], [ 75.961540425146737, 11.638572821052518 ], [ 75.959743794578515, 11.63857282105252 ], [ 75.959743794578515, 11.639471136336638 ], [ 75.957947164010264, 11.63947113633664 ], [ 75.957947164010264, 11.64036945162076 ], [ 75.957048848726146, 11.640369451620758 ], [ 75.957048848726146, 11.64126776690488 ], [ 75.957947164010264, 11.641267766904878 ], [ 75.957947164010264, 11.643064397473118 ], [ 75.954353902873791, 11.643064397473115 ], [ 75.954353902873791, 11.642166082188997 ], [ 75.953455587589673, 11.642166082189 ], [ 75.953455587589673, 11.641267766904878 ], [ 75.95255727230554, 11.641267766904875 ], [ 75.95255727230554, 11.64036945162076 ], [ 75.953455587589673, 11.640369451620758 ], [ 75.953455587589673, 11.638572821052518 ], [ 75.947167380600831, 11.63857282105252 ], [ 75.947167380600831, 11.640369451620758 ], [ 75.948065695884949, 11.640369451620758 ], [ 75.948065695884949, 11.641267766904877 ], [ 75.948964011169068, 11.641267766904878 ], [ 75.948964011169068, 11.64036945162076 ], [ 75.950760641737304, 11.64036945162076 ], [ 75.950760641737304, 11.641267766904877 ], [ 75.949862326453186, 11.641267766904877 ], [ 75.949862326453186, 11.643064397473115 ], [ 75.95255727230554, 11.643064397473118 ], [ 75.95255727230554, 11.643962712757238 ], [ 75.951658957021422, 11.643962712757238 ], [ 75.951658957021422, 11.644861028041358 ], [ 75.941777488896108, 11.644861028041358 ], [ 75.941777488896108, 11.646657658609595 ], [ 75.942675804180226, 11.646657658609595 ], [ 75.942675804180226, 11.647555973893716 ], [ 75.943574119464358, 11.647555973893715 ], [ 75.943574119464358, 11.646657658609595 ], [ 75.945370750032595, 11.646657658609596 ], [ 75.945370750032595, 11.645759343325475 ], [ 75.946269065316713, 11.645759343325478 ], [ 75.946269065316713, 11.646657658609595 ], [ 75.947167380600831, 11.646657658609595 ], [ 75.947167380600831, 11.647555973893716 ], [ 75.948964011169068, 11.647555973893716 ], [ 75.948964011169068, 11.646657658609595 ], [ 75.950760641737304, 11.646657658609595 ], [ 75.950760641737304, 11.647555973893716 ], [ 75.95255727230554, 11.647555973893716 ], [ 75.95255727230554, 11.646657658609595 ], [ 75.957048848726146, 11.646657658609595 ], [ 75.957048848726146, 11.644861028041356 ], [ 75.957947164010264, 11.644861028041358 ], [ 75.957947164010264, 11.643962712757238 ], [ 75.959743794578515, 11.643962712757238 ], [ 75.959743794578515, 11.643064397473117 ], [ 75.960642109862619, 11.643064397473117 ] ], [ [ 75.954353902873791, 11.645759343325475 ], [ 75.954353902873791, 11.64486102804136 ], [ 75.955252218157909, 11.644861028041355 ], [ 75.955252218157909, 11.645759343325475 ], [ 75.954353902873791, 11.645759343325475 ] ] ], [ [ [ 75.947167380600831, 11.640369451620758 ], [ 75.946269065316713, 11.640369451620758 ], [ 75.946269065316713, 11.641267766904877 ], [ 75.944472434748477, 11.641267766904875 ], [ 75.944472434748477, 11.642166082189 ], [ 75.943574119464358, 11.642166082188998 ], [ 75.943574119464358, 11.640369451620755 ], [ 75.944472434748477, 11.64036945162076 ], [ 75.944472434748477, 11.639471136336638 ], [ 75.945370750032595, 11.639471136336638 ], [ 75.945370750032595, 11.638572821052518 ], [ 75.944472434748477, 11.63857282105252 ], [ 75.944472434748477, 11.6376745057684 ], [ 75.943574119464358, 11.637674505768398 ], [ 75.943574119464358, 11.63857282105252 ], [ 75.942675804180226, 11.638572821052518 ], [ 75.942675804180226, 11.63947113633664 ], [ 75.941777488896108, 11.639471136336638 ], [ 75.941777488896108, 11.641267766904877 ], [ 75.940879173611989, 11.641267766904878 ], [ 75.940879173611989, 11.643064397473118 ], [ 75.941777488896108, 11.643064397473117 ], [ 75.941777488896108, 11.643962712757236 ], [ 75.944472434748477, 11.64396271275724 ], [ 75.944472434748477, 11.643064397473118 ], [ 75.945370750032595, 11.643064397473117 ], [ 75.945370750032595, 11.643962712757238 ], [ 75.946269065316713, 11.643962712757236 ], [ 75.946269065316713, 11.643064397473117 ], [ 75.947167380600831, 11.643064397473117 ], [ 75.947167380600831, 11.640369451620758 ] ] ], [ [ [ 75.978608415545011, 11.680793639406138 ], [ 75.977710100260893, 11.680793639406136 ], [ 75.977710100260893, 11.681691954690258 ], [ 75.978608415545011, 11.681691954690256 ], [ 75.978608415545011, 11.680793639406138 ] ] ], [ [ [ 75.970523577987933, 11.708641413213845 ], [ 75.97232020855617, 11.708641413213844 ], [ 75.97232020855617, 11.707743097929722 ], [ 75.970523577987933, 11.707743097929722 ], [ 75.970523577987933, 11.708641413213845 ] ] ], [ [ [ 75.960642109862619, 11.708641413213845 ], [ 75.959743794578515, 11.708641413213844 ], [ 75.959743794578515, 11.713132989634442 ], [ 75.960642109862619, 11.713132989634442 ], [ 75.960642109862619, 11.71403130491856 ], [ 75.961540425146737, 11.714031304918558 ], [ 75.961540425146737, 11.71223467435032 ], [ 75.962438740430855, 11.712234674350324 ], [ 75.962438740430855, 11.711336359066202 ], [ 75.960642109862619, 11.711336359066202 ], [ 75.960642109862619, 11.708641413213845 ] ] ], [ [ [ 75.948964011169068, 11.722116142475636 ], [ 75.946269065316713, 11.722116142475636 ], [ 75.946269065316713, 11.723912773043875 ], [ 75.947167380600831, 11.723912773043876 ], [ 75.947167380600831, 11.725709403612113 ], [ 75.948065695884949, 11.725709403612113 ], [ 75.948065695884949, 11.723912773043876 ], [ 75.949862326453186, 11.723912773043876 ], [ 75.949862326453186, 11.723014457759758 ], [ 75.948964011169068, 11.723014457759755 ], [ 75.948964011169068, 11.722116142475636 ] ] ], [ [ [ 75.944472434748477, 11.725709403612116 ], [ 75.944472434748477, 11.726607718896235 ], [ 75.945370750032595, 11.726607718896236 ], [ 75.945370750032595, 11.725709403612113 ], [ 75.944472434748477, 11.725709403612116 ] ] ], [ [ [ 75.945370750032595, 11.733794241169191 ], [ 75.945370750032595, 11.734692556453309 ], [ 75.948065695884949, 11.734692556453309 ], [ 75.948065695884949, 11.733794241169191 ], [ 75.949862326453186, 11.733794241169191 ], [ 75.949862326453186, 11.737387502305666 ], [ 75.950760641737304, 11.737387502305667 ], [ 75.950760641737304, 11.735590871737426 ], [ 75.951658957021422, 11.735590871737427 ], [ 75.951658957021422, 11.734692556453307 ], [ 75.954353902873791, 11.734692556453309 ], [ 75.954353902873791, 11.735590871737426 ], [ 75.955252218157909, 11.735590871737426 ], [ 75.955252218157909, 11.736489187021553 ], [ 75.957947164010264, 11.736489187021553 ], [ 75.957947164010264, 11.735590871737427 ], [ 75.959743794578515, 11.735590871737424 ], [ 75.959743794578515, 11.734692556453309 ], [ 75.958845479294382, 11.734692556453309 ], [ 75.958845479294382, 11.732895925885069 ], [ 75.956150533442027, 11.732895925885069 ], [ 75.956150533442027, 11.729302664748591 ], [ 75.955252218157909, 11.729302664748591 ], [ 75.955252218157909, 11.727506034180353 ], [ 75.953455587589673, 11.727506034180355 ], [ 75.953455587589673, 11.728404349464475 ], [ 75.954353902873791, 11.728404349464473 ], [ 75.954353902873791, 11.730200980032713 ], [ 75.953455587589673, 11.730200980032711 ], [ 75.953455587589673, 11.731997610600949 ], [ 75.948065695884949, 11.731997610600953 ], [ 75.948065695884949, 11.732895925885069 ], [ 75.947167380600831, 11.732895925885071 ], [ 75.947167380600831, 11.733794241169191 ], [ 75.945370750032595, 11.733794241169191 ] ], [ [ 75.956150533442027, 11.735590871737429 ], [ 75.956150533442027, 11.734692556453307 ], [ 75.957048848726146, 11.734692556453311 ], [ 75.957048848726146, 11.735590871737429 ], [ 75.956150533442027, 11.735590871737429 ] ] ], [ [ [ 75.930997705486675, 11.736489187021551 ], [ 75.930997705486675, 11.739184132873907 ], [ 75.931896020770793, 11.739184132873907 ], [ 75.931896020770793, 11.736489187021551 ], [ 75.930997705486675, 11.736489187021551 ] ] ], [ [ [ 75.958845479294382, 11.732895925885069 ], [ 75.959743794578515, 11.732895925885067 ], [ 75.959743794578515, 11.731997610600951 ], [ 75.958845479294382, 11.731997610600953 ], [ 75.958845479294382, 11.732895925885069 ] ] ], [ [ [ 75.945370750032595, 11.726607718896236 ], [ 75.945370750032595, 11.727506034180351 ], [ 75.946269065316713, 11.727506034180353 ], [ 75.946269065316713, 11.726607718896235 ], [ 75.945370750032595, 11.726607718896236 ] ] ], [ [ [ 75.945370750032595, 11.727506034180351 ], [ 75.944472434748477, 11.727506034180355 ], [ 75.944472434748477, 11.729302664748593 ], [ 75.945370750032595, 11.729302664748591 ], [ 75.945370750032595, 11.727506034180351 ] ] ], [ [ [ 75.946269065316713, 11.723912773043875 ], [ 75.945370750032595, 11.723912773043873 ], [ 75.945370750032595, 11.724811088327993 ], [ 75.946269065316713, 11.724811088327995 ], [ 75.946269065316713, 11.723912773043875 ] ] ], [ [ [ 75.949862326453186, 11.723912773043876 ], [ 75.949862326453186, 11.724811088327996 ], [ 75.950760641737304, 11.724811088327995 ], [ 75.950760641737304, 11.725709403612111 ], [ 75.951658957021422, 11.725709403612116 ], [ 75.951658957021422, 11.723912773043876 ], [ 75.949862326453186, 11.723912773043876 ] ] ], [ [ [ 75.883386995428339, 11.7158279354868 ], [ 75.883386995428339, 11.71672625077092 ], [ 75.884285310712457, 11.716726250770918 ], [ 75.884285310712457, 11.7158279354868 ], [ 75.883386995428339, 11.7158279354868 ] ] ], [ [ [ 75.884285310712457, 11.716726250770918 ], [ 75.884285310712457, 11.720319511907398 ], [ 75.883386995428339, 11.720319511907396 ], [ 75.883386995428339, 11.721217827191516 ], [ 75.88248868014422, 11.721217827191516 ], [ 75.88248868014422, 11.722116142475638 ], [ 75.880692049575984, 11.722116142475638 ], [ 75.880692049575984, 11.723014457759756 ], [ 75.879793734291866, 11.723014457759756 ], [ 75.879793734291866, 11.722116142475638 ], [ 75.878895419007748, 11.722116142475636 ], [ 75.878895419007748, 11.721217827191516 ], [ 75.877997103723629, 11.721217827191518 ], [ 75.877997103723629, 11.723014457759756 ], [ 75.878895419007748, 11.723014457759756 ], [ 75.878895419007748, 11.723912773043875 ], [ 75.883386995428339, 11.723912773043873 ], [ 75.883386995428339, 11.722116142475636 ], [ 75.884285310712457, 11.722116142475638 ], [ 75.884285310712457, 11.721217827191518 ], [ 75.885183625996589, 11.721217827191516 ], [ 75.885183625996589, 11.718522881339156 ], [ 75.886081941280707, 11.718522881339156 ], [ 75.886081941280707, 11.71672625077092 ], [ 75.884285310712457, 11.716726250770918 ] ] ], [ [ [ 75.880692049575984, 11.747268970430985 ], [ 75.879793734291866, 11.747268970430985 ], [ 75.879793734291866, 11.74906560099922 ], [ 75.880692049575984, 11.74906560099922 ], [ 75.880692049575984, 11.747268970430985 ] ] ], [ [ [ 75.877098788439511, 11.745472339862744 ], [ 75.877098788439511, 11.746370655146864 ], [ 75.874403842587142, 11.746370655146864 ], [ 75.874403842587142, 11.747268970430984 ], [ 75.873505527303024, 11.747268970430985 ], [ 75.873505527303024, 11.749065600999224 ], [ 75.874403842587142, 11.749065600999222 ], [ 75.874403842587142, 11.748167285715105 ], [ 75.877098788439511, 11.748167285715104 ], [ 75.877098788439511, 11.747268970430984 ], [ 75.878895419007748, 11.747268970430985 ], [ 75.878895419007748, 11.745472339862744 ], [ 75.877098788439511, 11.745472339862744 ] ] ], [ [ [ 75.873505527303024, 11.749065600999224 ], [ 75.872607212018906, 11.74906560099922 ], [ 75.872607212018906, 11.749963916283344 ], [ 75.873505527303024, 11.749963916283342 ], [ 75.873505527303024, 11.749065600999224 ] ] ], [ [ [ 75.879793734291866, 11.74906560099922 ], [ 75.878895419007748, 11.749065600999222 ], [ 75.878895419007748, 11.748167285715104 ], [ 75.877997103723629, 11.748167285715104 ], [ 75.877997103723629, 11.750862231567464 ], [ 75.879793734291866, 11.750862231567462 ], [ 75.879793734291866, 11.751760546851578 ], [ 75.878895419007748, 11.751760546851578 ], [ 75.878895419007748, 11.752658862135696 ], [ 75.880692049575984, 11.752658862135698 ], [ 75.880692049575984, 11.75355717741982 ], [ 75.881590364860102, 11.753557177419818 ], [ 75.881590364860102, 11.750862231567462 ], [ 75.88248868014422, 11.750862231567464 ], [ 75.88248868014422, 11.749963916283342 ], [ 75.881590364860102, 11.74996391628334 ], [ 75.881590364860102, 11.74906560099922 ], [ 75.880692049575984, 11.74906560099922 ], [ 75.880692049575984, 11.749963916283338 ], [ 75.879793734291866, 11.74996391628334 ], [ 75.879793734291866, 11.74906560099922 ] ] ], [ [ [ 75.937285912475517, 11.727506034180355 ], [ 75.936387597191398, 11.727506034180355 ], [ 75.936387597191398, 11.728404349464473 ], [ 75.937285912475517, 11.728404349464475 ], [ 75.937285912475517, 11.727506034180355 ] ] ] ] } },
{ "type": "Feature", "properties": { "hotspot_id": 3, "area_km2": 32.451990228609262, "mean_risk": 0.3294, "max_risk": 0.4098, "built_area_km2": 1.4983 }, "geometry": { "type": "MultiPolygon", "coordinates": [ [ [ [ 76.071134889809329, 11.529876671674057 ], [ 76.072033205093447, 11.529876671674055 ], [ 76.072033205093447, 11.530774986958178 ], [ 76.073829835661684, 11.530774986958178 ], [ 76.073829835661684, 11.531673302242298 ], [ 76.07562646622992, 11.531673302242297 ], [ 76.07562646622992, 11.532571617526417 ], [ 76.076524781514038, 11.53257161752642 ], [ 76.076524781514038, 11.530774986958178 ], [ 76.077423096798157, 11.530774986958178 ], [ 76.077423096798157, 11.531673302242298 ], [ 76.078321412082275, 11.531673302242298 ], [ 76.078321412082275, 11.534368248094655 ], [ 76.077423096798157, 11.534368248094653 ], [ 76.077423096798157, 11.535266563378778 ], [ 76.074728150945802, 11.535266563378777 ], [ 76.074728150945802, 11.533469932810537 ], [ 76.073829835661684, 11.533469932810535 ], [ 76.073829835661684, 11.532571617526417 ], [ 76.072931520377566, 11.532571617526415 ], [ 76.072931520377566, 11.537063193947015 ], [ 76.073829835661684, 11.537063193947015 ], [ 76.073829835661684, 11.537961509231133 ], [ 76.07562646622992, 11.537961509231137 ], [ 76.07562646622992, 11.539758139799369 ], [ 76.076524781514038, 11.539758139799373 ], [ 76.076524781514038, 11.540656455083496 ], [ 76.077423096798157, 11.540656455083495 ], [ 76.077423096798157, 11.541554770367611 ], [ 76.078321412082275, 11.541554770367609 ], [ 76.078321412082275, 11.540656455083489 ], [ 76.079219727366393, 11.540656455083493 ], [ 76.079219727366393, 11.542453085651731 ], [ 76.080118042650525, 11.542453085651729 ], [ 76.080118042650525, 11.543351400935853 ], [ 76.079219727366393, 11.543351400935851 ], [ 76.079219727366393, 11.544249716219969 ], [ 76.080118042650525, 11.544249716219973 ], [ 76.080118042650525, 11.546944662072328 ], [ 76.078321412082275, 11.546944662072328 ], [ 76.078321412082275, 11.546046346788211 ], [ 76.077423096798157, 11.546046346788211 ], [ 76.077423096798157, 11.547842977356449 ], [ 76.076524781514038, 11.547842977356449 ], [ 76.076524781514038, 11.548741292640567 ], [ 76.074728150945802, 11.548741292640569 ], [ 76.074728150945802, 11.546046346788211 ], [ 76.072033205093447, 11.546046346788211 ], [ 76.072033205093447, 11.546944662072328 ], [ 76.073829835661684, 11.546944662072328 ], [ 76.073829835661684, 11.550537923208806 ], [ 76.077423096798157, 11.550537923208804 ], [ 76.077423096798157, 11.551436238492926 ], [ 76.081914673218762, 11.551436238492926 ], [ 76.081914673218762, 11.552334553777046 ], [ 76.083711303786998, 11.552334553777047 ], [ 76.083711303786998, 11.556826130197644 ], [ 76.084609619071117, 11.556826130197644 ], [ 76.084609619071117, 11.555927814913526 ], [ 76.086406249639353, 11.555927814913524 ], [ 76.086406249639353, 11.55772444548176 ], [ 76.091796141344076, 11.557724445481764 ], [ 76.091796141344076, 11.558622760765884 ], [ 76.08999951077584, 11.558622760765884 ], [ 76.08999951077584, 11.559521076050006 ], [ 76.092694456628195, 11.559521076050004 ], [ 76.092694456628195, 11.555927814913524 ], [ 76.096287717764667, 11.555927814913526 ], [ 76.096287717764667, 11.557724445481766 ], [ 76.095389402480549, 11.557724445481762 ], [ 76.095389402480549, 11.558622760765884 ], [ 76.097186033048786, 11.558622760765882 ], [ 76.097186033048786, 11.55772444548176 ], [ 76.098084348332904, 11.557724445481762 ], [ 76.098084348332904, 11.556826130197646 ], [ 76.099880978901155, 11.556826130197644 ], [ 76.099880978901155, 11.555927814913524 ], [ 76.100779294185273, 11.555927814913524 ], [ 76.100779294185273, 11.555029499629406 ], [ 76.101677609469391, 11.555029499629402 ], [ 76.101677609469391, 11.555927814913524 ], [ 76.1070675011741, 11.555927814913526 ], [ 76.1070675011741, 11.555029499629406 ], [ 76.107965816458218, 11.555029499629406 ], [ 76.107965816458218, 11.555927814913527 ], [ 76.109762447026469, 11.555927814913527 ], [ 76.109762447026469, 11.552334553777046 ], [ 76.110660762310587, 11.552334553777046 ], [ 76.110660762310587, 11.551436238492926 ], [ 76.112457392878824, 11.551436238492926 ], [ 76.112457392878824, 11.550537923208804 ], [ 76.113355708162942, 11.550537923208807 ], [ 76.113355708162942, 11.551436238492927 ], [ 76.11425402344706, 11.551436238492926 ], [ 76.11425402344706, 11.553232869061167 ], [ 76.115152338731178, 11.553232869061167 ], [ 76.115152338731178, 11.555927814913526 ], [ 76.116948969299415, 11.555927814913524 ], [ 76.116948969299415, 11.556826130197642 ], [ 76.116050654015297, 11.556826130197642 ], [ 76.116050654015297, 11.557724445481764 ], [ 76.118745599867651, 11.55772444548176 ], [ 76.118745599867651, 11.556826130197642 ], [ 76.120542230435902, 11.556826130197644 ], [ 76.120542230435902, 11.555029499629406 ], [ 76.119643915151784, 11.555029499629406 ], [ 76.119643915151784, 11.554131184345284 ], [ 76.118745599867651, 11.554131184345284 ], [ 76.118745599867651, 11.553232869061166 ], [ 76.116050654015297, 11.553232869061169 ], [ 76.116050654015297, 11.550537923208807 ], [ 76.118745599867651, 11.550537923208807 ], [ 76.118745599867651, 11.549639607924687 ], [ 76.116948969299415, 11.549639607924689 ], [ 76.116948969299415, 11.548741292640567 ], [ 76.119643915151784, 11.548741292640567 ], [ 76.119643915151784, 11.549639607924689 ], [ 76.120542230435902, 11.549639607924687 ], [ 76.120542230435902, 11.550537923208806 ], [ 76.12144054572002, 11.550537923208804 ], [ 76.12144054572002, 11.551436238492927 ], [ 76.124135491572375, 11.551436238492927 ], [ 76.124135491572375, 11.552334553777047 ], [ 76.125033806856493, 11.552334553777046 ], [ 76.125033806856493, 11.551436238492926 ], [ 76.127728752708848, 11.551436238492927 ], [ 76.127728752708848, 11.548741292640567 ], [ 76.128627067992966, 11.548741292640569 ], [ 76.128627067992966, 11.549639607924689 ], [ 76.129525383277098, 11.549639607924689 ], [ 76.129525383277098, 11.548741292640567 ], [ 76.130423698561216, 11.548741292640567 ], [ 76.130423698561216, 11.547842977356451 ], [ 76.131322013845335, 11.547842977356449 ], [ 76.131322013845335, 11.546944662072331 ], [ 76.130423698561216, 11.546944662072329 ], [ 76.130423698561216, 11.546046346788209 ], [ 76.134915274981807, 11.546046346788208 ], [ 76.134915274981807, 11.545148031504091 ], [ 76.135813590265926, 11.545148031504089 ], [ 76.135813590265926, 11.543351400935848 ], [ 76.134915274981807, 11.543351400935851 ], [ 76.134915274981807, 11.544249716219969 ], [ 76.132220329129453, 11.544249716219971 ], [ 76.132220329129453, 11.545148031504091 ], [ 76.130423698561216, 11.545148031504091 ], [ 76.130423698561216, 11.544249716219971 ], [ 76.131322013845335, 11.544249716219973 ], [ 76.131322013845335, 11.543351400935849 ], [ 76.134016959697689, 11.543351400935849 ], [ 76.134016959697689, 11.542453085651728 ], [ 76.134915274981807, 11.542453085651731 ], [ 76.134915274981807, 11.540656455083491 ], [ 76.134016959697689, 11.540656455083489 ], [ 76.134016959697689, 11.539758139799373 ], [ 76.133118644413571, 11.539758139799373 ], [ 76.133118644413571, 11.538859824515255 ], [ 76.136711905550044, 11.538859824515256 ], [ 76.136711905550044, 11.537063193947018 ], [ 76.135813590265926, 11.537063193947018 ], [ 76.135813590265926, 11.536164878662893 ], [ 76.134915274981807, 11.536164878662895 ], [ 76.134915274981807, 11.537063193947017 ], [ 76.134016959697689, 11.537063193947015 ], [ 76.134016959697689, 11.537961509231135 ], [ 76.132220329129453, 11.537961509231135 ], [ 76.132220329129453, 11.537063193947017 ], [ 76.130423698561216, 11.537063193947015 ], [ 76.130423698561216, 11.542453085651733 ], [ 76.128627067992966, 11.542453085651729 ], [ 76.128627067992966, 11.543351400935849 ], [ 76.126830437424729, 11.543351400935851 ], [ 76.126830437424729, 11.539758139799375 ], [ 76.125932122140611, 11.539758139799373 ], [ 76.125932122140611, 11.538859824515256 ], [ 76.123237176288256, 11.538859824515253 ], [ 76.123237176288256, 11.537961509231133 ], [ 76.126830437424729, 11.537961509231135 ], [ 76.126830437424729, 11.537063193947017 ], [ 76.129525383277098, 11.537063193947018 ], [ 76.129525383277098, 11.534368248094655 ], [ 76.130423698561216, 11.534368248094653 ], [ 76.130423698561216, 11.533469932810535 ], [ 76.131322013845335, 11.533469932810538 ], [ 76.131322013845335, 11.532571617526415 ], [ 76.130423698561216, 11.532571617526418 ], [ 76.130423698561216, 11.531673302242297 ], [ 76.129525383277098, 11.531673302242298 ], [ 76.129525383277098, 11.529876671674057 ], [ 76.130423698561216, 11.529876671674058 ], [ 76.130423698561216, 11.53077498695818 ], [ 76.131322013845335, 11.530774986958178 ], [ 76.131322013845335, 11.531673302242298 ], [ 76.132220329129453, 11.531673302242298 ], [ 76.132220329129453, 11.532571617526418 ], [ 76.133118644413571, 11.532571617526417 ], [ 76.133118644413571, 11.5316733022423 ], [ 76.136711905550044, 11.5316733022423 ], [ 76.136711905550044, 11.532571617526417 ], [ 76.137610220834162, 11.532571617526417 ], [ 76.137610220834162, 11.533469932810537 ], [ 76.138508536118295, 11.533469932810535 ], [ 76.138508536118295, 11.531673302242298 ], [ 76.139406851402413, 11.5316733022423 ], [ 76.139406851402413, 11.530774986958177 ], [ 76.141203481970649, 11.530774986958177 ], [ 76.141203481970649, 11.525385095253462 ], [ 76.139406851402413, 11.525385095253462 ], [ 76.139406851402413, 11.524486779969342 ], [ 76.138508536118295, 11.52448677996934 ], [ 76.138508536118295, 11.522690149401102 ], [ 76.136711905550044, 11.522690149401102 ], [ 76.136711905550044, 11.523588464685224 ], [ 76.135813590265926, 11.52358846468522 ], [ 76.135813590265926, 11.522690149401102 ], [ 76.134915274981807, 11.5226901494011 ], [ 76.134915274981807, 11.519995203548744 ], [ 76.135813590265926, 11.519995203548746 ], [ 76.135813590265926, 11.517300257696386 ], [ 76.138508536118295, 11.517300257696384 ], [ 76.138508536118295, 11.518198572980502 ], [ 76.139406851402413, 11.518198572980506 ], [ 76.139406851402413, 11.517300257696386 ], [ 76.140305166686531, 11.517300257696384 ], [ 76.140305166686531, 11.516401942412266 ], [ 76.138508536118295, 11.516401942412264 ], [ 76.138508536118295, 11.515503627128146 ], [ 76.136711905550044, 11.515503627128149 ], [ 76.136711905550044, 11.514605311844027 ], [ 76.139406851402413, 11.514605311844026 ], [ 76.139406851402413, 11.512808681275789 ], [ 76.140305166686531, 11.512808681275791 ], [ 76.140305166686531, 11.511910365991668 ], [ 76.137610220834162, 11.511910365991668 ], [ 76.137610220834162, 11.512808681275789 ], [ 76.135813590265926, 11.512808681275787 ], [ 76.135813590265926, 11.514605311844027 ], [ 76.134915274981807, 11.514605311844026 ], [ 76.134915274981807, 11.512808681275789 ], [ 76.134016959697689, 11.512808681275787 ], [ 76.134016959697689, 11.511910365991669 ], [ 76.133118644413571, 11.511910365991668 ], [ 76.133118644413571, 11.510113735423428 ], [ 76.135813590265926, 11.510113735423428 ], [ 76.135813590265926, 11.511012050707549 ], [ 76.139406851402413, 11.511012050707546 ], [ 76.139406851402413, 11.510113735423428 ], [ 76.136711905550044, 11.510113735423428 ], [ 76.136711905550044, 11.509215420139306 ], [ 76.137610220834162, 11.509215420139308 ], [ 76.137610220834162, 11.508317104855189 ], [ 76.135813590265926, 11.508317104855189 ], [ 76.135813590265926, 11.509215420139308 ], [ 76.134915274981807, 11.509215420139308 ], [ 76.134915274981807, 11.507418789571069 ], [ 76.132220329129453, 11.507418789571071 ], [ 76.132220329129453, 11.506520474286949 ], [ 76.131322013845335, 11.506520474286949 ], [ 76.131322013845335, 11.505622159002829 ], [ 76.134915274981807, 11.505622159002833 ], [ 76.134915274981807, 11.506520474286951 ], [ 76.135813590265926, 11.506520474286949 ], [ 76.135813590265926, 11.505622159002831 ], [ 76.136711905550044, 11.505622159002829 ], [ 76.136711905550044, 11.504723843718713 ], [ 76.135813590265926, 11.504723843718713 ], [ 76.135813590265926, 11.501130582582235 ], [ 76.136711905550044, 11.501130582582235 ], [ 76.136711905550044, 11.500232267298117 ], [ 76.135813590265926, 11.500232267298115 ], [ 76.135813590265926, 11.499333952013995 ], [ 76.139406851402413, 11.499333952013995 ], [ 76.139406851402413, 11.500232267298115 ], [ 76.140305166686531, 11.500232267298115 ], [ 76.140305166686531, 11.501130582582235 ], [ 76.141203481970649, 11.501130582582235 ], [ 76.141203481970649, 11.502028897866351 ], [ 76.142101797254767, 11.502028897866353 ], [ 76.142101797254767, 11.500232267298115 ], [ 76.143000112538886, 11.500232267298115 ], [ 76.143000112538886, 11.499333952013995 ], [ 76.143898427823004, 11.499333952013995 ], [ 76.143898427823004, 11.498435636729875 ], [ 76.141203481970649, 11.498435636729875 ], [ 76.141203481970649, 11.499333952013995 ], [ 76.140305166686531, 11.499333952013995 ], [ 76.140305166686531, 11.498435636729877 ], [ 76.139406851402413, 11.498435636729875 ], [ 76.139406851402413, 11.497537321445755 ], [ 76.134915274981807, 11.497537321445755 ], [ 76.134915274981807, 11.496639006161635 ], [ 76.133118644413571, 11.496639006161635 ], [ 76.133118644413571, 11.495740690877515 ], [ 76.134016959697689, 11.495740690877511 ], [ 76.134016959697689, 11.494842375593397 ], [ 76.133118644413571, 11.4948423755934 ], [ 76.133118644413571, 11.493944060309277 ], [ 76.125932122140611, 11.493944060309275 ], [ 76.125932122140611, 11.491249114456917 ], [ 76.122338861004138, 11.49124911445692 ], [ 76.122338861004138, 11.490350799172798 ], [ 76.117847284583533, 11.490350799172797 ], [ 76.117847284583533, 11.49124911445692 ], [ 76.116050654015297, 11.491249114456918 ], [ 76.116050654015297, 11.488554168604562 ], [ 76.11425402344706, 11.488554168604562 ], [ 76.11425402344706, 11.489452483888678 ], [ 76.115152338731178, 11.489452483888675 ], [ 76.115152338731178, 11.491249114456918 ], [ 76.11425402344706, 11.49124911445692 ], [ 76.11425402344706, 11.490350799172798 ], [ 76.113355708162942, 11.4903507991728 ], [ 76.113355708162942, 11.48945248388868 ], [ 76.112457392878824, 11.489452483888678 ], [ 76.112457392878824, 11.488554168604562 ], [ 76.11155907759472, 11.488554168604562 ], [ 76.11155907759472, 11.489452483888677 ], [ 76.110660762310587, 11.489452483888677 ], [ 76.110660762310587, 11.493944060309277 ], [ 76.109762447026469, 11.493944060309277 ], [ 76.109762447026469, 11.494842375593397 ], [ 76.108864131742337, 11.494842375593395 ], [ 76.108864131742337, 11.493944060309275 ], [ 76.107965816458218, 11.493944060309277 ], [ 76.107965816458218, 11.494842375593397 ], [ 76.106169185889996, 11.494842375593397 ], [ 76.106169185889996, 11.496639006161635 ], [ 76.104372555321746, 11.496639006161635 ], [ 76.104372555321746, 11.497537321445755 ], [ 76.105270870605864, 11.497537321445757 ], [ 76.105270870605864, 11.498435636729878 ], [ 76.1070675011741, 11.498435636729877 ], [ 76.1070675011741, 11.499333952013995 ], [ 76.107965816458218, 11.499333952013995 ], [ 76.107965816458218, 11.500232267298117 ], [ 76.106169185889996, 11.500232267298115 ], [ 76.106169185889996, 11.499333952013997 ], [ 76.105270870605864, 11.499333952013995 ], [ 76.105270870605864, 11.500232267298115 ], [ 76.099880978901155, 11.500232267298115 ], [ 76.099880978901155, 11.501130582582235 ], [ 76.102575924753509, 11.501130582582237 ], [ 76.102575924753509, 11.502028897866351 ], [ 76.101677609469391, 11.502028897866355 ], [ 76.101677609469391, 11.502927213150475 ], [ 76.104372555321746, 11.502927213150475 ], [ 76.104372555321746, 11.503825528434591 ], [ 76.106169185889996, 11.503825528434595 ], [ 76.106169185889996, 11.505622159002828 ], [ 76.105270870605864, 11.505622159002831 ], [ 76.105270870605864, 11.504723843718713 ], [ 76.102575924753509, 11.504723843718711 ], [ 76.102575924753509, 11.505622159002833 ], [ 76.103474240037627, 11.505622159002831 ], [ 76.103474240037627, 11.506520474286951 ], [ 76.104372555321746, 11.506520474286951 ], [ 76.104372555321746, 11.507418789571068 ], [ 76.103474240037627, 11.507418789571071 ], [ 76.103474240037627, 11.508317104855193 ], [ 76.102575924753509, 11.508317104855189 ], [ 76.102575924753509, 11.507418789571069 ], [ 76.101677609469391, 11.507418789571068 ], [ 76.101677609469391, 11.509215420139306 ], [ 76.100779294185273, 11.509215420139309 ], [ 76.100779294185273, 11.507418789571069 ], [ 76.099880978901155, 11.507418789571069 ], [ 76.099880978901155, 11.505622159002831 ], [ 76.098982663617022, 11.505622159002829 ], [ 76.098982663617022, 11.504723843718713 ], [ 76.097186033048786, 11.504723843718713 ], [ 76.097186033048786, 11.505622159002829 ], [ 76.095389402480549, 11.505622159002831 ], [ 76.095389402480549, 11.506520474286951 ], [ 76.094491087196431, 11.506520474286953 ], [ 76.094491087196431, 11.507418789571069 ], [ 76.092694456628195, 11.507418789571071 ], [ 76.092694456628195, 11.506520474286951 ], [ 76.093592771912313, 11.506520474286956 ], [ 76.093592771912313, 11.501130582582235 ], [ 76.092694456628195, 11.501130582582235 ], [ 76.092694456628195, 11.502028897866353 ], [ 76.091796141344076, 11.502028897866351 ], [ 76.091796141344076, 11.502927213150473 ], [ 76.090897826059958, 11.502927213150473 ], [ 76.090897826059958, 11.502028897866351 ], [ 76.08999951077584, 11.502028897866351 ], [ 76.08999951077584, 11.505622159002831 ], [ 76.089101195491708, 11.505622159002831 ], [ 76.089101195491708, 11.511012050707548 ], [ 76.090897826059958, 11.511012050707546 ], [ 76.090897826059958, 11.511910365991669 ], [ 76.08999951077584, 11.511910365991669 ], [ 76.08999951077584, 11.513706996559907 ], [ 76.090897826059958, 11.513706996559906 ], [ 76.090897826059958, 11.514605311844026 ], [ 76.08999951077584, 11.514605311844029 ], [ 76.08999951077584, 11.515503627128147 ], [ 76.088202880207589, 11.515503627128147 ], [ 76.088202880207589, 11.517300257696386 ], [ 76.087304564923471, 11.517300257696386 ], [ 76.087304564923471, 11.518198572980506 ], [ 76.086406249639353, 11.518198572980507 ], [ 76.086406249639353, 11.516401942412264 ], [ 76.085507934355235, 11.516401942412262 ], [ 76.085507934355235, 11.51909688826462 ], [ 76.083711303786998, 11.519096888264622 ], [ 76.083711303786998, 11.520893518832866 ], [ 76.08281298850288, 11.520893518832862 ], [ 76.08281298850288, 11.521791834116982 ], [ 76.083711303786998, 11.521791834116986 ], [ 76.083711303786998, 11.522690149401102 ], [ 76.08281298850288, 11.5226901494011 ], [ 76.08281298850288, 11.524486779969342 ], [ 76.083711303786998, 11.52448677996934 ], [ 76.083711303786998, 11.528080041105818 ], [ 76.08281298850288, 11.528080041105817 ], [ 76.08281298850288, 11.530774986958177 ], [ 76.081914673218762, 11.530774986958178 ], [ 76.081914673218762, 11.529876671674058 ], [ 76.081016357934644, 11.529876671674057 ], [ 76.081016357934644, 11.528978356389938 ], [ 76.080118042650525, 11.52897835638994 ], [ 76.080118042650525, 11.528080041105818 ], [ 76.079219727366393, 11.52808004110582 ], [ 76.079219727366393, 11.526283410537578 ], [ 76.077423096798157, 11.52628341053758 ], [ 76.077423096798157, 11.527181725821697 ], [ 76.078321412082275, 11.527181725821698 ], [ 76.078321412082275, 11.528080041105818 ], [ 76.07562646622992, 11.528080041105822 ], [ 76.07562646622992, 11.527181725821697 ], [ 76.072033205093447, 11.527181725821697 ], [ 76.072033205093447, 11.528978356389942 ], [ 76.071134889809329, 11.528978356389938 ], [ 76.071134889809329, 11.529876671674057 ] ], [ [ 76.11425402344706, 11.551436238492926 ], [ 76.11425402344706, 11.549639607924687 ], [ 76.115152338731178, 11.549639607924684 ], [ 76.115152338731178, 11.551436238492926 ], [ 76.11425402344706, 11.551436238492926 ] ], [ [ 76.116948969299415, 11.555927814913524 ], [ 76.116948969299415, 11.555029499629406 ], [ 76.118745599867651, 11.555029499629404 ], [ 76.118745599867651, 11.555927814913526 ], [ 76.116948969299415, 11.555927814913524 ] ], [ [ 76.126830437424729, 11.543351400935851 ], [ 76.126830437424729, 11.544249716219971 ], [ 76.125033806856493, 11.544249716219971 ], [ 76.125033806856493, 11.545148031504089 ], [ 76.127728752708848, 11.545148031504091 ], [ 76.127728752708848, 11.546046346788209 ], [ 76.128627067992966, 11.546046346788209 ], [ 76.128627067992966, 11.546944662072328 ], [ 76.127728752708848, 11.546944662072328 ], [ 76.127728752708848, 11.547842977356447 ], [ 76.126830437424729, 11.547842977356449 ], [ 76.126830437424729, 11.548741292640567 ], [ 76.125033806856493, 11.548741292640567 ], [ 76.125033806856493, 11.547842977356449 ], [ 76.123237176288256, 11.547842977356449 ], [ 76.123237176288256, 11.546944662072328 ], [ 76.125033806856493, 11.546944662072328 ], [ 76.125033806856493, 11.546046346788211 ], [ 76.124135491572375, 11.546046346788209 ], [ 76.124135491572375, 11.545148031504091 ], [ 76.123237176288256, 11.545148031504089 ], [ 76.123237176288256, 11.544249716219969 ], [ 76.122338861004138, 11.544249716219971 ], [ 76.122338861004138, 11.543351400935851 ], [ 76.123237176288256, 11.543351400935853 ], [ 76.123237176288256, 11.542453085651733 ], [ 76.125932122140611, 11.542453085651731 ], [ 76.125932122140611, 11.543351400935849 ], [ 76.126830437424729, 11.543351400935851 ] ], [ [ 76.122338861004138, 11.544249716219971 ], [ 76.122338861004138, 11.546046346788208 ], [ 76.12144054572002, 11.546046346788211 ], [ 76.12144054572002, 11.544249716219969 ], [ 76.122338861004138, 11.544249716219971 ] ], [ [ 76.123237176288256, 11.542453085651733 ], [ 76.122338861004138, 11.542453085651729 ], [ 76.122338861004138, 11.541554770367611 ], [ 76.123237176288256, 11.541554770367613 ], [ 76.123237176288256, 11.542453085651733 ] ], [ [ 76.123237176288256, 11.538859824515253 ], [ 76.123237176288256, 11.539758139799371 ], [ 76.122338861004138, 11.539758139799369 ], [ 76.122338861004138, 11.538859824515255 ], [ 76.123237176288256, 11.538859824515253 ] ], [ [ 76.125932122140611, 11.493944060309275 ], [ 76.125932122140611, 11.494842375593398 ], [ 76.125033806856493, 11.494842375593395 ], [ 76.125033806856493, 11.493944060309277 ], [ 76.125932122140611, 11.493944060309275 ] ], [ [ 76.125932122140611, 11.494842375593398 ], [ 76.128627067992966, 11.494842375593397 ], [ 76.128627067992966, 11.495740690877517 ], [ 76.125932122140611, 11.495740690877517 ], [ 76.125932122140611, 11.494842375593398 ] ], [ [ 76.125033806856493, 11.493944060309277 ], [ 76.124135491572375, 11.493944060309278 ], [ 76.124135491572375, 11.49304574502516 ], [ 76.125033806856493, 11.493045745025157 ], [ 76.125033806856493, 11.493944060309277 ] ], [ [ 76.124135491572375, 11.493944060309278 ], [ 76.124135491572375, 11.494842375593397 ], [ 76.123237176288256, 11.494842375593398 ], [ 76.123237176288256, 11.493944060309277 ], [ 76.124135491572375, 11.493944060309278 ] ], [ [ 76.124135491572375, 11.49304574502516 ], [ 76.12144054572002, 11.493045745025158 ], [ 76.12144054572002, 11.493944060309278 ], [ 76.120542230435902, 11.493944060309277 ], [ 76.120542230435902, 11.492147429741035 ], [ 76.124135491572375, 11.492147429741037 ], [ 76.124135491572375, 11.49304574502516 ] ], [ [ 76.109762447026469, 11.494842375593397 ], [ 76.110660762310587, 11.494842375593397 ], [ 76.110660762310587, 11.495740690877513 ], [ 76.109762447026469, 11.495740690877513 ], [ 76.109762447026469, 11.494842375593397 ] ], [ [ 76.107965816458218, 11.499333952013995 ], [ 76.107965816458218, 11.498435636729878 ], [ 76.108864131742337, 11.498435636729875 ], [ 76.108864131742337, 11.497537321445755 ], [ 76.109762447026469, 11.497537321445755 ], [ 76.109762447026469, 11.496639006161635 ], [ 76.110660762310587, 11.496639006161637 ], [ 76.110660762310587, 11.499333952013993 ], [ 76.107965816458218, 11.499333952013995 ] ], [ [ 76.107965816458218, 11.500232267298117 ], [ 76.108864131742337, 11.500232267298115 ], [ 76.108864131742337, 11.501130582582235 ], [ 76.109762447026469, 11.501130582582233 ], [ 76.109762447026469, 11.502028897866349 ], [ 76.110660762310587, 11.502028897866353 ], [ 76.110660762310587, 11.502927213150475 ], [ 76.11155907759472, 11.502927213150475 ], [ 76.11155907759472, 11.503825528434595 ], [ 76.112457392878824, 11.503825528434593 ], [ 76.112457392878824, 11.505622159002829 ], [ 76.110660762310587, 11.505622159002833 ], [ 76.110660762310587, 11.504723843718713 ], [ 76.108864131742337, 11.504723843718715 ], [ 76.108864131742337, 11.505622159002829 ], [ 76.107965816458218, 11.505622159002833 ], [ 76.107965816458218, 11.503825528434593 ], [ 76.108864131742337, 11.503825528434595 ], [ 76.108864131742337, 11.502927213150473 ], [ 76.1070675011741, 11.502927213150475 ], [ 76.1070675011741, 11.502028897866349 ], [ 76.107965816458218, 11.502028897866357 ], [ 76.107965816458218, 11.500232267298117 ] ], [ [ 76.132220329129453, 11.53077498695818 ], [ 76.132220329129453, 11.528978356389937 ], [ 76.131322013845335, 11.52897835638994 ], [ 76.131322013845335, 11.52808004110582 ], [ 76.130423698561216, 11.52808004110582 ], [ 76.130423698561216, 11.52897835638994 ], [ 76.128627067992966, 11.528978356389938 ], [ 76.128627067992966, 11.52808004110582 ], [ 76.129525383277098, 11.528080041105822 ], [ 76.129525383277098, 11.527181725821697 ], [ 76.131322013845335, 11.527181725821698 ], [ 76.131322013845335, 11.526283410537577 ], [ 76.128627067992966, 11.526283410537575 ], [ 76.128627067992966, 11.524486779969342 ], [ 76.127728752708848, 11.524486779969342 ], [ 76.127728752708848, 11.52358846468522 ], [ 76.126830437424729, 11.52358846468522 ], [ 76.126830437424729, 11.522690149401102 ], [ 76.128627067992966, 11.522690149401102 ], [ 76.128627067992966, 11.521791834116982 ], [ 76.131322013845335, 11.521791834116984 ], [ 76.131322013845335, 11.520893518832864 ], [ 76.133118644413571, 11.520893518832867 ], [ 76.133118644413571, 11.524486779969344 ], [ 76.134016959697689, 11.524486779969342 ], [ 76.134016959697689, 11.526283410537577 ], [ 76.134915274981807, 11.526283410537578 ], [ 76.134915274981807, 11.525385095253462 ], [ 76.135813590265926, 11.52538509525346 ], [ 76.135813590265926, 11.526283410537578 ], [ 76.136711905550044, 11.526283410537582 ], [ 76.136711905550044, 11.5271817258217 ], [ 76.138508536118295, 11.527181725821697 ], [ 76.138508536118295, 11.528978356389938 ], [ 76.140305166686531, 11.528978356389942 ], [ 76.140305166686531, 11.529876671674058 ], [ 76.138508536118295, 11.52987667167406 ], [ 76.138508536118295, 11.530774986958177 ], [ 76.136711905550044, 11.530774986958177 ], [ 76.136711905550044, 11.529876671674062 ], [ 76.133118644413571, 11.529876671674055 ], [ 76.133118644413571, 11.53077498695818 ], [ 76.132220329129453, 11.53077498695818 ] ], [ [ 76.130423698561216, 11.503825528434593 ], [ 76.130423698561216, 11.502927213150471 ], [ 76.128627067992966, 11.502927213150477 ], [ 76.128627067992966, 11.502028897866353 ], [ 76.129525383277098, 11.502028897866353 ], [ 76.129525383277098, 11.501130582582233 ], [ 76.127728752708848, 11.501130582582235 ], [ 76.127728752708848, 11.497537321445755 ], [ 76.128627067992966, 11.497537321445757 ], [ 76.128627067992966, 11.498435636729877 ], [ 76.130423698561216, 11.498435636729875 ], [ 76.130423698561216, 11.500232267298115 ], [ 76.131322013845335, 11.500232267298115 ], [ 76.131322013845335, 11.499333952013995 ], [ 76.132220329129453, 11.499333952013995 ], [ 76.132220329129453, 11.501130582582235 ], [ 76.134016959697689, 11.501130582582235 ], [ 76.134016959697689, 11.502028897866353 ], [ 76.133118644413571, 11.502028897866351 ], [ 76.133118644413571, 11.502927213150473 ], [ 76.132220329129453, 11.502927213150475 ], [ 76.132220329129453, 11.503825528434593 ], [ 76.130423698561216, 11.503825528434593 ] ], [ [ 76.134016959697689, 11.501130582582235 ], [ 76.134016959697689, 11.500232267298115 ], [ 76.134915274981807, 11.500232267298115 ], [ 76.134915274981807, 11.501130582582235 ], [ 76.134016959697689, 11.501130582582235 ] ], [ [ 76.134016959697689, 11.500232267298115 ], [ 76.133118644413571, 11.500232267298117 ], [ 76.133118644413571, 11.499333952013995 ], [ 76.134016959697689, 11.499333952013995 ], [ 76.134016959697689, 11.500232267298115 ] ], [ [ 76.131322013845335, 11.516401942412267 ], [ 76.131322013845335, 11.515503627128147 ], [ 76.132220329129453, 11.515503627128149 ], [ 76.132220329129453, 11.514605311844027 ], [ 76.131322013845335, 11.514605311844026 ], [ 76.131322013845335, 11.513706996559909 ], [ 76.130423698561216, 11.513706996559909 ], [ 76.130423698561216, 11.512808681275789 ], [ 76.133118644413571, 11.512808681275787 ], [ 76.133118644413571, 11.516401942412266 ], [ 76.131322013845335, 11.516401942412267 ] ], [ [ 76.131322013845335, 11.542453085651733 ], [ 76.131322013845335, 11.541554770367611 ], [ 76.132220329129453, 11.541554770367613 ], [ 76.132220329129453, 11.542453085651731 ], [ 76.131322013845335, 11.542453085651733 ] ], [ [ 76.128627067992966, 11.511910365991669 ], [ 76.128627067992966, 11.511012050707548 ], [ 76.127728752708848, 11.511012050707548 ], [ 76.127728752708848, 11.510113735423429 ], [ 76.126830437424729, 11.510113735423428 ], [ 76.126830437424729, 11.508317104855189 ], [ 76.125932122140611, 11.508317104855189 ], [ 76.125932122140611, 11.507418789571071 ], [ 76.128627067992966, 11.507418789571071 ], [ 76.128627067992966, 11.508317104855191 ], [ 76.129525383277098, 11.508317104855186 ], [ 76.129525383277098, 11.510113735423428 ], [ 76.131322013845335, 11.510113735423431 ], [ 76.131322013845335, 11.511910365991669 ], [ 76.128627067992966, 11.511910365991669 ] ], [ [ 76.129525383277098, 11.508317104855186 ], [ 76.129525383277098, 11.507418789571071 ], [ 76.131322013845335, 11.507418789571071 ], [ 76.131322013845335, 11.509215420139309 ], [ 76.130423698561216, 11.509215420139308 ], [ 76.130423698561216, 11.508317104855193 ], [ 76.129525383277098, 11.508317104855186 ] ], [ [ 76.129525383277098, 11.495740690877513 ], [ 76.129525383277098, 11.494842375593395 ], [ 76.130423698561216, 11.494842375593398 ], [ 76.130423698561216, 11.495740690877515 ], [ 76.129525383277098, 11.495740690877513 ] ], [ [ 76.127728752708848, 11.504723843718709 ], [ 76.127728752708848, 11.503825528434591 ], [ 76.128627067992966, 11.503825528434593 ], [ 76.128627067992966, 11.504723843718711 ], [ 76.127728752708848, 11.504723843718709 ] ], [ [ 76.125932122140611, 11.516401942412264 ], [ 76.125932122140611, 11.515503627128147 ], [ 76.126830437424729, 11.515503627128149 ], [ 76.126830437424729, 11.514605311844027 ], [ 76.127728752708848, 11.514605311844026 ], [ 76.127728752708848, 11.516401942412264 ], [ 76.125932122140611, 11.516401942412264 ] ], [ [ 76.126830437424729, 11.536164878662895 ], [ 76.126830437424729, 11.534368248094653 ], [ 76.127728752708848, 11.534368248094653 ], [ 76.127728752708848, 11.536164878662895 ], [ 76.126830437424729, 11.536164878662895 ] ], [ [ 76.125932122140611, 11.501130582582235 ], [ 76.125932122140611, 11.500232267298115 ], [ 76.126830437424729, 11.500232267298115 ], [ 76.126830437424729, 11.501130582582235 ], [ 76.125932122140611, 11.501130582582235 ] ], [ [ 76.123237176288256, 11.503825528434593 ], [ 76.123237176288256, 11.502927213150473 ], [ 76.124135491572375, 11.502927213150471 ], [ 76.124135491572375, 11.503825528434591 ], [ 76.123237176288256, 11.503825528434593 ] ], [ [ 76.124135491572375, 11.503825528434591 ], [ 76.126830437424729, 11.503825528434593 ], [ 76.126830437424729, 11.504723843718713 ], [ 76.124135491572375, 11.504723843718713 ], [ 76.124135491572375, 11.503825528434591 ] ], [ [ 76.122338861004138, 11.549639607924689 ], [ 76.122338861004138, 11.548741292640567 ], [ 76.124135491572375, 11.548741292640567 ], [ 76.124135491572375, 11.549639607924689 ], [ 76.122338861004138, 11.549639607924689 ] ], [ [ 76.124135491572375, 11.549639607924689 ], [ 76.126830437424729, 11.549639607924689 ], [ 76.126830437424729, 11.550537923208807 ], [ 76.124135491572375, 11.550537923208804 ], [ 76.124135491572375, 11.549639607924689 ] ], [ [ 76.123237176288256, 11.52628341053758 ], [ 76.123237176288256, 11.525385095253462 ], [ 76.122338861004138, 11.525385095253462 ], [ 76.122338861004138, 11.524486779969342 ], [ 76.123237176288256, 11.524486779969344 ], [ 76.123237176288256, 11.523588464685222 ], [ 76.124135491572375, 11.52358846468522 ], [ 76.124135491572375, 11.52448677996934 ], [ 76.125033806856493, 11.524486779969342 ], [ 76.125033806856493, 11.525385095253462 ], [ 76.124135491572375, 11.525385095253462 ], [ 76.124135491572375, 11.526283410537577 ], [ 76.123237176288256, 11.52628341053758 ] ], [ [ 76.124135491572375, 11.52358846468522 ], [ 76.124135491572375, 11.5226901494011 ], [ 76.125932122140611, 11.5226901494011 ], [ 76.125932122140611, 11.52358846468522 ], [ 76.124135491572375, 11.52358846468522 ] ], [ [ 76.122338861004138, 11.5316733022423 ], [ 76.122338861004138, 11.529876671674057 ], [ 76.12144054572002, 11.529876671674057 ], [ 76.12144054572002, 11.52808004110582 ], [ 76.123237176288256, 11.528080041105818 ], [ 76.123237176288256, 11.527181725821698 ], [ 76.125932122140611, 11.5271817258217 ], [ 76.125932122140611, 11.528080041105818 ], [ 76.125033806856493, 11.528080041105818 ], [ 76.125033806856493, 11.528978356389938 ], [ 76.125932122140611, 11.52897835638994 ], [ 76.125932122140611, 11.530774986958175 ], [ 76.125033806856493, 11.530774986958177 ], [ 76.125033806856493, 11.52987667167406 ], [ 76.124135491572375, 11.529876671674058 ], [ 76.124135491572375, 11.530774986958177 ], [ 76.123237176288256, 11.530774986958177 ], [ 76.123237176288256, 11.531673302242298 ], [ 76.122338861004138, 11.5316733022423 ] ], [ [ 76.123237176288256, 11.496639006161638 ], [ 76.123237176288256, 11.495740690877513 ], [ 76.124135491572375, 11.495740690877513 ], [ 76.124135491572375, 11.496639006161635 ], [ 76.123237176288256, 11.496639006161638 ] ], [ [ 76.12144054572002, 11.499333952013993 ], [ 76.12144054572002, 11.498435636729877 ], [ 76.122338861004138, 11.498435636729875 ], [ 76.122338861004138, 11.499333952013995 ], [ 76.12144054572002, 11.499333952013993 ] ], [ [ 76.122338861004138, 11.498435636729875 ], [ 76.122338861004138, 11.497537321445757 ], [ 76.124135491572375, 11.497537321445755 ], [ 76.124135491572375, 11.498435636729875 ], [ 76.122338861004138, 11.498435636729875 ] ], [ [ 76.12144054572002, 11.507418789571073 ], [ 76.12144054572002, 11.505622159002831 ], [ 76.122338861004138, 11.505622159002829 ], [ 76.122338861004138, 11.506520474286948 ], [ 76.123237176288256, 11.506520474286951 ], [ 76.123237176288256, 11.507418789571071 ], [ 76.12144054572002, 11.507418789571073 ] ], [ [ 76.123237176288256, 11.507418789571071 ], [ 76.124135491572375, 11.507418789571071 ], [ 76.124135491572375, 11.508317104855189 ], [ 76.123237176288256, 11.508317104855191 ], [ 76.123237176288256, 11.507418789571071 ] ], [ [ 76.120542230435902, 11.517300257696384 ], [ 76.120542230435902, 11.516401942412262 ], [ 76.12144054572002, 11.516401942412264 ], [ 76.12144054572002, 11.517300257696386 ], [ 76.120542230435902, 11.517300257696384 ] ], [ [ 76.12144054572002, 11.517300257696386 ], [ 76.122338861004138, 11.517300257696386 ], [ 76.122338861004138, 11.518198572980506 ], [ 76.12144054572002, 11.518198572980506 ], [ 76.12144054572002, 11.517300257696386 ] ], [ [ 76.120542230435902, 11.520893518832864 ], [ 76.120542230435902, 11.519995203548742 ], [ 76.12144054572002, 11.519995203548746 ], [ 76.12144054572002, 11.520893518832864 ], [ 76.120542230435902, 11.520893518832864 ] ], [ [ 76.12144054572002, 11.519995203548746 ], [ 76.12144054572002, 11.51909688826462 ], [ 76.122338861004138, 11.519096888264626 ], [ 76.122338861004138, 11.519995203548744 ], [ 76.12144054572002, 11.519995203548746 ] ], [ [ 76.12144054572002, 11.534368248094655 ], [ 76.12144054572002, 11.533469932810537 ], [ 76.122338861004138, 11.533469932810535 ], [ 76.122338861004138, 11.534368248094653 ], [ 76.12144054572002, 11.534368248094655 ] ], [ [ 76.120542230435902, 11.515503627128147 ], [ 76.120542230435902, 11.514605311844027 ], [ 76.12144054572002, 11.514605311844024 ], [ 76.12144054572002, 11.515503627128147 ], [ 76.120542230435902, 11.515503627128147 ] ], [ [ 76.112457392878824, 11.5226901494011 ], [ 76.112457392878824, 11.521791834116982 ], [ 76.113355708162942, 11.521791834116982 ], [ 76.113355708162942, 11.5226901494011 ], [ 76.112457392878824, 11.5226901494011 ] ], [ [ 76.113355708162942, 11.5226901494011 ], [ 76.11425402344706, 11.522690149401102 ], [ 76.11425402344706, 11.52358846468522 ], [ 76.113355708162942, 11.52358846468522 ], [ 76.113355708162942, 11.5226901494011 ] ], [ [ 76.11425402344706, 11.522690149401102 ], [ 76.11425402344706, 11.519995203548744 ], [ 76.116050654015297, 11.51999520354874 ], [ 76.116050654015297, 11.519096888264624 ], [ 76.115152338731178, 11.519096888264624 ], [ 76.115152338731178, 11.517300257696387 ], [ 76.116050654015297, 11.517300257696386 ], [ 76.116050654015297, 11.516401942412264 ], [ 76.116948969299415, 11.516401942412264 ], [ 76.116948969299415, 11.514605311844024 ], [ 76.115152338731178, 11.514605311844027 ], [ 76.115152338731178, 11.513706996559906 ], [ 76.113355708162942, 11.513706996559909 ], [ 76.113355708162942, 11.514605311844029 ], [ 76.11425402344706, 11.514605311844026 ], [ 76.11425402344706, 11.516401942412264 ], [ 76.110660762310587, 11.516401942412262 ], [ 76.110660762310587, 11.515503627128147 ], [ 76.11155907759472, 11.515503627128146 ], [ 76.11155907759472, 11.513706996559909 ], [ 76.112457392878824, 11.513706996559904 ], [ 76.112457392878824, 11.511910365991668 ], [ 76.11425402344706, 11.511910365991669 ], [ 76.11425402344706, 11.511012050707551 ], [ 76.115152338731178, 11.511012050707546 ], [ 76.115152338731178, 11.510113735423428 ], [ 76.116050654015297, 11.510113735423429 ], [ 76.116050654015297, 11.511012050707548 ], [ 76.116948969299415, 11.511012050707548 ], [ 76.116948969299415, 11.513706996559909 ], [ 76.117847284583533, 11.513706996559906 ], [ 76.117847284583533, 11.516401942412264 ], [ 76.118745599867651, 11.516401942412264 ], [ 76.118745599867651, 11.515503627128149 ], [ 76.119643915151784, 11.515503627128146 ], [ 76.119643915151784, 11.517300257696386 ], [ 76.117847284583533, 11.517300257696384 ], [ 76.117847284583533, 11.518198572980506 ], [ 76.116948969299415, 11.518198572980506 ], [ 76.116948969299415, 11.519995203548742 ], [ 76.118745599867651, 11.51999520354874 ], [ 76.118745599867651, 11.5226901494011 ], [ 76.119643915151784, 11.522690149401102 ], [ 76.119643915151784, 11.52358846468522 ], [ 76.116050654015297, 11.523588464685222 ], [ 76.116050654015297, 11.5226901494011 ], [ 76.11425402344706, 11.522690149401102 ] ], [ [ 76.116050654015297, 11.516401942412264 ], [ 76.115152338731178, 11.516401942412266 ], [ 76.115152338731178, 11.515503627128147 ], [ 76.116050654015297, 11.515503627128146 ], [ 76.116050654015297, 11.516401942412264 ] ], [ [ 76.119643915151784, 11.522690149401102 ], [ 76.119643915151784, 11.521791834116984 ], [ 76.120542230435902, 11.52179183411698 ], [ 76.120542230435902, 11.5226901494011 ], [ 76.119643915151784, 11.522690149401102 ] ], [ [ 76.120542230435902, 11.5226901494011 ], [ 76.12144054572002, 11.5226901494011 ], [ 76.12144054572002, 11.523588464685222 ], [ 76.120542230435902, 11.523588464685222 ], [ 76.120542230435902, 11.5226901494011 ] ], [ [ 76.119643915151784, 11.511910365991671 ], [ 76.119643915151784, 11.511012050707548 ], [ 76.120542230435902, 11.511012050707546 ], [ 76.120542230435902, 11.511910365991669 ], [ 76.119643915151784, 11.511910365991671 ] ], [ [ 76.118745599867651, 11.546046346788209 ], [ 76.118745599867651, 11.545148031504089 ], [ 76.120542230435902, 11.545148031504093 ], [ 76.120542230435902, 11.546046346788213 ], [ 76.118745599867651, 11.546046346788209 ] ], [ [ 76.117847284583533, 11.499333952013997 ], [ 76.117847284583533, 11.497537321445755 ], [ 76.119643915151784, 11.497537321445755 ], [ 76.119643915151784, 11.498435636729877 ], [ 76.118745599867651, 11.498435636729875 ], [ 76.118745599867651, 11.499333952013995 ], [ 76.117847284583533, 11.499333952013997 ] ], [ [ 76.118745599867651, 11.531673302242298 ], [ 76.118745599867651, 11.530774986958177 ], [ 76.119643915151784, 11.530774986958178 ], [ 76.119643915151784, 11.531673302242298 ], [ 76.118745599867651, 11.531673302242298 ] ], [ [ 76.118745599867651, 11.540656455083489 ], [ 76.118745599867651, 11.539758139799371 ], [ 76.119643915151784, 11.539758139799369 ], [ 76.119643915151784, 11.540656455083491 ], [ 76.118745599867651, 11.540656455083489 ] ], [ [ 76.116050654015297, 11.494842375593398 ], [ 76.116050654015297, 11.493944060309277 ], [ 76.116948969299415, 11.493944060309275 ], [ 76.116948969299415, 11.493045745025157 ], [ 76.117847284583533, 11.493045745025157 ], [ 76.117847284583533, 11.494842375593395 ], [ 76.116050654015297, 11.494842375593398 ] ], [ [ 76.106169185889996, 11.545148031504088 ], [ 76.106169185889996, 11.544249716219973 ], [ 76.107965816458218, 11.544249716219971 ], [ 76.107965816458218, 11.541554770367613 ], [ 76.108864131742337, 11.541554770367611 ], [ 76.108864131742337, 11.540656455083491 ], [ 76.109762447026469, 11.540656455083491 ], [ 76.109762447026469, 11.542453085651731 ], [ 76.108864131742337, 11.542453085651733 ], [ 76.108864131742337, 11.543351400935849 ], [ 76.109762447026469, 11.543351400935848 ], [ 76.109762447026469, 11.544249716219971 ], [ 76.108864131742337, 11.544249716219968 ], [ 76.108864131742337, 11.545148031504088 ], [ 76.106169185889996, 11.545148031504088 ] ], [ [ 76.109762447026469, 11.540656455083491 ], [ 76.109762447026469, 11.539758139799373 ], [ 76.110660762310587, 11.539758139799371 ], [ 76.110660762310587, 11.538859824515255 ], [ 76.11155907759472, 11.538859824515255 ], [ 76.11155907759472, 11.539758139799373 ], [ 76.112457392878824, 11.539758139799369 ], [ 76.112457392878824, 11.540656455083491 ], [ 76.11425402344706, 11.540656455083493 ], [ 76.11425402344706, 11.541554770367613 ], [ 76.11155907759472, 11.541554770367609 ], [ 76.11155907759472, 11.540656455083491 ], [ 76.109762447026469, 11.540656455083491 ] ], [ [ 76.110660762310587, 11.538859824515255 ], [ 76.109762447026469, 11.538859824515256 ], [ 76.109762447026469, 11.537961509231133 ], [ 76.110660762310587, 11.537961509231133 ], [ 76.110660762310587, 11.538859824515255 ] ], [ [ 76.112457392878824, 11.539758139799369 ], [ 76.112457392878824, 11.538859824515255 ], [ 76.113355708162942, 11.538859824515256 ], [ 76.113355708162942, 11.539758139799375 ], [ 76.112457392878824, 11.539758139799369 ] ], [ [ 76.11425402344706, 11.541554770367613 ], [ 76.115152338731178, 11.541554770367609 ], [ 76.115152338731178, 11.542453085651731 ], [ 76.116050654015297, 11.542453085651729 ], [ 76.116050654015297, 11.543351400935851 ], [ 76.11425402344706, 11.543351400935851 ], [ 76.11425402344706, 11.541554770367613 ] ], [ [ 76.11425402344706, 11.499333952013993 ], [ 76.11425402344706, 11.498435636729875 ], [ 76.115152338731178, 11.498435636729877 ], [ 76.115152338731178, 11.499333952013995 ], [ 76.11425402344706, 11.499333952013993 ] ], [ [ 76.113355708162942, 11.49304574502516 ], [ 76.113355708162942, 11.492147429741038 ], [ 76.11425402344706, 11.492147429741038 ], [ 76.11425402344706, 11.493045745025157 ], [ 76.113355708162942, 11.49304574502516 ] ], [ [ 76.113355708162942, 11.509215420139309 ], [ 76.113355708162942, 11.507418789571073 ], [ 76.11425402344706, 11.507418789571071 ], [ 76.11425402344706, 11.509215420139308 ], [ 76.113355708162942, 11.509215420139309 ] ], [ [ 76.110660762310587, 11.501130582582235 ], [ 76.110660762310587, 11.500232267298115 ], [ 76.11155907759472, 11.500232267298115 ], [ 76.11155907759472, 11.501130582582235 ], [ 76.110660762310587, 11.501130582582235 ] ], [ [ 76.110660762310587, 11.512808681275789 ], [ 76.110660762310587, 11.511910365991673 ], [ 76.11155907759472, 11.511910365991668 ], [ 76.11155907759472, 11.512808681275789 ], [ 76.110660762310587, 11.512808681275789 ] ], [ [ 76.1070675011741, 11.514605311844029 ], [ 76.1070675011741, 11.513706996559907 ], [ 76.107965816458218, 11.513706996559909 ], [ 76.107965816458218, 11.514605311844029 ], [ 76.1070675011741, 11.514605311844029 ] ], [ [ 76.107965816458218, 11.513706996559909 ], [ 76.107965816458218, 11.512808681275789 ], [ 76.108864131742337, 11.512808681275789 ], [ 76.108864131742337, 11.511012050707548 ], [ 76.107965816458218, 11.511012050707548 ], [ 76.107965816458218, 11.510113735423428 ], [ 76.106169185889996, 11.510113735423426 ], [ 76.106169185889996, 11.509215420139309 ], [ 76.104372555321746, 11.509215420139309 ], [ 76.104372555321746, 11.508317104855191 ], [ 76.106169185889996, 11.508317104855193 ], [ 76.106169185889996, 11.506520474286951 ], [ 76.107965816458218, 11.506520474286953 ], [ 76.107965816458218, 11.508317104855191 ], [ 76.108864131742337, 11.508317104855188 ], [ 76.108864131742337, 11.510113735423428 ], [ 76.109762447026469, 11.510113735423428 ], [ 76.109762447026469, 11.513706996559907 ], [ 76.107965816458218, 11.513706996559909 ] ], [ [ 76.1070675011741, 11.517300257696387 ], [ 76.1070675011741, 11.516401942412264 ], [ 76.107965816458218, 11.516401942412267 ], [ 76.107965816458218, 11.517300257696386 ], [ 76.1070675011741, 11.517300257696387 ] ], [ [ 76.106169185889996, 11.536164878662898 ], [ 76.106169185889996, 11.535266563378778 ], [ 76.105270870605864, 11.535266563378777 ], [ 76.105270870605864, 11.534368248094655 ], [ 76.1070675011741, 11.534368248094655 ], [ 76.1070675011741, 11.536164878662895 ], [ 76.106169185889996, 11.536164878662898 ] ], [ [ 76.1070675011741, 11.536164878662895 ], [ 76.107965816458218, 11.536164878662895 ], [ 76.107965816458218, 11.53706319394702 ], [ 76.1070675011741, 11.537063193947017 ], [ 76.1070675011741, 11.536164878662895 ] ], [ [ 76.106169185889996, 11.549639607924687 ], [ 76.106169185889996, 11.548741292640567 ], [ 76.107965816458218, 11.548741292640569 ], [ 76.107965816458218, 11.549639607924687 ], [ 76.106169185889996, 11.549639607924687 ] ], [ [ 76.104372555321746, 11.502028897866351 ], [ 76.104372555321746, 11.501130582582235 ], [ 76.106169185889996, 11.501130582582235 ], [ 76.106169185889996, 11.502028897866353 ], [ 76.104372555321746, 11.502028897866351 ] ], [ [ 76.104372555321746, 11.523588464685222 ], [ 76.104372555321746, 11.522690149401102 ], [ 76.105270870605864, 11.5226901494011 ], [ 76.105270870605864, 11.521791834116984 ], [ 76.106169185889996, 11.521791834116984 ], [ 76.106169185889996, 11.52358846468522 ], [ 76.104372555321746, 11.523588464685222 ] ], [ [ 76.105270870605864, 11.543351400935849 ], [ 76.105270870605864, 11.541554770367611 ], [ 76.106169185889996, 11.541554770367611 ], [ 76.106169185889996, 11.543351400935851 ], [ 76.105270870605864, 11.543351400935849 ] ], [ [ 76.102575924753509, 11.532571617526417 ], [ 76.102575924753509, 11.5316733022423 ], [ 76.104372555321746, 11.531673302242297 ], [ 76.104372555321746, 11.532571617526418 ], [ 76.102575924753509, 11.532571617526417 ] ], [ [ 76.104372555321746, 11.532571617526418 ], [ 76.105270870605864, 11.532571617526415 ], [ 76.105270870605864, 11.533469932810538 ], [ 76.104372555321746, 11.533469932810535 ], [ 76.104372555321746, 11.532571617526418 ] ], [ [ 76.101677609469391, 11.524486779969342 ], [ 76.101677609469391, 11.52358846468522 ], [ 76.100779294185273, 11.52358846468522 ], [ 76.100779294185273, 11.520893518832864 ], [ 76.101677609469391, 11.520893518832864 ], [ 76.101677609469391, 11.521791834116982 ], [ 76.102575924753509, 11.521791834116984 ], [ 76.102575924753509, 11.523588464685224 ], [ 76.103474240037627, 11.52358846468522 ], [ 76.103474240037627, 11.524486779969342 ], [ 76.101677609469391, 11.524486779969342 ] ], [ [ 76.103474240037627, 11.524486779969342 ], [ 76.104372555321746, 11.524486779969342 ], [ 76.104372555321746, 11.525385095253462 ], [ 76.103474240037627, 11.52538509525346 ], [ 76.103474240037627, 11.524486779969342 ] ], [ [ 76.103474240037627, 11.546944662072328 ], [ 76.103474240037627, 11.546046346788211 ], [ 76.104372555321746, 11.546046346788211 ], [ 76.104372555321746, 11.546944662072328 ], [ 76.103474240037627, 11.546944662072328 ] ], [ [ 76.099880978901155, 11.514605311844026 ], [ 76.099880978901155, 11.511910365991668 ], [ 76.100779294185273, 11.511910365991669 ], [ 76.100779294185273, 11.512808681275791 ], [ 76.102575924753509, 11.512808681275789 ], [ 76.102575924753509, 11.511012050707551 ], [ 76.103474240037627, 11.511012050707549 ], [ 76.103474240037627, 11.514605311844026 ], [ 76.102575924753509, 11.514605311844027 ], [ 76.102575924753509, 11.513706996559907 ], [ 76.100779294185273, 11.513706996559909 ], [ 76.100779294185273, 11.514605311844029 ], [ 76.099880978901155, 11.514605311844026 ] ], [ [ 76.100779294185273, 11.53257161752642 ], [ 76.100779294185273, 11.531673302242297 ], [ 76.101677609469391, 11.531673302242298 ], [ 76.101677609469391, 11.532571617526415 ], [ 76.100779294185273, 11.53257161752642 ] ], [ [ 76.100779294185273, 11.549639607924689 ], [ 76.100779294185273, 11.548741292640567 ], [ 76.101677609469391, 11.548741292640569 ], [ 76.101677609469391, 11.549639607924689 ], [ 76.100779294185273, 11.549639607924689 ] ], [ [ 76.098982663617022, 11.522690149401102 ], [ 76.098982663617022, 11.521791834116984 ], [ 76.099880978901155, 11.521791834116982 ], [ 76.099880978901155, 11.5226901494011 ], [ 76.098982663617022, 11.522690149401102 ] ], [ [ 76.097186033048786, 11.52358846468522 ], [ 76.097186033048786, 11.5226901494011 ], [ 76.098084348332904, 11.5226901494011 ], [ 76.098084348332904, 11.523588464685222 ], [ 76.097186033048786, 11.52358846468522 ] ], [ [ 76.091796141344076, 11.52897835638994 ], [ 76.091796141344076, 11.52808004110582 ], [ 76.092694456628195, 11.528080041105818 ], [ 76.092694456628195, 11.528978356389937 ], [ 76.091796141344076, 11.52897835638994 ] ], [ [ 76.092694456628195, 11.528978356389937 ], [ 76.093592771912313, 11.528978356389938 ], [ 76.093592771912313, 11.529876671674057 ], [ 76.092694456628195, 11.52987667167406 ], [ 76.092694456628195, 11.528978356389937 ] ], [ [ 76.093592771912313, 11.529876671674057 ], [ 76.095389402480549, 11.529876671674058 ], [ 76.095389402480549, 11.530774986958178 ], [ 76.093592771912313, 11.53077498695818 ], [ 76.093592771912313, 11.529876671674057 ] ], [ [ 76.095389402480549, 11.530774986958178 ], [ 76.097186033048786, 11.530774986958175 ], [ 76.097186033048786, 11.5316733022423 ], [ 76.095389402480549, 11.531673302242298 ], [ 76.095389402480549, 11.530774986958178 ] ], [ [ 76.091796141344076, 11.514605311844026 ], [ 76.091796141344076, 11.511910365991671 ], [ 76.092694456628195, 11.511910365991669 ], [ 76.092694456628195, 11.511012050707546 ], [ 76.093592771912313, 11.511012050707549 ], [ 76.093592771912313, 11.513706996559907 ], [ 76.092694456628195, 11.513706996559907 ], [ 76.092694456628195, 11.514605311844027 ], [ 76.091796141344076, 11.514605311844026 ] ], [ [ 76.093592771912313, 11.511012050707549 ], [ 76.093592771912313, 11.510113735423429 ], [ 76.094491087196431, 11.510113735423428 ], [ 76.094491087196431, 11.509215420139308 ], [ 76.095389402480549, 11.509215420139309 ], [ 76.095389402480549, 11.511012050707548 ], [ 76.093592771912313, 11.511012050707549 ] ], [ [ 76.092694456628195, 11.533469932810537 ], [ 76.092694456628195, 11.532571617526417 ], [ 76.093592771912313, 11.532571617526417 ], [ 76.093592771912313, 11.533469932810537 ], [ 76.092694456628195, 11.533469932810537 ] ], [ [ 76.093592771912313, 11.532571617526417 ], [ 76.093592771912313, 11.531673302242297 ], [ 76.094491087196431, 11.531673302242297 ], [ 76.094491087196431, 11.532571617526415 ], [ 76.093592771912313, 11.532571617526417 ] ], [ [ 76.090897826059958, 11.519995203548746 ], [ 76.090897826059958, 11.518198572980506 ], [ 76.092694456628195, 11.518198572980504 ], [ 76.092694456628195, 11.519995203548742 ], [ 76.090897826059958, 11.519995203548746 ] ], [ [ 76.087304564923471, 11.524486779969342 ], [ 76.087304564923471, 11.522690149401102 ], [ 76.088202880207589, 11.522690149401104 ], [ 76.088202880207589, 11.524486779969342 ], [ 76.087304564923471, 11.524486779969342 ] ], [ [ 76.084609619071117, 11.540656455083493 ], [ 76.084609619071117, 11.537961509231137 ], [ 76.085507934355235, 11.537961509231137 ], [ 76.085507934355235, 11.537063193947017 ], [ 76.086406249639353, 11.537063193947015 ], [ 76.086406249639353, 11.537961509231135 ], [ 76.087304564923471, 11.537961509231137 ], [ 76.087304564923471, 11.538859824515253 ], [ 76.086406249639353, 11.538859824515255 ], [ 76.086406249639353, 11.540656455083495 ], [ 76.084609619071117, 11.540656455083493 ] ], [ [ 76.087304564923471, 11.537961509231137 ], [ 76.087304564923471, 11.537063193947017 ], [ 76.088202880207589, 11.537063193947017 ], [ 76.088202880207589, 11.537961509231133 ], [ 76.087304564923471, 11.537961509231137 ] ], [ [ 76.080118042650525, 11.533469932810535 ], [ 76.080118042650525, 11.532571617526417 ], [ 76.081016357934644, 11.532571617526417 ], [ 76.081016357934644, 11.53346993281054 ], [ 76.080118042650525, 11.533469932810535 ] ], [ [ 76.081016357934644, 11.53346993281054 ], [ 76.081914673218762, 11.533469932810537 ], [ 76.081914673218762, 11.5316733022423 ], [ 76.08281298850288, 11.531673302242298 ], [ 76.08281298850288, 11.532571617526418 ], [ 76.084609619071117, 11.532571617526417 ], [ 76.084609619071117, 11.528978356389938 ], [ 76.085507934355235, 11.52897835638994 ], [ 76.085507934355235, 11.52808004110582 ], [ 76.086406249639353, 11.528080041105818 ], [ 76.086406249639353, 11.53077498695818 ], [ 76.087304564923471, 11.530774986958177 ], [ 76.087304564923471, 11.532571617526417 ], [ 76.086406249639353, 11.532571617526418 ], [ 76.086406249639353, 11.533469932810537 ], [ 76.085507934355235, 11.533469932810538 ], [ 76.085507934355235, 11.534368248094653 ], [ 76.083711303786998, 11.534368248094653 ], [ 76.083711303786998, 11.536164878662895 ], [ 76.08281298850288, 11.536164878662895 ], [ 76.08281298850288, 11.537063193947017 ], [ 76.081914673218762, 11.537063193947017 ], [ 76.081914673218762, 11.536164878662895 ], [ 76.081016357934644, 11.536164878662893 ], [ 76.081016357934644, 11.53346993281054 ] ], [ [ 76.081016357934644, 11.547842977356449 ], [ 76.081016357934644, 11.545148031504091 ], [ 76.081914673218762, 11.545148031504089 ], [ 76.081914673218762, 11.546046346788211 ], [ 76.08281298850288, 11.546046346788208 ], [ 76.08281298850288, 11.545148031504089 ], [ 76.084609619071117, 11.545148031504089 ], [ 76.084609619071117, 11.546944662072329 ], [ 76.083711303786998, 11.546944662072328 ], [ 76.083711303786998, 11.547842977356449 ], [ 76.081016357934644, 11.547842977356449 ] ], [ [ 76.08281298850288, 11.549639607924687 ], [ 76.08281298850288, 11.548741292640567 ], [ 76.083711303786998, 11.548741292640567 ], [ 76.083711303786998, 11.549639607924689 ], [ 76.08281298850288, 11.549639607924687 ] ], [ [ 76.078321412082275, 11.536164878662895 ], [ 76.078321412082275, 11.535266563378775 ], [ 76.079219727366393, 11.535266563378775 ], [ 76.079219727366393, 11.536164878662895 ], [ 76.078321412082275, 11.536164878662895 ] ], [ [ 76.079219727366393, 11.536164878662895 ], [ 76.080118042650525, 11.536164878662895 ], [ 76.080118042650525, 11.537063193947017 ], [ 76.079219727366393, 11.537063193947018 ], [ 76.079219727366393, 11.536164878662895 ] ] ], [ [ [ 76.065744998104606, 11.52628341053758 ], [ 76.065744998104606, 11.527181725821698 ], [ 76.066643313388724, 11.527181725821698 ], [ 76.066643313388724, 11.528978356389942 ], [ 76.067541628672842, 11.52897835638994 ], [ 76.067541628672842, 11.530774986958177 ], [ 76.071134889809329, 11.530774986958175 ], [ 76.071134889809329, 11.529876671674057 ], [ 76.069338259241079, 11.529876671674055 ], [ 76.069338259241079, 11.52628341053758 ], [ 76.06843994395696, 11.526283410537577 ], [ 76.06843994395696, 11.52808004110582 ], [ 76.067541628672842, 11.52808004110582 ], [ 76.067541628672842, 11.52628341053758 ], [ 76.065744998104606, 11.52628341053758 ] ] ], [ [ [ 76.065744998104606, 11.52628341053758 ], [ 76.065744998104606, 11.525385095253464 ], [ 76.066643313388724, 11.525385095253466 ], [ 76.066643313388724, 11.524486779969342 ], [ 76.063948367536383, 11.524486779969342 ], [ 76.063948367536383, 11.525385095253462 ], [ 76.064846682820487, 11.525385095253464 ], [ 76.064846682820487, 11.52628341053758 ], [ 76.065744998104606, 11.52628341053758 ] ] ], [ [ [ 76.066643313388724, 11.524486779969342 ], [ 76.067541628672842, 11.52448677996934 ], [ 76.067541628672842, 11.525385095253462 ], [ 76.069338259241079, 11.525385095253462 ], [ 76.069338259241079, 11.52358846468522 ], [ 76.066643313388724, 11.523588464685222 ], [ 76.066643313388724, 11.524486779969342 ] ] ], [ [ [ 76.072033205093447, 11.527181725821697 ], [ 76.072033205093447, 11.526283410537578 ], [ 76.071134889809329, 11.526283410537577 ], [ 76.071134889809329, 11.5271817258217 ], [ 76.072033205093447, 11.527181725821697 ] ] ], [ [ [ 76.085507934355235, 11.516401942412262 ], [ 76.085507934355235, 11.514605311844024 ], [ 76.084609619071117, 11.514605311844024 ], [ 76.084609619071117, 11.516401942412264 ], [ 76.085507934355235, 11.516401942412262 ] ] ], [ [ [ 76.104372555321746, 11.496639006161635 ], [ 76.104372555321746, 11.494842375593398 ], [ 76.103474240037627, 11.494842375593397 ], [ 76.103474240037627, 11.496639006161633 ], [ 76.104372555321746, 11.496639006161635 ] ] ], [ [ [ 76.142101797254767, 11.502028897866353 ], [ 76.142101797254767, 11.502927213150475 ], [ 76.143898427823004, 11.502927213150473 ], [ 76.143898427823004, 11.502028897866353 ], [ 76.142101797254767, 11.502028897866353 ] ] ], [ [ [ 76.136711905550044, 11.505622159002829 ], [ 76.136711905550044, 11.506520474286953 ], [ 76.137610220834162, 11.506520474286951 ], [ 76.137610220834162, 11.505622159002829 ], [ 76.136711905550044, 11.505622159002829 ] ] ], [ [ [ 76.137610220834162, 11.508317104855189 ], [ 76.138508536118295, 11.508317104855191 ], [ 76.138508536118295, 11.507418789571069 ], [ 76.137610220834162, 11.507418789571071 ], [ 76.137610220834162, 11.508317104855189 ] ] ], [ [ [ 76.141203481970649, 11.525385095253462 ], [ 76.143000112538886, 11.525385095253464 ], [ 76.143000112538886, 11.524486779969344 ], [ 76.141203481970649, 11.524486779969342 ], [ 76.141203481970649, 11.525385095253462 ] ] ], [ [ [ 76.143000112538886, 11.524486779969344 ], [ 76.144796743107122, 11.524486779969342 ], [ 76.144796743107122, 11.523588464685222 ], [ 76.143000112538886, 11.52358846468522 ], [ 76.143000112538886, 11.524486779969344 ] ] ], [ [ [ 76.139406851402413, 11.5316733022423 ], [ 76.139406851402413, 11.533469932810535 ], [ 76.140305166686531, 11.533469932810538 ], [ 76.140305166686531, 11.532571617526417 ], [ 76.143000112538886, 11.532571617526417 ], [ 76.143000112538886, 11.5316733022423 ], [ 76.139406851402413, 11.5316733022423 ] ] ], [ [ [ 76.134915274981807, 11.536164878662895 ], [ 76.134915274981807, 11.535266563378775 ], [ 76.134016959697689, 11.535266563378775 ], [ 76.134016959697689, 11.536164878662893 ], [ 76.134915274981807, 11.536164878662895 ] ] ], [ [ [ 76.116050654015297, 11.557724445481764 ], [ 76.115152338731178, 11.557724445481764 ], [ 76.115152338731178, 11.555927814913526 ], [ 76.113355708162942, 11.555927814913524 ], [ 76.113355708162942, 11.556826130197644 ], [ 76.112457392878824, 11.556826130197644 ], [ 76.112457392878824, 11.557724445481762 ], [ 76.11425402344706, 11.55772444548176 ], [ 76.11425402344706, 11.558622760765884 ], [ 76.116050654015297, 11.558622760765884 ], [ 76.116050654015297, 11.557724445481764 ] ] ], [ [ [ 76.110660762310587, 11.552334553777046 ], [ 76.110660762310587, 11.555029499629406 ], [ 76.11425402344706, 11.555029499629402 ], [ 76.11425402344706, 11.554131184345286 ], [ 76.112457392878824, 11.554131184345284 ], [ 76.112457392878824, 11.553232869061167 ], [ 76.11155907759472, 11.553232869061167 ], [ 76.11155907759472, 11.552334553777047 ], [ 76.110660762310587, 11.552334553777046 ] ] ], [ [ [ 76.072033205093447, 11.546944662072328 ], [ 76.071134889809329, 11.546944662072328 ], [ 76.071134889809329, 11.547842977356453 ], [ 76.072033205093447, 11.547842977356449 ], [ 76.072033205093447, 11.546944662072328 ] ] ], [ [ [ 76.072931520377566, 11.532571617526415 ], [ 76.072931520377566, 11.531673302242297 ], [ 76.072033205093447, 11.5316733022423 ], [ 76.072033205093447, 11.532571617526415 ], [ 76.072931520377566, 11.532571617526415 ] ] ], [ [ [ 76.112457392878824, 11.557724445481762 ], [ 76.110660762310587, 11.557724445481764 ], [ 76.110660762310587, 11.558622760765882 ], [ 76.112457392878824, 11.558622760765882 ], [ 76.112457392878824, 11.557724445481762 ] ] ], [ [ [ 76.110660762310587, 11.557724445481764 ], [ 76.110660762310587, 11.556826130197642 ], [ 76.109762447026469, 11.556826130197644 ], [ 76.109762447026469, 11.557724445481764 ], [ 76.110660762310587, 11.557724445481764 ] ] ], [ [ [ 76.137610220834162, 11.505622159002829 ], [ 76.138508536118295, 11.505622159002831 ], [ 76.138508536118295, 11.504723843718715 ], [ 76.137610220834162, 11.504723843718713 ], [ 76.137610220834162, 11.505622159002829 ] ] ], [ [ [ 76.108864131742337, 11.502927213150473 ], [ 76.109762447026469, 11.502927213150475 ], [ 76.109762447026469, 11.502028897866349 ], [ 76.108864131742337, 11.502028897866351 ], [ 76.108864131742337, 11.502927213150473 ] ] ], [ [ [ 76.133118644413571, 11.524486779969344 ], [ 76.132220329129453, 11.524486779969342 ], [ 76.132220329129453, 11.52358846468522 ], [ 76.131322013845335, 11.52358846468522 ], [ 76.131322013845335, 11.5226901494011 ], [ 76.129525383277098, 11.522690149401102 ], [ 76.129525383277098, 11.52358846468522 ], [ 76.130423698561216, 11.523588464685222 ], [ 76.130423698561216, 11.525385095253462 ], [ 76.133118644413571, 11.525385095253462 ], [ 76.133118644413571, 11.524486779969344 ] ] ], [ [ [ 76.134915274981807, 11.526283410537578 ], [ 76.134915274981807, 11.527181725821698 ], [ 76.135813590265926, 11.527181725821698 ], [ 76.135813590265926, 11.526283410537578 ], [ 76.134915274981807, 11.526283410537578 ] ] ], [ [ [ 76.135813590265926, 11.527181725821698 ], [ 76.135813590265926, 11.52808004110582 ], [ 76.136711905550044, 11.528080041105822 ], [ 76.136711905550044, 11.5271817258217 ], [ 76.135813590265926, 11.527181725821698 ] ] ] ] } },
{ "type": "Feature", "properties": { "hotspot_id": 4, "area_km2": 24.82125564092124, "mean_risk": 0.7061, "max_risk": 1.0, "built_area_km2": 2.6942 }, "geometry": { "type": "MultiPolygon", "coordinates": [ [ [ [ 76.063948367536383, 11.734692556453311 ], [ 76.063050052252251, 11.734692556453309 ], [ 76.063050052252251, 11.731099295316831 ], [ 76.062151736968147, 11.731099295316831 ], [ 76.062151736968147, 11.729302664748591 ], [ 76.061253421684015, 11.729302664748589 ], [ 76.061253421684015, 11.728404349464475 ], [ 76.062151736968147, 11.728404349464471 ], [ 76.062151736968147, 11.725709403612113 ], [ 76.061253421684015, 11.725709403612113 ], [ 76.061253421684015, 11.723912773043875 ], [ 76.063050052252251, 11.723912773043875 ], [ 76.063050052252251, 11.723014457759758 ], [ 76.064846682820487, 11.723014457759758 ], [ 76.064846682820487, 11.717624566055035 ], [ 76.065744998104606, 11.717624566055036 ], [ 76.065744998104606, 11.716726250770922 ], [ 76.066643313388724, 11.71672625077092 ], [ 76.066643313388724, 11.713132989634442 ], [ 76.06843994395696, 11.713132989634444 ], [ 76.06843994395696, 11.71223467435032 ], [ 76.070236574525211, 11.712234674350325 ], [ 76.070236574525211, 11.711336359066204 ], [ 76.071134889809329, 11.7113363590662 ], [ 76.071134889809329, 11.710438043782084 ], [ 76.065744998104606, 11.710438043782085 ], [ 76.065744998104606, 11.713132989634442 ], [ 76.063948367536383, 11.713132989634442 ], [ 76.063948367536383, 11.714031304918562 ], [ 76.063050052252251, 11.71403130491856 ], [ 76.063050052252251, 11.715827935486798 ], [ 76.060355106399882, 11.715827935486798 ], [ 76.060355106399882, 11.712234674350322 ], [ 76.059456791115764, 11.712234674350322 ], [ 76.059456791115764, 11.710438043782085 ], [ 76.05855847583166, 11.710438043782084 ], [ 76.05855847583166, 11.704149836793245 ], [ 76.061253421684015, 11.704149836793242 ], [ 76.061253421684015, 11.703251521509126 ], [ 76.062151736968147, 11.703251521509126 ], [ 76.062151736968147, 11.701454890940886 ], [ 76.063948367536383, 11.701454890940887 ], [ 76.063948367536383, 11.700556575656769 ], [ 76.064846682820487, 11.700556575656764 ], [ 76.064846682820487, 11.698759945088527 ], [ 76.063050052252251, 11.698759945088529 ], [ 76.063050052252251, 11.699658260372647 ], [ 76.061253421684015, 11.699658260372647 ], [ 76.061253421684015, 11.700556575656766 ], [ 76.060355106399882, 11.700556575656766 ], [ 76.060355106399882, 11.701454890940886 ], [ 76.056761845263424, 11.701454890940887 ], [ 76.056761845263424, 11.703251521509127 ], [ 76.057660160547528, 11.703251521509126 ], [ 76.057660160547528, 11.704149836793242 ], [ 76.056761845263424, 11.704149836793245 ], [ 76.056761845263424, 11.705048152077367 ], [ 76.055863529979291, 11.705048152077365 ], [ 76.055863529979291, 11.705946467361484 ], [ 76.054066899411055, 11.705946467361482 ], [ 76.054066899411055, 11.708641413213844 ], [ 76.054965214695173, 11.708641413213845 ], [ 76.054965214695173, 11.709539728497964 ], [ 76.054066899411055, 11.709539728497964 ], [ 76.054066899411055, 11.710438043782085 ], [ 76.054965214695173, 11.710438043782084 ], [ 76.054965214695173, 11.712234674350324 ], [ 76.055863529979291, 11.712234674350324 ], [ 76.055863529979291, 11.716726250770922 ], [ 76.054066899411055, 11.71672625077092 ], [ 76.054066899411055, 11.718522881339156 ], [ 76.054965214695173, 11.718522881339156 ], [ 76.054965214695173, 11.719421196623276 ], [ 76.056761845263424, 11.719421196623278 ], [ 76.056761845263424, 11.721217827191516 ], [ 76.054965214695173, 11.721217827191516 ], [ 76.054965214695173, 11.720319511907398 ], [ 76.053168584126936, 11.7203195119074 ], [ 76.053168584126936, 11.721217827191516 ], [ 76.052270268842818, 11.721217827191516 ], [ 76.052270268842818, 11.722116142475638 ], [ 76.0513719535587, 11.722116142475636 ], [ 76.0513719535587, 11.723014457759756 ], [ 76.047778692422213, 11.723014457759756 ], [ 76.047778692422213, 11.722116142475638 ], [ 76.048677007706331, 11.722116142475638 ], [ 76.048677007706331, 11.721217827191516 ], [ 76.047778692422213, 11.721217827191516 ], [ 76.047778692422213, 11.7203195119074 ], [ 76.046880377138095, 11.720319511907398 ], [ 76.046880377138095, 11.719421196623278 ], [ 76.049575322990449, 11.719421196623275 ], [ 76.049575322990449, 11.718522881339156 ], [ 76.050473638274568, 11.718522881339155 ], [ 76.050473638274568, 11.719421196623278 ], [ 76.0513719535587, 11.71942119662328 ], [ 76.0513719535587, 11.718522881339158 ], [ 76.052270268842818, 11.718522881339156 ], [ 76.052270268842818, 11.717624566055038 ], [ 76.053168584126936, 11.717624566055038 ], [ 76.053168584126936, 11.716726250770918 ], [ 76.052270268842818, 11.716726250770922 ], [ 76.052270268842818, 11.711336359066202 ], [ 76.0513719535587, 11.7113363590662 ], [ 76.0513719535587, 11.710438043782084 ], [ 76.050473638274568, 11.710438043782084 ], [ 76.050473638274568, 11.711336359066202 ], [ 76.048677007706331, 11.711336359066204 ], [ 76.048677007706331, 11.714031304918556 ], [ 76.047778692422213, 11.71403130491856 ], [ 76.047778692422213, 11.71672625077092 ], [ 76.048677007706331, 11.716726250770918 ], [ 76.048677007706331, 11.71762456605504 ], [ 76.046880377138095, 11.717624566055036 ], [ 76.046880377138095, 11.716726250770924 ], [ 76.04418543128574, 11.71672625077092 ], [ 76.04418543128574, 11.718522881339156 ], [ 76.043287116001622, 11.718522881339156 ], [ 76.043287116001622, 11.719421196623278 ], [ 76.040592170149253, 11.719421196623275 ], [ 76.040592170149253, 11.721217827191516 ], [ 76.041490485433386, 11.721217827191518 ], [ 76.041490485433386, 11.722116142475638 ], [ 76.039693854865135, 11.722116142475636 ], [ 76.039693854865135, 11.7203195119074 ], [ 76.038795539581017, 11.7203195119074 ], [ 76.038795539581017, 11.719421196623276 ], [ 76.03699890901278, 11.719421196623276 ], [ 76.03699890901278, 11.720319511907398 ], [ 76.036100593728662, 11.720319511907396 ], [ 76.036100593728662, 11.721217827191515 ], [ 76.03699890901278, 11.721217827191516 ], [ 76.03699890901278, 11.722116142475638 ], [ 76.037897224296898, 11.722116142475638 ], [ 76.037897224296898, 11.723014457759756 ], [ 76.039693854865135, 11.723014457759756 ], [ 76.039693854865135, 11.723912773043876 ], [ 76.037897224296898, 11.723912773043876 ], [ 76.037897224296898, 11.724811088327993 ], [ 76.03699890901278, 11.724811088327995 ], [ 76.03699890901278, 11.725709403612113 ], [ 76.032507332592189, 11.725709403612113 ], [ 76.032507332592189, 11.726607718896236 ], [ 76.031609017308071, 11.726607718896233 ], [ 76.031609017308071, 11.725709403612116 ], [ 76.02981238673982, 11.725709403612115 ], [ 76.02981238673982, 11.726607718896233 ], [ 76.030710702023939, 11.726607718896238 ], [ 76.030710702023939, 11.727506034180355 ], [ 76.031609017308071, 11.727506034180356 ], [ 76.031609017308071, 11.728404349464471 ], [ 76.032507332592189, 11.728404349464473 ], [ 76.032507332592189, 11.730200980032709 ], [ 76.033405647876307, 11.730200980032713 ], [ 76.033405647876307, 11.731099295316829 ], [ 76.036100593728662, 11.731099295316831 ], [ 76.036100593728662, 11.728404349464473 ], [ 76.037897224296898, 11.728404349464473 ], [ 76.037897224296898, 11.727506034180355 ], [ 76.038795539581017, 11.727506034180353 ], [ 76.038795539581017, 11.726607718896233 ], [ 76.039693854865135, 11.726607718896238 ], [ 76.039693854865135, 11.727506034180356 ], [ 76.041490485433386, 11.727506034180355 ], [ 76.041490485433386, 11.725709403612113 ], [ 76.042388800717504, 11.725709403612115 ], [ 76.042388800717504, 11.723014457759756 ], [ 76.04418543128574, 11.723014457759756 ], [ 76.04418543128574, 11.722116142475636 ], [ 76.045083746569858, 11.722116142475636 ], [ 76.045083746569858, 11.723014457759758 ], [ 76.045982061853977, 11.723014457759758 ], [ 76.045982061853977, 11.723912773043875 ], [ 76.047778692422213, 11.723912773043876 ], [ 76.047778692422213, 11.725709403612113 ], [ 76.050473638274568, 11.725709403612115 ], [ 76.050473638274568, 11.723912773043873 ], [ 76.054066899411055, 11.723912773043876 ], [ 76.054066899411055, 11.724811088327991 ], [ 76.055863529979291, 11.724811088327996 ], [ 76.055863529979291, 11.723912773043878 ], [ 76.056761845263424, 11.723912773043876 ], [ 76.056761845263424, 11.725709403612115 ], [ 76.057660160547528, 11.725709403612115 ], [ 76.057660160547528, 11.726607718896236 ], [ 76.054066899411055, 11.726607718896233 ], [ 76.054066899411055, 11.727506034180356 ], [ 76.053168584126936, 11.727506034180353 ], [ 76.053168584126936, 11.730200980032713 ], [ 76.054066899411055, 11.730200980032713 ], [ 76.054066899411055, 11.731099295316833 ], [ 76.053168584126936, 11.731099295316829 ], [ 76.053168584126936, 11.732895925885067 ], [ 76.052270268842818, 11.732895925885069 ], [ 76.052270268842818, 11.734692556453311 ], [ 76.050473638274568, 11.734692556453311 ], [ 76.050473638274568, 11.735590871737426 ], [ 76.049575322990449, 11.735590871737427 ], [ 76.049575322990449, 11.736489187021549 ], [ 76.050473638274568, 11.736489187021549 ], [ 76.050473638274568, 11.737387502305666 ], [ 76.0513719535587, 11.737387502305667 ], [ 76.0513719535587, 11.738285817589786 ], [ 76.057660160547528, 11.738285817589787 ], [ 76.057660160547528, 11.739184132873907 ], [ 76.05855847583166, 11.739184132873907 ], [ 76.05855847583166, 11.740980763442145 ], [ 76.057660160547528, 11.740980763442147 ], [ 76.057660160547528, 11.741879078726265 ], [ 76.056761845263424, 11.741879078726264 ], [ 76.056761845263424, 11.746370655146864 ], [ 76.057660160547528, 11.746370655146864 ], [ 76.057660160547528, 11.749065600999222 ], [ 76.05855847583166, 11.74906560099922 ], [ 76.05855847583166, 11.748167285715105 ], [ 76.059456791115764, 11.748167285715105 ], [ 76.059456791115764, 11.746370655146864 ], [ 76.060355106399882, 11.746370655146864 ], [ 76.060355106399882, 11.744574024578622 ], [ 76.063050052252251, 11.744574024578622 ], [ 76.063050052252251, 11.743675709294507 ], [ 76.063948367536383, 11.743675709294504 ], [ 76.063948367536383, 11.742777394010385 ], [ 76.065744998104606, 11.742777394010384 ], [ 76.065744998104606, 11.743675709294505 ], [ 76.066643313388724, 11.743675709294504 ], [ 76.066643313388724, 11.744574024578625 ], [ 76.067541628672842, 11.744574024578622 ], [ 76.067541628672842, 11.746370655146862 ], [ 76.06843994395696, 11.746370655146864 ], [ 76.06843994395696, 11.748167285715107 ], [ 76.067541628672842, 11.748167285715105 ], [ 76.067541628672842, 11.75176054685158 ], [ 76.065744998104606, 11.751760546851578 ], [ 76.065744998104606, 11.750862231567462 ], [ 76.064846682820487, 11.750862231567462 ], [ 76.064846682820487, 11.752658862135698 ], [ 76.065744998104606, 11.7526588621357 ], [ 76.065744998104606, 11.753557177419818 ], [ 76.064846682820487, 11.753557177419818 ], [ 76.064846682820487, 11.754455492703938 ], [ 76.066643313388724, 11.754455492703938 ], [ 76.066643313388724, 11.752658862135698 ], [ 76.069338259241079, 11.752658862135698 ], [ 76.069338259241079, 11.748167285715104 ], [ 76.071134889809329, 11.748167285715105 ], [ 76.071134889809329, 11.749065600999222 ], [ 76.072033205093447, 11.74906560099922 ], [ 76.072033205093447, 11.74996391628334 ], [ 76.072931520377566, 11.749963916283342 ], [ 76.072931520377566, 11.75086223156746 ], [ 76.073829835661684, 11.75086223156746 ], [ 76.073829835661684, 11.751760546851578 ], [ 76.072033205093447, 11.751760546851578 ], [ 76.072033205093447, 11.7571504385563 ], [ 76.071134889809329, 11.757150438556296 ], [ 76.071134889809329, 11.758947069124538 ], [ 76.073829835661684, 11.758947069124538 ], [ 76.073829835661684, 11.760743699692775 ], [ 76.074728150945802, 11.760743699692776 ], [ 76.074728150945802, 11.762540330261015 ], [ 76.07562646622992, 11.762540330261013 ], [ 76.07562646622992, 11.768828537249849 ], [ 76.074728150945802, 11.768828537249849 ], [ 76.074728150945802, 11.769726852533971 ], [ 76.073829835661684, 11.769726852533969 ], [ 76.073829835661684, 11.768828537249849 ], [ 76.072931520377566, 11.768828537249849 ], [ 76.072931520377566, 11.767930221965731 ], [ 76.072033205093447, 11.767930221965731 ], [ 76.072033205093447, 11.768828537249849 ], [ 76.071134889809329, 11.768828537249851 ], [ 76.071134889809329, 11.767930221965734 ], [ 76.069338259241079, 11.767930221965734 ], [ 76.069338259241079, 11.766133591397493 ], [ 76.067541628672842, 11.766133591397493 ], [ 76.067541628672842, 11.767031906681613 ], [ 76.066643313388724, 11.767031906681613 ], [ 76.066643313388724, 11.767930221965731 ], [ 76.065744998104606, 11.767930221965733 ], [ 76.065744998104606, 11.771523483102211 ], [ 76.066643313388724, 11.771523483102211 ], [ 76.066643313388724, 11.772421798386327 ], [ 76.067541628672842, 11.772421798386327 ], [ 76.067541628672842, 11.774218428954569 ], [ 76.065744998104606, 11.774218428954571 ], [ 76.065744998104606, 11.775116744238687 ], [ 76.064846682820487, 11.775116744238687 ], [ 76.064846682820487, 11.776913374806927 ], [ 76.066643313388724, 11.776913374806924 ], [ 76.066643313388724, 11.777811690091049 ], [ 76.067541628672842, 11.777811690091047 ], [ 76.067541628672842, 11.778710005375169 ], [ 76.066643313388724, 11.778710005375165 ], [ 76.066643313388724, 11.779608320659285 ], [ 76.067541628672842, 11.779608320659285 ], [ 76.067541628672842, 11.780506635943405 ], [ 76.06843994395696, 11.780506635943404 ], [ 76.06843994395696, 11.781404951227524 ], [ 76.069338259241079, 11.781404951227524 ], [ 76.069338259241079, 11.782303266511644 ], [ 76.070236574525211, 11.782303266511645 ], [ 76.070236574525211, 11.783201581795764 ], [ 76.071134889809329, 11.783201581795764 ], [ 76.071134889809329, 11.784998212364005 ], [ 76.070236574525211, 11.784998212364002 ], [ 76.070236574525211, 11.78589652764812 ], [ 76.072033205093447, 11.78589652764812 ], [ 76.072033205093447, 11.786794842932238 ], [ 76.071134889809329, 11.78679484293224 ], [ 76.071134889809329, 11.788591473500482 ], [ 76.070236574525211, 11.788591473500482 ], [ 76.070236574525211, 11.792184734636956 ], [ 76.069338259241079, 11.792184734636956 ], [ 76.069338259241079, 11.793083049921078 ], [ 76.06843994395696, 11.793083049921078 ], [ 76.06843994395696, 11.7939813652052 ], [ 76.069338259241079, 11.793981365205196 ], [ 76.069338259241079, 11.794879680489318 ], [ 76.06843994395696, 11.794879680489316 ], [ 76.06843994395696, 11.795777995773438 ], [ 76.064846682820487, 11.795777995773438 ], [ 76.064846682820487, 11.794879680489316 ], [ 76.063050052252251, 11.794879680489316 ], [ 76.063050052252251, 11.795777995773438 ], [ 76.062151736968147, 11.795777995773438 ], [ 76.062151736968147, 11.796676311057556 ], [ 76.061253421684015, 11.796676311057556 ], [ 76.061253421684015, 11.798472941625796 ], [ 76.059456791115764, 11.798472941625795 ], [ 76.059456791115764, 11.801167887478154 ], [ 76.05855847583166, 11.801167887478153 ], [ 76.05855847583166, 11.802066202762274 ], [ 76.056761845263424, 11.802066202762274 ], [ 76.056761845263424, 11.803862833330511 ], [ 76.057660160547528, 11.803862833330513 ], [ 76.057660160547528, 11.804761148614631 ], [ 76.05855847583166, 11.804761148614633 ], [ 76.05855847583166, 11.803862833330509 ], [ 76.059456791115764, 11.803862833330509 ], [ 76.059456791115764, 11.802964518046389 ], [ 76.060355106399882, 11.802964518046393 ], [ 76.060355106399882, 11.803862833330509 ], [ 76.062151736968147, 11.803862833330511 ], [ 76.062151736968147, 11.802964518046393 ], [ 76.063050052252251, 11.802964518046391 ], [ 76.063050052252251, 11.800269572194036 ], [ 76.063948367536383, 11.800269572194036 ], [ 76.063948367536383, 11.798472941625793 ], [ 76.065744998104606, 11.798472941625795 ], [ 76.065744998104606, 11.797574626341678 ], [ 76.067541628672842, 11.797574626341673 ], [ 76.067541628672842, 11.796676311057555 ], [ 76.070236574525211, 11.796676311057555 ], [ 76.070236574525211, 11.797574626341675 ], [ 76.071134889809329, 11.797574626341673 ], [ 76.071134889809329, 11.798472941625796 ], [ 76.072033205093447, 11.798472941625796 ], [ 76.072033205093447, 11.800269572194033 ], [ 76.073829835661684, 11.800269572194033 ], [ 76.073829835661684, 11.802066202762274 ], [ 76.072033205093447, 11.802066202762276 ], [ 76.072033205093447, 11.803862833330513 ], [ 76.072931520377566, 11.803862833330509 ], [ 76.072931520377566, 11.804761148614631 ], [ 76.073829835661684, 11.804761148614631 ], [ 76.073829835661684, 11.809252725035231 ], [ 76.076524781514038, 11.809252725035233 ], [ 76.076524781514038, 11.811049355603467 ], [ 76.077423096798157, 11.811049355603471 ], [ 76.077423096798157, 11.812845986171709 ], [ 76.081914673218762, 11.812845986171709 ], [ 76.081914673218762, 11.811947670887585 ], [ 76.083711303786998, 11.811947670887587 ], [ 76.083711303786998, 11.812845986171705 ], [ 76.084609619071117, 11.812845986171707 ], [ 76.084609619071117, 11.813744301455827 ], [ 76.085507934355235, 11.813744301455827 ], [ 76.085507934355235, 11.814642616739947 ], [ 76.086406249639353, 11.814642616739945 ], [ 76.086406249639353, 11.813744301455827 ], [ 76.088202880207589, 11.813744301455827 ], [ 76.088202880207589, 11.814642616739944 ], [ 76.089101195491708, 11.814642616739945 ], [ 76.089101195491708, 11.815540932024067 ], [ 76.08999951077584, 11.815540932024067 ], [ 76.08999951077584, 11.820032508444665 ], [ 76.089101195491708, 11.820032508444665 ], [ 76.089101195491708, 11.821829139012904 ], [ 76.08999951077584, 11.821829139012902 ], [ 76.08999951077584, 11.822727454297022 ], [ 76.090897826059958, 11.822727454297022 ], [ 76.090897826059958, 11.821829139012902 ], [ 76.091796141344076, 11.821829139012904 ], [ 76.091796141344076, 11.820032508444665 ], [ 76.090897826059958, 11.820032508444665 ], [ 76.090897826059958, 11.819134193160544 ], [ 76.091796141344076, 11.819134193160544 ], [ 76.091796141344076, 11.813744301455827 ], [ 76.090897826059958, 11.813744301455825 ], [ 76.090897826059958, 11.812845986171705 ], [ 76.08999951077584, 11.812845986171709 ], [ 76.08999951077584, 11.811947670887589 ], [ 76.088202880207589, 11.811947670887587 ], [ 76.088202880207589, 11.812845986171709 ], [ 76.086406249639353, 11.812845986171711 ], [ 76.086406249639353, 11.807456094466989 ], [ 76.085507934355235, 11.807456094466991 ], [ 76.085507934355235, 11.806557779182867 ], [ 76.084609619071117, 11.806557779182871 ], [ 76.084609619071117, 11.807456094466991 ], [ 76.08281298850288, 11.807456094466991 ], [ 76.08281298850288, 11.808354409751109 ], [ 76.080118042650525, 11.808354409751111 ], [ 76.080118042650525, 11.807456094466991 ], [ 76.079219727366393, 11.807456094466989 ], [ 76.079219727366393, 11.806557779182871 ], [ 76.078321412082275, 11.806557779182871 ], [ 76.078321412082275, 11.802964518046391 ], [ 76.077423096798157, 11.802964518046391 ], [ 76.077423096798157, 11.802066202762273 ], [ 76.076524781514038, 11.802066202762274 ], [ 76.076524781514038, 11.798472941625795 ], [ 76.077423096798157, 11.798472941625795 ], [ 76.077423096798157, 11.799371256909916 ], [ 76.078321412082275, 11.799371256909915 ], [ 76.078321412082275, 11.798472941625796 ], [ 76.080118042650525, 11.798472941625795 ], [ 76.080118042650525, 11.799371256909915 ], [ 76.08281298850288, 11.799371256909915 ], [ 76.08281298850288, 11.796676311057556 ], [ 76.081016357934644, 11.796676311057556 ], [ 76.081016357934644, 11.797574626341676 ], [ 76.079219727366393, 11.797574626341675 ], [ 76.079219727366393, 11.796676311057556 ], [ 76.078321412082275, 11.796676311057556 ], [ 76.078321412082275, 11.795777995773438 ], [ 76.080118042650525, 11.795777995773438 ], [ 76.080118042650525, 11.794879680489318 ], [ 76.081016357934644, 11.794879680489316 ], [ 76.081016357934644, 11.793981365205196 ], [ 76.08281298850288, 11.793981365205196 ], [ 76.08281298850288, 11.793083049921075 ], [ 76.083711303786998, 11.793083049921076 ], [ 76.083711303786998, 11.792184734636962 ], [ 76.08281298850288, 11.792184734636956 ], [ 76.08281298850288, 11.79128641935284 ], [ 76.079219727366393, 11.791286419352842 ], [ 76.079219727366393, 11.792184734636958 ], [ 76.07562646622992, 11.79218473463696 ], [ 76.07562646622992, 11.79128641935284 ], [ 76.074728150945802, 11.79128641935284 ], [ 76.074728150945802, 11.786794842932242 ], [ 76.073829835661684, 11.786794842932242 ], [ 76.073829835661684, 11.782303266511645 ], [ 76.077423096798157, 11.782303266511647 ], [ 76.077423096798157, 11.780506635943404 ], [ 76.076524781514038, 11.780506635943407 ], [ 76.076524781514038, 11.779608320659285 ], [ 76.074728150945802, 11.779608320659285 ], [ 76.074728150945802, 11.778710005375165 ], [ 76.072931520377566, 11.778710005375165 ], [ 76.072931520377566, 11.774218428954569 ], [ 76.073829835661684, 11.774218428954567 ], [ 76.073829835661684, 11.772421798386329 ], [ 76.07562646622992, 11.772421798386327 ], [ 76.07562646622992, 11.773320113670449 ], [ 76.076524781514038, 11.773320113670447 ], [ 76.076524781514038, 11.774218428954571 ], [ 76.077423096798157, 11.774218428954571 ], [ 76.077423096798157, 11.773320113670447 ], [ 76.078321412082275, 11.773320113670446 ], [ 76.078321412082275, 11.772421798386329 ], [ 76.079219727366393, 11.772421798386327 ], [ 76.079219727366393, 11.771523483102211 ], [ 76.081016357934644, 11.771523483102211 ], [ 76.081016357934644, 11.772421798386326 ], [ 76.081914673218762, 11.772421798386326 ], [ 76.081914673218762, 11.771523483102209 ], [ 76.084609619071117, 11.771523483102213 ], [ 76.084609619071117, 11.773320113670447 ], [ 76.087304564923471, 11.773320113670447 ], [ 76.087304564923471, 11.772421798386327 ], [ 76.088202880207589, 11.772421798386327 ], [ 76.088202880207589, 11.770625167818089 ], [ 76.087304564923471, 11.770625167818091 ], [ 76.087304564923471, 11.767930221965736 ], [ 76.085507934355235, 11.767930221965733 ], [ 76.085507934355235, 11.768828537249849 ], [ 76.083711303786998, 11.768828537249849 ], [ 76.083711303786998, 11.764336960829256 ], [ 76.08281298850288, 11.764336960829253 ], [ 76.08281298850288, 11.761642014976896 ], [ 76.081914673218762, 11.761642014976893 ], [ 76.081914673218762, 11.758947069124536 ], [ 76.081016357934644, 11.758947069124538 ], [ 76.081016357934644, 11.758048753840416 ], [ 76.080118042650525, 11.758048753840416 ], [ 76.080118042650525, 11.7571504385563 ], [ 76.079219727366393, 11.757150438556296 ], [ 76.079219727366393, 11.756252123272176 ], [ 76.080118042650525, 11.756252123272178 ], [ 76.080118042650525, 11.75445549270394 ], [ 76.081016357934644, 11.754455492703938 ], [ 76.081016357934644, 11.753557177419816 ], [ 76.08281298850288, 11.753557177419818 ], [ 76.08281298850288, 11.754455492703938 ], [ 76.084609619071117, 11.75445549270394 ], [ 76.084609619071117, 11.753557177419818 ], [ 76.085507934355235, 11.75355717741982 ], [ 76.085507934355235, 11.752658862135698 ], [ 76.086406249639353, 11.752658862135698 ], [ 76.086406249639353, 11.750862231567464 ], [ 76.085507934355235, 11.750862231567462 ], [ 76.085507934355235, 11.749963916283338 ], [ 76.084609619071117, 11.74996391628334 ], [ 76.084609619071117, 11.744574024578627 ], [ 76.087304564923471, 11.744574024578622 ], [ 76.087304564923471, 11.745472339862744 ], [ 76.088202880207589, 11.745472339862742 ], [ 76.088202880207589, 11.744574024578622 ], [ 76.089101195491708, 11.744574024578622 ], [ 76.089101195491708, 11.742777394010382 ], [ 76.088202880207589, 11.742777394010385 ], [ 76.088202880207589, 11.741879078726264 ], [ 76.087304564923471, 11.741879078726264 ], [ 76.087304564923471, 11.740980763442144 ], [ 76.086406249639353, 11.740980763442147 ], [ 76.086406249639353, 11.738285817589787 ], [ 76.088202880207589, 11.738285817589782 ], [ 76.088202880207589, 11.739184132873907 ], [ 76.090897826059958, 11.739184132873905 ], [ 76.090897826059958, 11.737387502305667 ], [ 76.093592771912313, 11.737387502305667 ], [ 76.093592771912313, 11.736489187021551 ], [ 76.094491087196431, 11.736489187021549 ], [ 76.094491087196431, 11.734692556453311 ], [ 76.096287717764667, 11.734692556453311 ], [ 76.096287717764667, 11.733794241169193 ], [ 76.098084348332904, 11.733794241169191 ], [ 76.098084348332904, 11.731997610600949 ], [ 76.098982663617022, 11.731997610600954 ], [ 76.098982663617022, 11.731099295316831 ], [ 76.099880978901155, 11.731099295316829 ], [ 76.099880978901155, 11.730200980032711 ], [ 76.100779294185273, 11.730200980032714 ], [ 76.100779294185273, 11.729302664748593 ], [ 76.102575924753509, 11.729302664748593 ], [ 76.102575924753509, 11.728404349464471 ], [ 76.106169185889996, 11.728404349464473 ], [ 76.106169185889996, 11.727506034180356 ], [ 76.1070675011741, 11.727506034180353 ], [ 76.1070675011741, 11.726607718896236 ], [ 76.107965816458218, 11.726607718896236 ], [ 76.107965816458218, 11.725709403612115 ], [ 76.112457392878824, 11.725709403612113 ], [ 76.112457392878824, 11.724811088327995 ], [ 76.113355708162942, 11.724811088327996 ], [ 76.113355708162942, 11.723014457759758 ], [ 76.109762447026469, 11.723014457759756 ], [ 76.109762447026469, 11.721217827191516 ], [ 76.110660762310587, 11.721217827191516 ], [ 76.110660762310587, 11.720319511907396 ], [ 76.108864131742337, 11.720319511907396 ], [ 76.108864131742337, 11.721217827191516 ], [ 76.1070675011741, 11.721217827191516 ], [ 76.1070675011741, 11.719421196623278 ], [ 76.106169185889996, 11.719421196623276 ], [ 76.106169185889996, 11.717624566055036 ], [ 76.1070675011741, 11.717624566055042 ], [ 76.1070675011741, 11.71672625077092 ], [ 76.107965816458218, 11.71672625077092 ], [ 76.107965816458218, 11.7158279354868 ], [ 76.108864131742337, 11.715827935486798 ], [ 76.108864131742337, 11.71403130491856 ], [ 76.110660762310587, 11.714031304918558 ], [ 76.110660762310587, 11.713132989634442 ], [ 76.112457392878824, 11.713132989634442 ], [ 76.112457392878824, 11.71223467435032 ], [ 76.110660762310587, 11.712234674350322 ], [ 76.110660762310587, 11.711336359066198 ], [ 76.109762447026469, 11.711336359066202 ], [ 76.109762447026469, 11.710438043782084 ], [ 76.110660762310587, 11.710438043782084 ], [ 76.110660762310587, 11.709539728497964 ], [ 76.112457392878824, 11.709539728497964 ], [ 76.112457392878824, 11.708641413213847 ], [ 76.113355708162942, 11.708641413213847 ], [ 76.113355708162942, 11.707743097929724 ], [ 76.11425402344706, 11.707743097929722 ], [ 76.11425402344706, 11.706844782645604 ], [ 76.115152338731178, 11.706844782645602 ], [ 76.115152338731178, 11.705048152077365 ], [ 76.118745599867651, 11.705048152077364 ], [ 76.118745599867651, 11.703251521509126 ], [ 76.116948969299415, 11.703251521509126 ], [ 76.116948969299415, 11.702353206225006 ], [ 76.116050654015297, 11.702353206225007 ], [ 76.116050654015297, 11.701454890940886 ], [ 76.119643915151784, 11.701454890940887 ], [ 76.119643915151784, 11.702353206225007 ], [ 76.120542230435902, 11.702353206225007 ], [ 76.120542230435902, 11.701454890940889 ], [ 76.12144054572002, 11.701454890940884 ], [ 76.12144054572002, 11.699658260372647 ], [ 76.120542230435902, 11.699658260372651 ], [ 76.120542230435902, 11.698759945088531 ], [ 76.12144054572002, 11.698759945088527 ], [ 76.12144054572002, 11.696963314520289 ], [ 76.122338861004138, 11.696963314520289 ], [ 76.122338861004138, 11.697861629804409 ], [ 76.125932122140611, 11.697861629804411 ], [ 76.125932122140611, 11.696963314520289 ], [ 76.126830437424729, 11.696963314520287 ], [ 76.126830437424729, 11.696064999236169 ], [ 76.125932122140611, 11.696064999236169 ], [ 76.125932122140611, 11.695166683952049 ], [ 76.12144054572002, 11.695166683952053 ], [ 76.12144054572002, 11.692471738099689 ], [ 76.120542230435902, 11.692471738099693 ], [ 76.120542230435902, 11.693370053383811 ], [ 76.119643915151784, 11.693370053383811 ], [ 76.119643915151784, 11.696963314520289 ], [ 76.118745599867651, 11.696963314520287 ], [ 76.118745599867651, 11.699658260372647 ], [ 76.117847284583533, 11.699658260372649 ], [ 76.117847284583533, 11.698759945088527 ], [ 76.115152338731178, 11.698759945088527 ], [ 76.115152338731178, 11.699658260372646 ], [ 76.11425402344706, 11.699658260372647 ], [ 76.11425402344706, 11.700556575656766 ], [ 76.113355708162942, 11.700556575656766 ], [ 76.113355708162942, 11.701454890940889 ], [ 76.112457392878824, 11.701454890940887 ], [ 76.112457392878824, 11.702353206225002 ], [ 76.11155907759472, 11.702353206225007 ], [ 76.11155907759472, 11.703251521509124 ], [ 76.109762447026469, 11.703251521509124 ], [ 76.109762447026469, 11.704149836793245 ], [ 76.1070675011741, 11.704149836793244 ], [ 76.1070675011741, 11.705048152077365 ], [ 76.106169185889996, 11.705048152077364 ], [ 76.106169185889996, 11.706844782645604 ], [ 76.104372555321746, 11.706844782645604 ], [ 76.104372555321746, 11.707743097929724 ], [ 76.103474240037627, 11.707743097929722 ], [ 76.103474240037627, 11.709539728497964 ], [ 76.102575924753509, 11.709539728497964 ], [ 76.102575924753509, 11.707743097929722 ], [ 76.101677609469391, 11.707743097929722 ], [ 76.101677609469391, 11.706844782645604 ], [ 76.100779294185273, 11.706844782645605 ], [ 76.100779294185273, 11.705048152077364 ], [ 76.101677609469391, 11.705048152077367 ], [ 76.101677609469391, 11.704149836793244 ], [ 76.102575924753509, 11.704149836793244 ], [ 76.102575924753509, 11.703251521509124 ], [ 76.101677609469391, 11.703251521509126 ], [ 76.101677609469391, 11.701454890940886 ], [ 76.100779294185273, 11.701454890940889 ], [ 76.100779294185273, 11.697861629804413 ], [ 76.102575924753509, 11.697861629804411 ], [ 76.102575924753509, 11.696963314520289 ], [ 76.103474240037627, 11.696963314520287 ], [ 76.103474240037627, 11.696064999236173 ], [ 76.102575924753509, 11.696064999236169 ], [ 76.102575924753509, 11.695166683952049 ], [ 76.100779294185273, 11.695166683952049 ], [ 76.100779294185273, 11.694268368667931 ], [ 76.099880978901155, 11.694268368667929 ], [ 76.099880978901155, 11.695166683952049 ], [ 76.098982663617022, 11.695166683952051 ], [ 76.098982663617022, 11.694268368667933 ], [ 76.098084348332904, 11.694268368667931 ], [ 76.098084348332904, 11.691573422815569 ], [ 76.097186033048786, 11.691573422815571 ], [ 76.097186033048786, 11.690675107531451 ], [ 76.098084348332904, 11.690675107531451 ], [ 76.098084348332904, 11.689776792247329 ], [ 76.098982663617022, 11.689776792247331 ], [ 76.098982663617022, 11.688878476963213 ], [ 76.102575924753509, 11.688878476963213 ], [ 76.102575924753509, 11.689776792247331 ], [ 76.104372555321746, 11.689776792247333 ], [ 76.104372555321746, 11.687980161679095 ], [ 76.103474240037627, 11.687980161679091 ], [ 76.103474240037627, 11.687081846394975 ], [ 76.099880978901155, 11.687081846394973 ], [ 76.099880978901155, 11.687980161679095 ], [ 76.098982663617022, 11.687980161679091 ], [ 76.098982663617022, 11.687081846394975 ], [ 76.097186033048786, 11.687081846394973 ], [ 76.097186033048786, 11.684386900542618 ], [ 76.096287717764667, 11.684386900542616 ], [ 76.096287717764667, 11.683488585258496 ], [ 76.095389402480549, 11.683488585258496 ], [ 76.095389402480549, 11.682590269974376 ], [ 76.093592771912313, 11.682590269974376 ], [ 76.093592771912313, 11.686183531110858 ], [ 76.094491087196431, 11.686183531110858 ], [ 76.094491087196431, 11.687081846394975 ], [ 76.093592771912313, 11.687081846394973 ], [ 76.093592771912313, 11.687980161679095 ], [ 76.091796141344076, 11.687980161679093 ], [ 76.091796141344076, 11.687081846394975 ], [ 76.090897826059958, 11.687081846394975 ], [ 76.090897826059958, 11.687980161679091 ], [ 76.089101195491708, 11.687980161679091 ], [ 76.089101195491708, 11.689776792247331 ], [ 76.08999951077584, 11.689776792247331 ], [ 76.08999951077584, 11.688878476963215 ], [ 76.090897826059958, 11.688878476963213 ], [ 76.090897826059958, 11.689776792247333 ], [ 76.094491087196431, 11.689776792247333 ], [ 76.094491087196431, 11.692471738099695 ], [ 76.093592771912313, 11.692471738099693 ], [ 76.093592771912313, 11.694268368667931 ], [ 76.094491087196431, 11.694268368667931 ], [ 76.094491087196431, 11.695166683952047 ], [ 76.095389402480549, 11.695166683952049 ], [ 76.095389402480549, 11.696963314520289 ], [ 76.096287717764667, 11.696963314520289 ], [ 76.096287717764667, 11.698759945088529 ], [ 76.097186033048786, 11.698759945088529 ], [ 76.097186033048786, 11.699658260372647 ], [ 76.098084348332904, 11.699658260372647 ], [ 76.098084348332904, 11.700556575656767 ], [ 76.098982663617022, 11.700556575656767 ], [ 76.098982663617022, 11.701454890940886 ], [ 76.097186033048786, 11.701454890940886 ], [ 76.097186033048786, 11.702353206225009 ], [ 76.095389402480549, 11.702353206225007 ], [ 76.095389402480549, 11.703251521509126 ], [ 76.094491087196431, 11.703251521509129 ], [ 76.094491087196431, 11.706844782645605 ], [ 76.092694456628195, 11.706844782645604 ], [ 76.092694456628195, 11.708641413213845 ], [ 76.093592771912313, 11.708641413213844 ], [ 76.093592771912313, 11.709539728497964 ], [ 76.096287717764667, 11.709539728497964 ], [ 76.096287717764667, 11.7113363590662 ], [ 76.097186033048786, 11.711336359066202 ], [ 76.097186033048786, 11.713132989634442 ], [ 76.096287717764667, 11.71313298963444 ], [ 76.096287717764667, 11.714031304918558 ], [ 76.098982663617022, 11.714031304918556 ], [ 76.098982663617022, 11.71492962020268 ], [ 76.099880978901155, 11.71492962020268 ], [ 76.099880978901155, 11.7158279354868 ], [ 76.098982663617022, 11.715827935486798 ], [ 76.098982663617022, 11.720319511907396 ], [ 76.099880978901155, 11.720319511907396 ], [ 76.099880978901155, 11.721217827191516 ], [ 76.098982663617022, 11.721217827191516 ], [ 76.098982663617022, 11.722116142475638 ], [ 76.098084348332904, 11.722116142475635 ], [ 76.098084348332904, 11.723014457759756 ], [ 76.099880978901155, 11.723014457759758 ], [ 76.099880978901155, 11.724811088327995 ], [ 76.097186033048786, 11.724811088327995 ], [ 76.097186033048786, 11.725709403612115 ], [ 76.092694456628195, 11.725709403612113 ], [ 76.092694456628195, 11.729302664748589 ], [ 76.08999951077584, 11.729302664748593 ], [ 76.08999951077584, 11.730200980032711 ], [ 76.089101195491708, 11.730200980032709 ], [ 76.089101195491708, 11.731099295316829 ], [ 76.087304564923471, 11.731099295316831 ], [ 76.087304564923471, 11.730200980032713 ], [ 76.086406249639353, 11.730200980032714 ], [ 76.086406249639353, 11.729302664748591 ], [ 76.085507934355235, 11.729302664748587 ], [ 76.085507934355235, 11.728404349464473 ], [ 76.084609619071117, 11.728404349464471 ], [ 76.084609619071117, 11.729302664748593 ], [ 76.083711303786998, 11.729302664748591 ], [ 76.083711303786998, 11.730200980032711 ], [ 76.08281298850288, 11.730200980032711 ], [ 76.08281298850288, 11.731997610600951 ], [ 76.081016357934644, 11.731997610600951 ], [ 76.081016357934644, 11.734692556453309 ], [ 76.077423096798157, 11.734692556453309 ], [ 76.077423096798157, 11.733794241169191 ], [ 76.076524781514038, 11.733794241169191 ], [ 76.076524781514038, 11.734692556453311 ], [ 76.07562646622992, 11.734692556453309 ], [ 76.07562646622992, 11.735590871737427 ], [ 76.072931520377566, 11.735590871737427 ], [ 76.072931520377566, 11.734692556453309 ], [ 76.073829835661684, 11.734692556453309 ], [ 76.073829835661684, 11.729302664748589 ], [ 76.07562646622992, 11.729302664748589 ], [ 76.07562646622992, 11.728404349464471 ], [ 76.071134889809329, 11.728404349464473 ], [ 76.071134889809329, 11.730200980032711 ], [ 76.072033205093447, 11.730200980032709 ], [ 76.072033205093447, 11.731099295316831 ], [ 76.072931520377566, 11.731099295316829 ], [ 76.072931520377566, 11.731997610600953 ], [ 76.072033205093447, 11.731997610600951 ], [ 76.072033205093447, 11.732895925885069 ], [ 76.069338259241079, 11.732895925885069 ], [ 76.069338259241079, 11.735590871737427 ], [ 76.070236574525211, 11.735590871737429 ], [ 76.070236574525211, 11.736489187021549 ], [ 76.06843994395696, 11.736489187021549 ], [ 76.06843994395696, 11.737387502305667 ], [ 76.066643313388724, 11.737387502305667 ], [ 76.066643313388724, 11.738285817589786 ], [ 76.065744998104606, 11.738285817589787 ], [ 76.065744998104606, 11.737387502305669 ], [ 76.064846682820487, 11.737387502305669 ], [ 76.064846682820487, 11.736489187021547 ], [ 76.063948367536383, 11.736489187021551 ], [ 76.063948367536383, 11.734692556453311 ] ], [ [ 76.094491087196431, 11.687081846394975 ], [ 76.095389402480549, 11.687081846394973 ], [ 76.095389402480549, 11.687980161679093 ], [ 76.094491087196431, 11.687980161679093 ], [ 76.094491087196431, 11.687081846394975 ] ], [ [ 76.102575924753509, 11.714031304918558 ], [ 76.102575924753509, 11.713132989634442 ], [ 76.103474240037627, 11.713132989634442 ], [ 76.103474240037627, 11.714031304918558 ], [ 76.102575924753509, 11.714031304918558 ] ], [ [ 76.101677609469391, 11.718522881339155 ], [ 76.101677609469391, 11.717624566055038 ], [ 76.102575924753509, 11.71762456605504 ], [ 76.102575924753509, 11.718522881339158 ], [ 76.101677609469391, 11.718522881339155 ] ], [ [ 76.100779294185273, 11.724811088327993 ], [ 76.100779294185273, 11.722116142475638 ], [ 76.102575924753509, 11.722116142475638 ], [ 76.102575924753509, 11.723912773043875 ], [ 76.101677609469391, 11.723912773043875 ], [ 76.101677609469391, 11.724811088327995 ], [ 76.100779294185273, 11.724811088327993 ] ], [ [ 76.099880978901155, 11.711336359066204 ], [ 76.099880978901155, 11.710438043782084 ], [ 76.100779294185273, 11.710438043782084 ], [ 76.100779294185273, 11.711336359066205 ], [ 76.099880978901155, 11.711336359066204 ] ], [ [ 76.098982663617022, 11.709539728497964 ], [ 76.098982663617022, 11.706844782645602 ], [ 76.099880978901155, 11.706844782645607 ], [ 76.099880978901155, 11.709539728497964 ], [ 76.098982663617022, 11.709539728497964 ] ], [ [ 76.08281298850288, 11.810151040319347 ], [ 76.08281298850288, 11.809252725035233 ], [ 76.083711303786998, 11.809252725035233 ], [ 76.083711303786998, 11.810151040319345 ], [ 76.08281298850288, 11.810151040319347 ] ], [ [ 76.080118042650525, 11.765235276113374 ], [ 76.080118042650525, 11.764336960829256 ], [ 76.081016357934644, 11.764336960829251 ], [ 76.081016357934644, 11.765235276113373 ], [ 76.080118042650525, 11.765235276113374 ] ], [ [ 76.079219727366393, 11.763438645545135 ], [ 76.079219727366393, 11.762540330261011 ], [ 76.078321412082275, 11.762540330261011 ], [ 76.078321412082275, 11.760743699692775 ], [ 76.079219727366393, 11.760743699692775 ], [ 76.079219727366393, 11.761642014976896 ], [ 76.080118042650525, 11.761642014976896 ], [ 76.080118042650525, 11.763438645545133 ], [ 76.079219727366393, 11.763438645545135 ] ], [ [ 76.079219727366393, 11.769726852533971 ], [ 76.079219727366393, 11.768828537249849 ], [ 76.080118042650525, 11.768828537249849 ], [ 76.080118042650525, 11.769726852533969 ], [ 76.079219727366393, 11.769726852533971 ] ], [ [ 76.07562646622992, 11.746370655146862 ], [ 76.07562646622992, 11.74547233986274 ], [ 76.076524781514038, 11.745472339862744 ], [ 76.076524781514038, 11.746370655146864 ], [ 76.07562646622992, 11.746370655146862 ] ], [ [ 76.076524781514038, 11.745472339862744 ], [ 76.076524781514038, 11.744574024578625 ], [ 76.079219727366393, 11.744574024578627 ], [ 76.079219727366393, 11.745472339862744 ], [ 76.076524781514038, 11.745472339862744 ] ], [ [ 76.076524781514038, 11.758947069124536 ], [ 76.076524781514038, 11.758048753840418 ], [ 76.077423096798157, 11.758048753840416 ], [ 76.077423096798157, 11.758947069124538 ], [ 76.076524781514038, 11.758947069124536 ] ], [ [ 76.072931520377566, 11.796676311057556 ], [ 76.072931520377566, 11.795777995773438 ], [ 76.072033205093447, 11.795777995773438 ], [ 76.072033205093447, 11.794879680489316 ], [ 76.071134889809329, 11.794879680489316 ], [ 76.071134889809329, 11.793083049921076 ], [ 76.072033205093447, 11.793083049921076 ], [ 76.072033205093447, 11.792184734636958 ], [ 76.072931520377566, 11.792184734636958 ], [ 76.072931520377566, 11.793981365205196 ], [ 76.073829835661684, 11.7939813652052 ], [ 76.073829835661684, 11.794879680489318 ], [ 76.074728150945802, 11.794879680489318 ], [ 76.074728150945802, 11.79577799577344 ], [ 76.07562646622992, 11.79577799577344 ], [ 76.07562646622992, 11.796676311057556 ], [ 76.072931520377566, 11.796676311057556 ] ], [ [ 76.065744998104606, 11.740980763442145 ], [ 76.065744998104606, 11.740082448158025 ], [ 76.066643313388724, 11.740082448158025 ], [ 76.066643313388724, 11.740980763442144 ], [ 76.065744998104606, 11.740980763442145 ] ], [ [ 76.062151736968147, 11.740980763442147 ], [ 76.062151736968147, 11.740082448158025 ], [ 76.063050052252251, 11.740082448158029 ], [ 76.063050052252251, 11.739184132873905 ], [ 76.064846682820487, 11.739184132873905 ], [ 76.064846682820487, 11.740082448158029 ], [ 76.063948367536383, 11.740082448158029 ], [ 76.063948367536383, 11.740980763442147 ], [ 76.062151736968147, 11.740980763442147 ] ], [ [ 76.061253421684015, 11.738285817589784 ], [ 76.061253421684015, 11.737387502305669 ], [ 76.062151736968147, 11.737387502305669 ], [ 76.062151736968147, 11.738285817589787 ], [ 76.061253421684015, 11.738285817589784 ] ], [ [ 76.059456791115764, 11.732895925885069 ], [ 76.059456791115764, 11.730200980032711 ], [ 76.060355106399882, 11.730200980032713 ], [ 76.060355106399882, 11.732895925885069 ], [ 76.059456791115764, 11.732895925885069 ] ], [ [ 76.054965214695173, 11.730200980032709 ], [ 76.054965214695173, 11.728404349464473 ], [ 76.05855847583166, 11.728404349464471 ], [ 76.05855847583166, 11.729302664748587 ], [ 76.057660160547528, 11.729302664748589 ], [ 76.057660160547528, 11.730200980032709 ], [ 76.054965214695173, 11.730200980032709 ] ], [ [ 76.054066899411055, 11.735590871737426 ], [ 76.054066899411055, 11.733794241169191 ], [ 76.054965214695173, 11.733794241169191 ], [ 76.054965214695173, 11.732895925885067 ], [ 76.055863529979291, 11.732895925885069 ], [ 76.055863529979291, 11.734692556453311 ], [ 76.054965214695173, 11.734692556453309 ], [ 76.054965214695173, 11.735590871737426 ], [ 76.054066899411055, 11.735590871737426 ] ] ], [ [ [ 76.063948367536383, 11.734692556453311 ], [ 76.064846682820487, 11.734692556453309 ], [ 76.064846682820487, 11.733794241169191 ], [ 76.063948367536383, 11.733794241169191 ], [ 76.063948367536383, 11.734692556453311 ] ] ], [ [ [ 76.064846682820487, 11.734692556453309 ], [ 76.064846682820487, 11.735590871737429 ], [ 76.067541628672842, 11.735590871737427 ], [ 76.067541628672842, 11.734692556453309 ], [ 76.064846682820487, 11.734692556453309 ] ] ], [ [ [ 76.067541628672842, 11.735590871737427 ], [ 76.067541628672842, 11.736489187021551 ], [ 76.06843994395696, 11.736489187021549 ], [ 76.06843994395696, 11.735590871737429 ], [ 76.067541628672842, 11.735590871737427 ] ] ], [ [ [ 76.118745599867651, 11.705048152077364 ], [ 76.118745599867651, 11.705946467361485 ], [ 76.119643915151784, 11.705946467361484 ], [ 76.119643915151784, 11.706844782645602 ], [ 76.120542230435902, 11.706844782645605 ], [ 76.120542230435902, 11.707743097929724 ], [ 76.122338861004138, 11.707743097929722 ], [ 76.122338861004138, 11.706844782645604 ], [ 76.123237176288256, 11.706844782645604 ], [ 76.123237176288256, 11.705946467361485 ], [ 76.125033806856493, 11.705946467361482 ], [ 76.125033806856493, 11.705048152077367 ], [ 76.128627067992966, 11.705048152077364 ], [ 76.128627067992966, 11.704149836793244 ], [ 76.129525383277098, 11.704149836793244 ], [ 76.129525383277098, 11.703251521509126 ], [ 76.130423698561216, 11.703251521509126 ], [ 76.130423698561216, 11.700556575656769 ], [ 76.127728752708848, 11.700556575656766 ], [ 76.127728752708848, 11.701454890940886 ], [ 76.126830437424729, 11.701454890940887 ], [ 76.126830437424729, 11.702353206225009 ], [ 76.124135491572375, 11.702353206225006 ], [ 76.124135491572375, 11.703251521509127 ], [ 76.122338861004138, 11.703251521509126 ], [ 76.122338861004138, 11.702353206225004 ], [ 76.12144054572002, 11.702353206225006 ], [ 76.12144054572002, 11.703251521509126 ], [ 76.120542230435902, 11.703251521509126 ], [ 76.120542230435902, 11.704149836793242 ], [ 76.119643915151784, 11.704149836793247 ], [ 76.119643915151784, 11.705048152077367 ], [ 76.118745599867651, 11.705048152077364 ] ] ], [ [ [ 76.064846682820487, 11.754455492703938 ], [ 76.063948367536383, 11.754455492703942 ], [ 76.063948367536383, 11.758048753840416 ], [ 76.064846682820487, 11.758048753840416 ], [ 76.064846682820487, 11.758947069124536 ], [ 76.065744998104606, 11.758947069124538 ], [ 76.065744998104606, 11.760743699692773 ], [ 76.066643313388724, 11.760743699692775 ], [ 76.066643313388724, 11.757150438556302 ], [ 76.064846682820487, 11.757150438556298 ], [ 76.064846682820487, 11.754455492703938 ] ] ], [ [ [ 76.122338861004138, 11.707743097929722 ], [ 76.122338861004138, 11.709539728497964 ], [ 76.124135491572375, 11.709539728497964 ], [ 76.124135491572375, 11.708641413213845 ], [ 76.123237176288256, 11.708641413213845 ], [ 76.123237176288256, 11.707743097929722 ], [ 76.122338861004138, 11.707743097929722 ] ] ] ] } },
{ "type": "Feature", "properties": { "hotspot_id": 5, "area_km2": 20.669817147262329, "mean_risk": 0.3303, "max_risk": 0.425, "built_area_km2": 0.7469 }, "geometry": { "type": "MultiPolygon", "coordinates": [ [ [ [ 75.965133686283238, 11.556826130197646 ], [ 75.96693031685146, 11.556826130197642 ], [ 75.96693031685146, 11.555927814913527 ], [ 75.967828632135578, 11.555927814913526 ], [ 75.967828632135578, 11.555029499629404 ], [ 75.968726947419697, 11.555029499629402 ], [ 75.968726947419697, 11.556826130197642 ], [ 75.967828632135578, 11.556826130197644 ], [ 75.967828632135578, 11.560419391334124 ], [ 75.968726947419697, 11.560419391334122 ], [ 75.968726947419697, 11.561317706618242 ], [ 75.967828632135578, 11.561317706618242 ], [ 75.967828632135578, 11.563114337186484 ], [ 75.968726947419697, 11.563114337186486 ], [ 75.968726947419697, 11.564012652470598 ], [ 75.96693031685146, 11.564012652470597 ], [ 75.96693031685146, 11.563114337186484 ], [ 75.964235370999106, 11.563114337186484 ], [ 75.964235370999106, 11.565809283038842 ], [ 75.963337055714987, 11.565809283038838 ], [ 75.963337055714987, 11.56491096775472 ], [ 75.962438740430855, 11.564910967754722 ], [ 75.962438740430855, 11.56580928303884 ], [ 75.961540425146737, 11.565809283038838 ], [ 75.961540425146737, 11.567605913607077 ], [ 75.962438740430855, 11.567605913607077 ], [ 75.962438740430855, 11.56670759832296 ], [ 75.964235370999106, 11.56670759832296 ], [ 75.964235370999106, 11.567605913607077 ], [ 75.96693031685146, 11.567605913607078 ], [ 75.96693031685146, 11.56670759832296 ], [ 75.968726947419697, 11.566707598322962 ], [ 75.968726947419697, 11.56580928303884 ], [ 75.970523577987933, 11.565809283038838 ], [ 75.970523577987933, 11.568504228891197 ], [ 75.968726947419697, 11.568504228891197 ], [ 75.968726947419697, 11.56940254417532 ], [ 75.967828632135578, 11.569402544175317 ], [ 75.967828632135578, 11.570300859459438 ], [ 75.968726947419697, 11.570300859459438 ], [ 75.968726947419697, 11.571199174743553 ], [ 75.96693031685146, 11.571199174743558 ], [ 75.96693031685146, 11.572097490027677 ], [ 75.966032001567342, 11.572097490027677 ], [ 75.966032001567342, 11.572995805311793 ], [ 75.96693031685146, 11.572995805311795 ], [ 75.96693031685146, 11.574792435880035 ], [ 75.969625262703815, 11.574792435880036 ], [ 75.969625262703815, 11.573894120595915 ], [ 75.97232020855617, 11.573894120595915 ], [ 75.97232020855617, 11.574792435880036 ], [ 75.973218523840302, 11.574792435880035 ], [ 75.973218523840302, 11.575690751164155 ], [ 75.969625262703815, 11.575690751164153 ], [ 75.969625262703815, 11.576589066448275 ], [ 75.970523577987933, 11.576589066448273 ], [ 75.970523577987933, 11.577487381732393 ], [ 75.97232020855617, 11.577487381732393 ], [ 75.97232020855617, 11.578385697016511 ], [ 75.968726947419697, 11.578385697016515 ], [ 75.968726947419697, 11.579284012300633 ], [ 75.967828632135578, 11.579284012300633 ], [ 75.967828632135578, 11.580182327584753 ], [ 75.969625262703815, 11.580182327584753 ], [ 75.969625262703815, 11.581978958152991 ], [ 75.967828632135578, 11.581978958152991 ], [ 75.967828632135578, 11.582877273437113 ], [ 75.968726947419697, 11.582877273437115 ], [ 75.968726947419697, 11.583775588721231 ], [ 75.96693031685146, 11.583775588721229 ], [ 75.96693031685146, 11.584673904005347 ], [ 75.965133686283238, 11.584673904005349 ], [ 75.965133686283238, 11.585572219289469 ], [ 75.966032001567342, 11.585572219289469 ], [ 75.966032001567342, 11.586470534573589 ], [ 75.967828632135578, 11.586470534573589 ], [ 75.967828632135578, 11.585572219289467 ], [ 75.968726947419697, 11.585572219289469 ], [ 75.968726947419697, 11.584673904005349 ], [ 75.970523577987933, 11.584673904005347 ], [ 75.970523577987933, 11.583775588721229 ], [ 75.971421893272051, 11.583775588721231 ], [ 75.971421893272051, 11.581978958152989 ], [ 75.973218523840302, 11.581978958152989 ], [ 75.973218523840302, 11.583775588721231 ], [ 75.97232020855617, 11.583775588721227 ], [ 75.97232020855617, 11.584673904005347 ], [ 75.973218523840302, 11.584673904005347 ], [ 75.973218523840302, 11.587368849857709 ], [ 75.97411683912442, 11.587368849857709 ], [ 75.97411683912442, 11.589165480425944 ], [ 75.975015154408538, 11.589165480425947 ], [ 75.975015154408538, 11.590962110994184 ], [ 75.975913469692657, 11.590962110994187 ], [ 75.975913469692657, 11.591860426278306 ], [ 75.976811784976775, 11.591860426278307 ], [ 75.976811784976775, 11.590063795710071 ], [ 75.984896622533853, 11.590063795710066 ], [ 75.984896622533853, 11.589165480425947 ], [ 75.985794937817971, 11.589165480425949 ], [ 75.985794937817971, 11.588267165141827 ], [ 75.986693253102089, 11.588267165141826 ], [ 75.986693253102089, 11.587368849857709 ], [ 75.987591568386208, 11.587368849857707 ], [ 75.987591568386208, 11.588267165141826 ], [ 75.99118482952268, 11.588267165141827 ], [ 75.99118482952268, 11.587368849857709 ], [ 75.992981460090931, 11.587368849857709 ], [ 75.992981460090931, 11.588267165141829 ], [ 75.993879775375049, 11.588267165141826 ], [ 75.993879775375049, 11.589165480425949 ], [ 75.992981460090931, 11.589165480425944 ], [ 75.992981460090931, 11.590063795710069 ], [ 75.994778090659167, 11.590063795710066 ], [ 75.994778090659167, 11.588267165141824 ], [ 75.995676405943286, 11.588267165141826 ], [ 75.995676405943286, 11.590063795710067 ], [ 75.996574721227404, 11.590063795710069 ], [ 75.996574721227404, 11.588267165141826 ], [ 75.997473036511522, 11.588267165141826 ], [ 75.997473036511522, 11.589165480425946 ], [ 75.99837135179564, 11.589165480425946 ], [ 75.99837135179564, 11.590063795710067 ], [ 75.999269667079759, 11.590063795710069 ], [ 75.999269667079759, 11.591860426278306 ], [ 76.000167982363877, 11.591860426278306 ], [ 76.000167982363877, 11.590063795710069 ], [ 76.001964612932127, 11.590063795710067 ], [ 76.001964612932127, 11.590962110994186 ], [ 76.004659558784482, 11.590962110994187 ], [ 76.004659558784482, 11.590063795710069 ], [ 76.003761243500364, 11.590063795710066 ], [ 76.003761243500364, 11.589165480425947 ], [ 76.002862928216246, 11.589165480425946 ], [ 76.002862928216246, 11.588267165141829 ], [ 76.001964612932127, 11.588267165141827 ], [ 76.001964612932127, 11.586470534573589 ], [ 76.003761243500364, 11.586470534573589 ], [ 76.003761243500364, 11.587368849857709 ], [ 76.004659558784482, 11.587368849857709 ], [ 76.004659558784482, 11.589165480425944 ], [ 76.0055578740686, 11.589165480425946 ], [ 76.0055578740686, 11.590063795710066 ], [ 76.006456189352718, 11.590063795710066 ], [ 76.006456189352718, 11.590962110994184 ], [ 76.007354504636837, 11.590962110994187 ], [ 76.007354504636837, 11.591860426278306 ], [ 76.008252819920955, 11.591860426278306 ], [ 76.008252819920955, 11.592758741562426 ], [ 76.009151135205087, 11.592758741562424 ], [ 76.009151135205087, 11.593657056846542 ], [ 76.010049450489191, 11.593657056846544 ], [ 76.010049450489191, 11.592758741562426 ], [ 76.010947765773309, 11.592758741562424 ], [ 76.010947765773309, 11.590962110994187 ], [ 76.011846081057442, 11.590962110994186 ], [ 76.011846081057442, 11.590063795710064 ], [ 76.010049450489191, 11.590063795710066 ], [ 76.010049450489191, 11.590962110994189 ], [ 76.009151135205087, 11.590962110994187 ], [ 76.009151135205087, 11.590063795710066 ], [ 76.008252819920955, 11.590063795710066 ], [ 76.008252819920955, 11.589165480425949 ], [ 76.007354504636837, 11.589165480425949 ], [ 76.007354504636837, 11.588267165141826 ], [ 76.008252819920955, 11.588267165141827 ], [ 76.008252819920955, 11.587368849857709 ], [ 76.007354504636837, 11.587368849857709 ], [ 76.007354504636837, 11.586470534573589 ], [ 76.009151135205087, 11.586470534573591 ], [ 76.009151135205087, 11.585572219289471 ], [ 76.010947765773309, 11.585572219289469 ], [ 76.010947765773309, 11.584673904005347 ], [ 76.007354504636837, 11.584673904005347 ], [ 76.007354504636837, 11.581080642868869 ], [ 76.006456189352718, 11.581080642868868 ], [ 76.006456189352718, 11.580182327584755 ], [ 76.0055578740686, 11.580182327584753 ], [ 76.0055578740686, 11.579284012300635 ], [ 76.004659558784482, 11.579284012300633 ], [ 76.004659558784482, 11.578385697016515 ], [ 76.003761243500364, 11.578385697016513 ], [ 76.003761243500364, 11.577487381732393 ], [ 76.002862928216246, 11.577487381732393 ], [ 76.002862928216246, 11.576589066448271 ], [ 76.001964612932127, 11.576589066448275 ], [ 76.001964612932127, 11.575690751164151 ], [ 76.002862928216246, 11.575690751164153 ], [ 76.002862928216246, 11.574792435880035 ], [ 76.003761243500364, 11.574792435880036 ], [ 76.003761243500364, 11.573894120595915 ], [ 76.002862928216246, 11.573894120595915 ], [ 76.002862928216246, 11.572097490027675 ], [ 76.001964612932127, 11.572097490027678 ], [ 76.001964612932127, 11.571199174743557 ], [ 76.002862928216246, 11.571199174743557 ], [ 76.002862928216246, 11.570300859459437 ], [ 76.001066297647995, 11.570300859459437 ], [ 76.001066297647995, 11.569402544175317 ], [ 76.001964612932127, 11.569402544175317 ], [ 76.001964612932127, 11.566707598322958 ], [ 76.002862928216246, 11.56670759832296 ], [ 76.002862928216246, 11.56580928303884 ], [ 76.003761243500364, 11.56580928303884 ], [ 76.003761243500364, 11.564910967754718 ], [ 76.004659558784482, 11.56491096775472 ], [ 76.004659558784482, 11.565809283038838 ], [ 76.0055578740686, 11.565809283038838 ], [ 76.0055578740686, 11.56491096775472 ], [ 76.007354504636837, 11.564910967754718 ], [ 76.007354504636837, 11.56580928303884 ], [ 76.006456189352718, 11.56580928303884 ], [ 76.006456189352718, 11.568504228891198 ], [ 76.0055578740686, 11.568504228891197 ], [ 76.0055578740686, 11.57030085945944 ], [ 76.004659558784482, 11.570300859459437 ], [ 76.004659558784482, 11.572097490027675 ], [ 76.006456189352718, 11.572097490027678 ], [ 76.006456189352718, 11.570300859459437 ], [ 76.007354504636837, 11.570300859459438 ], [ 76.007354504636837, 11.571199174743557 ], [ 76.009151135205087, 11.571199174743557 ], [ 76.009151135205087, 11.570300859459437 ], [ 76.010049450489191, 11.570300859459438 ], [ 76.010049450489191, 11.56940254417532 ], [ 76.009151135205087, 11.569402544175315 ], [ 76.009151135205087, 11.568504228891198 ], [ 76.010947765773309, 11.568504228891197 ], [ 76.010947765773309, 11.567605913607077 ], [ 76.011846081057442, 11.567605913607077 ], [ 76.011846081057442, 11.566707598322958 ], [ 76.010947765773309, 11.566707598322958 ], [ 76.010947765773309, 11.565809283038838 ], [ 76.009151135205087, 11.565809283038837 ], [ 76.009151135205087, 11.56491096775472 ], [ 76.010049450489191, 11.564910967754718 ], [ 76.010049450489191, 11.564012652470598 ], [ 76.011846081057442, 11.5640126524706 ], [ 76.011846081057442, 11.563114337186482 ], [ 76.014541026909811, 11.563114337186484 ], [ 76.014541026909811, 11.56221602190236 ], [ 76.013642711625678, 11.56221602190236 ], [ 76.013642711625678, 11.561317706618244 ], [ 76.01274439634156, 11.561317706618242 ], [ 76.01274439634156, 11.560419391334122 ], [ 76.011846081057442, 11.560419391334122 ], [ 76.011846081057442, 11.557724445481764 ], [ 76.01274439634156, 11.55772444548176 ], [ 76.01274439634156, 11.556826130197642 ], [ 76.013642711625678, 11.556826130197644 ], [ 76.013642711625678, 11.555029499629406 ], [ 76.014541026909811, 11.555029499629406 ], [ 76.014541026909811, 11.554131184345282 ], [ 76.015439342193915, 11.554131184345286 ], [ 76.015439342193915, 11.552334553777047 ], [ 76.014541026909811, 11.552334553777046 ], [ 76.014541026909811, 11.553232869061166 ], [ 76.013642711625678, 11.553232869061167 ], [ 76.013642711625678, 11.552334553777046 ], [ 76.011846081057442, 11.552334553777047 ], [ 76.011846081057442, 11.549639607924689 ], [ 76.010947765773309, 11.549639607924689 ], [ 76.010947765773309, 11.548741292640567 ], [ 76.011846081057442, 11.548741292640567 ], [ 76.011846081057442, 11.547842977356449 ], [ 76.010049450489191, 11.547842977356449 ], [ 76.010049450489191, 11.546944662072328 ], [ 76.010947765773309, 11.546944662072328 ], [ 76.010947765773309, 11.545148031504091 ], [ 76.009151135205087, 11.545148031504088 ], [ 76.009151135205087, 11.546944662072328 ], [ 76.008252819920955, 11.546944662072328 ], [ 76.008252819920955, 11.548741292640567 ], [ 76.009151135205087, 11.548741292640566 ], [ 76.009151135205087, 11.549639607924687 ], [ 76.008252819920955, 11.549639607924689 ], [ 76.008252819920955, 11.550537923208804 ], [ 76.004659558784482, 11.550537923208806 ], [ 76.004659558784482, 11.551436238492929 ], [ 76.001964612932127, 11.551436238492924 ], [ 76.001964612932127, 11.553232869061166 ], [ 76.001066297647995, 11.553232869061167 ], [ 76.001066297647995, 11.552334553777047 ], [ 76.000167982363877, 11.552334553777047 ], [ 76.000167982363877, 11.551436238492927 ], [ 76.001066297647995, 11.551436238492926 ], [ 76.001066297647995, 11.549639607924689 ], [ 76.002862928216246, 11.549639607924689 ], [ 76.002862928216246, 11.548741292640569 ], [ 76.003761243500364, 11.548741292640567 ], [ 76.003761243500364, 11.546944662072326 ], [ 76.001964612932127, 11.546944662072329 ], [ 76.001964612932127, 11.547842977356449 ], [ 75.999269667079759, 11.547842977356447 ], [ 75.999269667079759, 11.548741292640567 ], [ 75.99837135179564, 11.548741292640567 ], [ 75.99837135179564, 11.549639607924689 ], [ 75.997473036511522, 11.549639607924689 ], [ 75.997473036511522, 11.548741292640567 ], [ 75.996574721227404, 11.548741292640567 ], [ 75.996574721227404, 11.547842977356447 ], [ 75.995676405943286, 11.547842977356451 ], [ 75.995676405943286, 11.549639607924689 ], [ 75.994778090659167, 11.549639607924687 ], [ 75.994778090659167, 11.548741292640567 ], [ 75.993879775375049, 11.548741292640567 ], [ 75.993879775375049, 11.547842977356453 ], [ 75.992981460090931, 11.547842977356449 ], [ 75.992981460090931, 11.548741292640567 ], [ 75.99118482952268, 11.548741292640567 ], [ 75.99118482952268, 11.546046346788211 ], [ 75.992083144806799, 11.546046346788209 ], [ 75.992083144806799, 11.545148031504089 ], [ 75.989388198954444, 11.545148031504091 ], [ 75.989388198954444, 11.543351400935851 ], [ 75.987591568386208, 11.543351400935848 ], [ 75.987591568386208, 11.542453085651731 ], [ 75.988489883670326, 11.542453085651728 ], [ 75.988489883670326, 11.541554770367608 ], [ 75.990286514238562, 11.541554770367609 ], [ 75.990286514238562, 11.539758139799371 ], [ 75.989388198954444, 11.539758139799373 ], [ 75.989388198954444, 11.540656455083493 ], [ 75.987591568386208, 11.540656455083491 ], [ 75.987591568386208, 11.541554770367611 ], [ 75.985794937817971, 11.541554770367609 ], [ 75.985794937817971, 11.542453085651733 ], [ 75.983998307249735, 11.542453085651733 ], [ 75.983998307249735, 11.541554770367609 ], [ 75.980405046113248, 11.541554770367613 ], [ 75.980405046113248, 11.542453085651731 ], [ 75.978608415545011, 11.542453085651731 ], [ 75.978608415545011, 11.543351400935848 ], [ 75.977710100260893, 11.543351400935851 ], [ 75.977710100260893, 11.544249716219971 ], [ 75.976811784976775, 11.544249716219971 ], [ 75.976811784976775, 11.545148031504089 ], [ 75.975913469692657, 11.545148031504089 ], [ 75.975913469692657, 11.546046346788211 ], [ 75.975015154408538, 11.546046346788208 ], [ 75.975015154408538, 11.548741292640567 ], [ 75.973218523840302, 11.548741292640567 ], [ 75.973218523840302, 11.549639607924689 ], [ 75.97232020855617, 11.549639607924687 ], [ 75.97232020855617, 11.550537923208807 ], [ 75.971421893272051, 11.550537923208804 ], [ 75.971421893272051, 11.551436238492927 ], [ 75.970523577987933, 11.551436238492926 ], [ 75.970523577987933, 11.552334553777047 ], [ 75.968726947419697, 11.552334553777047 ], [ 75.968726947419697, 11.553232869061166 ], [ 75.967828632135578, 11.553232869061171 ], [ 75.967828632135578, 11.554131184345287 ], [ 75.96693031685146, 11.554131184345287 ], [ 75.96693031685146, 11.555029499629404 ], [ 75.966032001567342, 11.555029499629404 ], [ 75.966032001567342, 11.555927814913526 ], [ 75.965133686283238, 11.555927814913526 ], [ 75.965133686283238, 11.556826130197646 ] ], [ [ 75.968726947419697, 11.560419391334122 ], [ 75.968726947419697, 11.559521076050002 ], [ 75.969625262703815, 11.559521076050004 ], [ 75.969625262703815, 11.560419391334122 ], [ 75.968726947419697, 11.560419391334122 ] ], [ [ 75.968726947419697, 11.561317706618242 ], [ 75.969625262703815, 11.561317706618242 ], [ 75.969625262703815, 11.562216021902362 ], [ 75.968726947419697, 11.562216021902362 ], [ 75.968726947419697, 11.561317706618242 ] ], [ [ 75.97232020855617, 11.573894120595915 ], [ 75.97232020855617, 11.572995805311795 ], [ 75.973218523840302, 11.572995805311797 ], [ 75.973218523840302, 11.573894120595913 ], [ 75.97232020855617, 11.573894120595915 ] ], [ [ 75.973218523840302, 11.581978958152989 ], [ 75.973218523840302, 11.581080642868871 ], [ 75.97411683912442, 11.581080642868868 ], [ 75.97411683912442, 11.581978958152989 ], [ 75.973218523840302, 11.581978958152989 ] ], [ [ 76.003761243500364, 11.586470534573589 ], [ 76.003761243500364, 11.583775588721229 ], [ 76.004659558784482, 11.583775588721229 ], [ 76.004659558784482, 11.586470534573589 ], [ 76.003761243500364, 11.586470534573589 ] ], [ [ 76.007354504636837, 11.570300859459438 ], [ 76.007354504636837, 11.569402544175318 ], [ 76.008252819920955, 11.569402544175317 ], [ 76.008252819920955, 11.570300859459438 ], [ 76.007354504636837, 11.570300859459438 ] ], [ [ 76.011846081057442, 11.557724445481764 ], [ 76.010947765773309, 11.557724445481766 ], [ 76.010947765773309, 11.556826130197644 ], [ 76.011846081057442, 11.556826130197644 ], [ 76.011846081057442, 11.557724445481764 ] ], [ [ 76.010947765773309, 11.556826130197644 ], [ 76.009151135205087, 11.556826130197642 ], [ 76.009151135205087, 11.555029499629404 ], [ 76.010049450489191, 11.555029499629406 ], [ 76.010049450489191, 11.555927814913526 ], [ 76.010947765773309, 11.555927814913524 ], [ 76.010947765773309, 11.556826130197644 ] ], [ [ 76.009151135205087, 11.556826130197642 ], [ 76.009151135205087, 11.55772444548176 ], [ 76.008252819920955, 11.557724445481762 ], [ 76.008252819920955, 11.558622760765887 ], [ 76.007354504636837, 11.558622760765882 ], [ 76.007354504636837, 11.559521076050004 ], [ 76.009151135205087, 11.559521076050002 ], [ 76.009151135205087, 11.562216021902362 ], [ 76.008252819920955, 11.562216021902362 ], [ 76.008252819920955, 11.563114337186482 ], [ 76.007354504636837, 11.563114337186482 ], [ 76.007354504636837, 11.564012652470598 ], [ 76.0055578740686, 11.5640126524706 ], [ 76.0055578740686, 11.562216021902364 ], [ 76.004659558784482, 11.562216021902362 ], [ 76.004659558784482, 11.560419391334124 ], [ 76.0055578740686, 11.560419391334124 ], [ 76.0055578740686, 11.555927814913526 ], [ 76.006456189352718, 11.555927814913524 ], [ 76.006456189352718, 11.554131184345284 ], [ 76.008252819920955, 11.554131184345282 ], [ 76.008252819920955, 11.556826130197642 ], [ 76.009151135205087, 11.556826130197642 ] ], [ [ 76.006456189352718, 11.554131184345284 ], [ 76.004659558784482, 11.554131184345284 ], [ 76.004659558784482, 11.553232869061167 ], [ 76.006456189352718, 11.553232869061166 ], [ 76.006456189352718, 11.554131184345284 ] ], [ [ 76.004659558784482, 11.554131184345284 ], [ 76.004659558784482, 11.555927814913526 ], [ 76.003761243500364, 11.555927814913524 ], [ 76.003761243500364, 11.554131184345282 ], [ 76.004659558784482, 11.554131184345284 ] ], [ [ 76.000167982363877, 11.552334553777047 ], [ 76.000167982363877, 11.553232869061166 ], [ 75.999269667079759, 11.553232869061167 ], [ 75.999269667079759, 11.552334553777046 ], [ 76.000167982363877, 11.552334553777047 ] ], [ [ 75.999269667079759, 11.552334553777046 ], [ 75.99837135179564, 11.552334553777046 ], [ 75.99837135179564, 11.551436238492924 ], [ 75.999269667079759, 11.551436238492927 ], [ 75.999269667079759, 11.552334553777046 ] ], [ [ 75.989388198954444, 11.545148031504091 ], [ 75.989388198954444, 11.546944662072328 ], [ 75.988489883670326, 11.546944662072329 ], [ 75.988489883670326, 11.545148031504089 ], [ 75.989388198954444, 11.545148031504091 ] ], [ [ 75.973218523840302, 11.549639607924689 ], [ 75.97411683912442, 11.549639607924689 ], [ 75.97411683912442, 11.550537923208802 ], [ 75.973218523840302, 11.550537923208807 ], [ 75.973218523840302, 11.549639607924689 ] ], [ [ 76.010049450489191, 11.553232869061169 ], [ 76.010049450489191, 11.551436238492927 ], [ 76.010947765773309, 11.551436238492927 ], [ 76.010947765773309, 11.553232869061166 ], [ 76.010049450489191, 11.553232869061169 ] ], [ [ 76.0055578740686, 11.583775588721229 ], [ 76.0055578740686, 11.582877273437111 ], [ 76.006456189352718, 11.582877273437109 ], [ 76.006456189352718, 11.583775588721229 ], [ 76.0055578740686, 11.583775588721229 ] ], [ [ 76.000167982363877, 11.589165480425946 ], [ 76.000167982363877, 11.588267165141826 ], [ 76.001066297647995, 11.588267165141826 ], [ 76.001066297647995, 11.589165480425946 ], [ 76.000167982363877, 11.589165480425946 ] ], [ [ 75.99837135179564, 11.575690751164153 ], [ 75.99837135179564, 11.574792435880035 ], [ 75.997473036511522, 11.574792435880031 ], [ 75.997473036511522, 11.573894120595915 ], [ 75.999269667079759, 11.573894120595915 ], [ 75.999269667079759, 11.575690751164153 ], [ 75.99837135179564, 11.575690751164153 ] ], [ [ 75.992981460090931, 11.574792435880036 ], [ 75.992981460090931, 11.572995805311795 ], [ 75.993879775375049, 11.572995805311795 ], [ 75.993879775375049, 11.574792435880033 ], [ 75.992981460090931, 11.574792435880036 ] ], [ [ 75.993879775375049, 11.572995805311795 ], [ 75.993879775375049, 11.572097490027677 ], [ 75.995676405943286, 11.572097490027675 ], [ 75.995676405943286, 11.571199174743558 ], [ 75.996574721227404, 11.571199174743558 ], [ 75.996574721227404, 11.572097490027677 ], [ 75.997473036511522, 11.572097490027675 ], [ 75.997473036511522, 11.572995805311795 ], [ 75.995676405943286, 11.572995805311795 ], [ 75.995676405943286, 11.573894120595915 ], [ 75.994778090659167, 11.573894120595915 ], [ 75.994778090659167, 11.572995805311795 ], [ 75.993879775375049, 11.572995805311795 ] ], [ [ 75.997473036511522, 11.572097490027675 ], [ 75.997473036511522, 11.571199174743557 ], [ 75.99837135179564, 11.571199174743557 ], [ 75.99837135179564, 11.572097490027677 ], [ 75.997473036511522, 11.572097490027675 ] ], [ [ 75.996574721227404, 11.576589066448273 ], [ 75.996574721227404, 11.575690751164155 ], [ 75.997473036511522, 11.575690751164153 ], [ 75.997473036511522, 11.576589066448273 ], [ 75.996574721227404, 11.576589066448273 ] ], [ [ 75.993879775375049, 11.587368849857709 ], [ 75.993879775375049, 11.586470534573589 ], [ 75.994778090659167, 11.586470534573589 ], [ 75.994778090659167, 11.587368849857709 ], [ 75.993879775375049, 11.587368849857709 ] ], [ [ 75.992981460090931, 11.576589066448275 ], [ 75.992981460090931, 11.575690751164151 ], [ 75.993879775375049, 11.575690751164153 ], [ 75.993879775375049, 11.576589066448275 ], [ 75.992981460090931, 11.576589066448275 ] ], [ [ 75.986693253102089, 11.547842977356449 ], [ 75.986693253102089, 11.546046346788209 ], [ 75.987591568386208, 11.546046346788209 ], [ 75.987591568386208, 11.547842977356451 ], [ 75.986693253102089, 11.547842977356449 ] ], [ [ 75.986693253102089, 11.549639607924689 ], [ 75.986693253102089, 11.548741292640567 ], [ 75.987591568386208, 11.548741292640569 ], [ 75.987591568386208, 11.549639607924689 ], [ 75.986693253102089, 11.549639607924689 ] ], [ [ 75.985794937817971, 11.571199174743555 ], [ 75.985794937817971, 11.570300859459437 ], [ 75.987591568386208, 11.570300859459438 ], [ 75.987591568386208, 11.571199174743553 ], [ 75.985794937817971, 11.571199174743555 ] ], [ [ 75.986693253102089, 11.579284012300631 ], [ 75.986693253102089, 11.578385697016509 ], [ 75.987591568386208, 11.578385697016515 ], [ 75.987591568386208, 11.579284012300631 ], [ 75.986693253102089, 11.579284012300631 ] ], [ [ 75.984896622533853, 11.586470534573589 ], [ 75.984896622533853, 11.585572219289469 ], [ 75.985794937817971, 11.585572219289469 ], [ 75.985794937817971, 11.586470534573589 ], [ 75.984896622533853, 11.586470534573589 ] ], [ [ 75.985794937817971, 11.585572219289469 ], [ 75.985794937817971, 11.584673904005347 ], [ 75.987591568386208, 11.584673904005347 ], [ 75.987591568386208, 11.585572219289469 ], [ 75.985794937817971, 11.585572219289469 ] ], [ [ 75.983998307249735, 11.573894120595913 ], [ 75.983998307249735, 11.572995805311795 ], [ 75.984896622533853, 11.572995805311795 ], [ 75.984896622533853, 11.573894120595916 ], [ 75.983998307249735, 11.573894120595913 ] ], [ [ 75.981303361397366, 11.550537923208807 ], [ 75.981303361397366, 11.548741292640567 ], [ 75.982201676681484, 11.548741292640567 ], [ 75.982201676681484, 11.546944662072328 ], [ 75.983998307249735, 11.546944662072328 ], [ 75.983998307249735, 11.547842977356451 ], [ 75.983099991965616, 11.547842977356447 ], [ 75.983099991965616, 11.550537923208806 ], [ 75.981303361397366, 11.550537923208807 ] ], [ [ 75.982201676681484, 11.546944662072328 ], [ 75.981303361397366, 11.546944662072328 ], [ 75.981303361397366, 11.546046346788211 ], [ 75.982201676681484, 11.546046346788208 ], [ 75.982201676681484, 11.546944662072328 ] ], [ [ 75.983099991965616, 11.572097490027675 ], [ 75.983099991965616, 11.571199174743555 ], [ 75.983998307249735, 11.571199174743555 ], [ 75.983998307249735, 11.572097490027675 ], [ 75.983099991965616, 11.572097490027675 ] ], [ [ 75.982201676681484, 11.585572219289469 ], [ 75.982201676681484, 11.584673904005347 ], [ 75.983099991965616, 11.584673904005347 ], [ 75.983099991965616, 11.585572219289469 ], [ 75.982201676681484, 11.585572219289469 ] ], [ [ 75.980405046113248, 11.588267165141824 ], [ 75.980405046113248, 11.587368849857711 ], [ 75.982201676681484, 11.587368849857709 ], [ 75.982201676681484, 11.588267165141826 ], [ 75.980405046113248, 11.588267165141824 ] ], [ [ 75.979506730829129, 11.549639607924689 ], [ 75.979506730829129, 11.548741292640567 ], [ 75.980405046113248, 11.548741292640567 ], [ 75.980405046113248, 11.549639607924687 ], [ 75.979506730829129, 11.549639607924689 ] ], [ [ 75.977710100260893, 11.588267165141826 ], [ 75.977710100260893, 11.587368849857709 ], [ 75.978608415545011, 11.587368849857709 ], [ 75.978608415545011, 11.588267165141827 ], [ 75.977710100260893, 11.588267165141826 ] ], [ [ 75.975913469692657, 11.575690751164155 ], [ 75.975913469692657, 11.574792435880033 ], [ 75.976811784976775, 11.574792435880038 ], [ 75.976811784976775, 11.575690751164155 ], [ 75.975913469692657, 11.575690751164155 ] ], [ [ 75.975913469692657, 11.583775588721231 ], [ 75.975913469692657, 11.582877273437107 ], [ 75.976811784976775, 11.582877273437109 ], [ 75.976811784976775, 11.583775588721233 ], [ 75.975913469692657, 11.583775588721231 ] ], [ [ 75.97232020855617, 11.560419391334122 ], [ 75.97232020855617, 11.559521076050002 ], [ 75.973218523840302, 11.559521076050002 ], [ 75.973218523840302, 11.560419391334122 ], [ 75.97232020855617, 11.560419391334122 ] ], [ [ 75.97232020855617, 11.565809283038838 ], [ 75.97232020855617, 11.56491096775472 ], [ 75.973218523840302, 11.564910967754722 ], [ 75.973218523840302, 11.565809283038838 ], [ 75.97232020855617, 11.565809283038838 ] ], [ [ 75.969625262703815, 11.572097490027675 ], [ 75.969625262703815, 11.570300859459438 ], [ 75.970523577987933, 11.570300859459437 ], [ 75.970523577987933, 11.571199174743557 ], [ 75.971421893272051, 11.571199174743558 ], [ 75.971421893272051, 11.572097490027677 ], [ 75.969625262703815, 11.572097490027675 ] ], [ [ 75.971421893272051, 11.571199174743558 ], [ 75.971421893272051, 11.570300859459437 ], [ 75.97232020855617, 11.570300859459438 ], [ 75.97232020855617, 11.571199174743557 ], [ 75.971421893272051, 11.571199174743558 ] ], [ [ 75.97232020855617, 11.570300859459438 ], [ 75.97232020855617, 11.569402544175315 ], [ 75.973218523840302, 11.56940254417532 ], [ 75.973218523840302, 11.570300859459438 ], [ 75.97232020855617, 11.570300859459438 ] ], [ [ 75.969625262703815, 11.558622760765884 ], [ 75.969625262703815, 11.556826130197644 ], [ 75.97232020855617, 11.556826130197644 ], [ 75.97232020855617, 11.557724445481762 ], [ 75.970523577987933, 11.557724445481764 ], [ 75.970523577987933, 11.558622760765884 ], [ 75.969625262703815, 11.558622760765884 ] ], [ [ 75.970523577987933, 11.561317706618242 ], [ 75.970523577987933, 11.560419391334124 ], [ 75.971421893272051, 11.560419391334122 ], [ 75.971421893272051, 11.561317706618242 ], [ 75.970523577987933, 11.561317706618242 ] ], [ [ 75.967828632135578, 11.573894120595915 ], [ 75.967828632135578, 11.572995805311793 ], [ 75.968726947419697, 11.572995805311797 ], [ 75.968726947419697, 11.573894120595916 ], [ 75.967828632135578, 11.573894120595915 ] ], [ [ 75.965133686283238, 11.565809283038842 ], [ 75.965133686283238, 11.564910967754722 ], [ 75.96693031685146, 11.56491096775472 ], [ 75.96693031685146, 11.56580928303884 ], [ 75.965133686283238, 11.565809283038842 ] ] ], [ [ [ 76.010049450489191, 11.570300859459438 ], [ 76.010049450489191, 11.572097490027678 ], [ 76.011846081057442, 11.572097490027675 ], [ 76.011846081057442, 11.573894120595916 ], [ 76.01274439634156, 11.573894120595915 ], [ 76.01274439634156, 11.575690751164155 ], [ 76.013642711625678, 11.575690751164153 ], [ 76.013642711625678, 11.578385697016511 ], [ 76.015439342193915, 11.578385697016515 ], [ 76.015439342193915, 11.577487381732393 ], [ 76.014541026909811, 11.577487381732393 ], [ 76.014541026909811, 11.576589066448273 ], [ 76.015439342193915, 11.576589066448275 ], [ 76.015439342193915, 11.573894120595915 ], [ 76.016337657478033, 11.573894120595915 ], [ 76.016337657478033, 11.575690751164153 ], [ 76.018134288046269, 11.575690751164155 ], [ 76.018134288046269, 11.574792435880035 ], [ 76.017235972762151, 11.574792435880033 ], [ 76.017235972762151, 11.572995805311795 ], [ 76.016337657478033, 11.572995805311795 ], [ 76.016337657478033, 11.568504228891197 ], [ 76.017235972762151, 11.568504228891198 ], [ 76.017235972762151, 11.567605913607078 ], [ 76.018134288046269, 11.567605913607077 ], [ 76.018134288046269, 11.566707598322962 ], [ 76.019032603330388, 11.566707598322958 ], [ 76.019032603330388, 11.564910967754722 ], [ 76.018134288046269, 11.56491096775472 ], [ 76.018134288046269, 11.56580928303884 ], [ 76.017235972762151, 11.565809283038837 ], [ 76.017235972762151, 11.56670759832296 ], [ 76.016337657478033, 11.56670759832296 ], [ 76.016337657478033, 11.567605913607077 ], [ 76.015439342193915, 11.567605913607075 ], [ 76.015439342193915, 11.569402544175318 ], [ 76.013642711625678, 11.569402544175315 ], [ 76.013642711625678, 11.568504228891198 ], [ 76.01274439634156, 11.5685042288912 ], [ 76.01274439634156, 11.570300859459437 ], [ 76.010049450489191, 11.570300859459438 ] ], [ [ 76.015439342193915, 11.573894120595915 ], [ 76.014541026909811, 11.573894120595915 ], [ 76.014541026909811, 11.572097490027675 ], [ 76.015439342193915, 11.572097490027675 ], [ 76.015439342193915, 11.573894120595915 ] ], [ [ 76.013642711625678, 11.571199174743555 ], [ 76.013642711625678, 11.570300859459438 ], [ 76.014541026909811, 11.570300859459437 ], [ 76.014541026909811, 11.571199174743555 ], [ 76.013642711625678, 11.571199174743555 ] ] ], [ [ [ 75.965133686283238, 11.556826130197646 ], [ 75.964235370999106, 11.556826130197646 ], [ 75.964235370999106, 11.557724445481762 ], [ 75.965133686283238, 11.557724445481764 ], [ 75.965133686283238, 11.556826130197646 ] ] ], [ [ [ 75.995676405943286, 11.547842977356451 ], [ 75.995676405943286, 11.546944662072328 ], [ 75.994778090659167, 11.546944662072328 ], [ 75.994778090659167, 11.547842977356449 ], [ 75.995676405943286, 11.547842977356451 ] ] ], [ [ [ 76.013642711625678, 11.552334553777046 ], [ 76.014541026909811, 11.552334553777046 ], [ 76.014541026909811, 11.551436238492926 ], [ 76.013642711625678, 11.551436238492926 ], [ 76.013642711625678, 11.552334553777046 ] ] ], [ [ [ 76.0055578740686, 11.560419391334124 ], [ 76.0055578740686, 11.561317706618242 ], [ 76.006456189352718, 11.561317706618242 ], [ 76.006456189352718, 11.560419391334124 ], [ 76.0055578740686, 11.560419391334124 ] ] ], [ [ [ 76.006456189352718, 11.561317706618242 ], [ 76.006456189352718, 11.562216021902362 ], [ 76.007354504636837, 11.562216021902362 ], [ 76.007354504636837, 11.561317706618242 ], [ 76.006456189352718, 11.561317706618242 ] ] ], [ [ [ 76.014541026909811, 11.563114337186484 ], [ 76.014541026909811, 11.564012652470602 ], [ 76.018134288046269, 11.5640126524706 ], [ 76.018134288046269, 11.563114337186484 ], [ 76.014541026909811, 11.563114337186484 ] ] ], [ [ [ 76.011846081057442, 11.566707598322958 ], [ 76.01274439634156, 11.56670759832296 ], [ 76.01274439634156, 11.564910967754718 ], [ 76.011846081057442, 11.564910967754718 ], [ 76.011846081057442, 11.566707598322958 ] ] ], [ [ [ 76.006456189352718, 11.572097490027678 ], [ 76.006456189352718, 11.572995805311795 ], [ 76.007354504636837, 11.572995805311795 ], [ 76.007354504636837, 11.573894120595915 ], [ 76.010049450489191, 11.573894120595916 ], [ 76.010049450489191, 11.572995805311795 ], [ 76.008252819920955, 11.572995805311795 ], [ 76.008252819920955, 11.572097490027677 ], [ 76.006456189352718, 11.572097490027678 ] ] ], [ [ [ 76.004659558784482, 11.565809283038838 ], [ 76.003761243500364, 11.56580928303884 ], [ 76.003761243500364, 11.566707598322958 ], [ 76.004659558784482, 11.566707598322964 ], [ 76.004659558784482, 11.565809283038838 ] ] ], [ [ [ 75.992981460090931, 11.590063795710069 ], [ 75.992083144806799, 11.590063795710069 ], [ 75.992083144806799, 11.590962110994186 ], [ 75.992981460090931, 11.590962110994184 ], [ 75.992981460090931, 11.590063795710069 ] ] ], [ [ [ 75.97411683912442, 11.589165480425944 ], [ 75.97232020855617, 11.589165480425947 ], [ 75.97232020855617, 11.588267165141824 ], [ 75.971421893272051, 11.588267165141826 ], [ 75.971421893272051, 11.589165480425947 ], [ 75.970523577987933, 11.589165480425949 ], [ 75.970523577987933, 11.590063795710069 ], [ 75.969625262703815, 11.590063795710064 ], [ 75.969625262703815, 11.589165480425947 ], [ 75.968726947419697, 11.589165480425944 ], [ 75.968726947419697, 11.590962110994187 ], [ 75.964235370999106, 11.590962110994187 ], [ 75.964235370999106, 11.591860426278306 ], [ 75.96693031685146, 11.591860426278306 ], [ 75.96693031685146, 11.592758741562427 ], [ 75.969625262703815, 11.592758741562424 ], [ 75.969625262703815, 11.596352002698902 ], [ 75.970523577987933, 11.596352002698902 ], [ 75.970523577987933, 11.595453687414784 ], [ 75.971421893272051, 11.595453687414784 ], [ 75.971421893272051, 11.594555372130662 ], [ 75.970523577987933, 11.594555372130662 ], [ 75.970523577987933, 11.591860426278306 ], [ 75.971421893272051, 11.591860426278306 ], [ 75.971421893272051, 11.590962110994186 ], [ 75.97232020855617, 11.590962110994186 ], [ 75.97232020855617, 11.590063795710066 ], [ 75.97411683912442, 11.590063795710069 ], [ 75.97411683912442, 11.589165480425944 ] ] ], [ [ [ 75.967828632135578, 11.581978958152991 ], [ 75.967828632135578, 11.580182327584753 ], [ 75.96693031685146, 11.580182327584755 ], [ 75.96693031685146, 11.581978958152989 ], [ 75.967828632135578, 11.581978958152991 ] ] ], [ [ [ 75.970523577987933, 11.596352002698902 ], [ 75.970523577987933, 11.597250317983024 ], [ 75.97232020855617, 11.597250317983022 ], [ 75.97232020855617, 11.596352002698904 ], [ 75.97411683912442, 11.596352002698902 ], [ 75.97411683912442, 11.595453687414782 ], [ 75.976811784976775, 11.595453687414784 ], [ 75.976811784976775, 11.594555372130664 ], [ 75.975913469692657, 11.59455537213066 ], [ 75.975913469692657, 11.593657056846544 ], [ 75.975015154408538, 11.593657056846542 ], [ 75.975015154408538, 11.594555372130662 ], [ 75.97232020855617, 11.59455537213066 ], [ 75.97232020855617, 11.595453687414782 ], [ 75.971421893272051, 11.595453687414784 ], [ 75.971421893272051, 11.5963520026989 ], [ 75.970523577987933, 11.596352002698902 ] ] ], [ [ [ 75.976811784976775, 11.595453687414784 ], [ 75.976811784976775, 11.597250317983022 ], [ 75.977710100260893, 11.597250317983024 ], [ 75.977710100260893, 11.595453687414782 ], [ 75.976811784976775, 11.595453687414784 ] ] ], [ [ [ 76.013642711625678, 11.578385697016511 ], [ 76.01274439634156, 11.578385697016513 ], [ 76.01274439634156, 11.581080642868869 ], [ 76.011846081057442, 11.581080642868871 ], [ 76.011846081057442, 11.581978958152988 ], [ 76.013642711625678, 11.581978958152989 ], [ 76.013642711625678, 11.578385697016511 ] ] ] ] } },
{ "type": "Feature", "properties": { "hotspot_id": 6, "area_km2": 17.385529331106568, "mean_risk": 0.4141, "max_risk": 1.0, "built_area_km2": 2.2272 }, "geometry": { "type": "MultiPolygon", "coordinates": [ [ [ [ 76.156474841800673, 11.868541533787116 ], [ 76.157373157084791, 11.868541533787113 ], [ 76.157373157084791, 11.869439849071238 ], [ 76.16006810293716, 11.869439849071238 ], [ 76.16006810293716, 11.868541533787118 ], [ 76.160966418221292, 11.868541533787116 ], [ 76.160966418221292, 11.869439849071236 ], [ 76.167254625210106, 11.869439849071238 ], [ 76.167254625210106, 11.87033816435536 ], [ 76.169051255778356, 11.87033816435536 ], [ 76.169051255778356, 11.871236479639476 ], [ 76.170847886346593, 11.87123647963948 ], [ 76.170847886346593, 11.872134794923596 ], [ 76.188814192028985, 11.872134794923598 ], [ 76.188814192028985, 11.87123647963948 ], [ 76.193305768449576, 11.87123647963948 ], [ 76.193305768449576, 11.87033816435536 ], [ 76.195102399017813, 11.87033816435536 ], [ 76.195102399017813, 11.86943984907124 ], [ 76.196000714301931, 11.869439849071238 ], [ 76.196000714301931, 11.868541533787118 ], [ 76.1986956601543, 11.868541533787115 ], [ 76.1986956601543, 11.867643218503 ], [ 76.199593975438418, 11.867643218502998 ], [ 76.199593975438418, 11.866744903218878 ], [ 76.201390606006655, 11.866744903218878 ], [ 76.201390606006655, 11.864948272650638 ], [ 76.202288921290773, 11.864948272650638 ], [ 76.202288921290773, 11.863151642082403 ], [ 76.204085551859009, 11.863151642082402 ], [ 76.204085551859009, 11.86225332679828 ], [ 76.207678812995496, 11.862253326798282 ], [ 76.207678812995496, 11.861355011514162 ], [ 76.208577128279614, 11.861355011514162 ], [ 76.208577128279614, 11.85776175037768 ], [ 76.209475443563733, 11.857761750377682 ], [ 76.209475443563733, 11.850575228104729 ], [ 76.210373758847865, 11.850575228104729 ], [ 76.210373758847865, 11.846083651684133 ], [ 76.211272074131969, 11.846083651684131 ], [ 76.211272074131969, 11.844287021115891 ], [ 76.213068704700206, 11.844287021115889 ], [ 76.213068704700206, 11.837998814127054 ], [ 76.212170389416087, 11.837998814127051 ], [ 76.212170389416087, 11.834405552990576 ], [ 76.211272074131969, 11.834405552990575 ], [ 76.211272074131969, 11.829913976569978 ], [ 76.210373758847865, 11.829913976569978 ], [ 76.210373758847865, 11.82811734600174 ], [ 76.211272074131969, 11.828117346001742 ], [ 76.211272074131969, 11.827219030717618 ], [ 76.212170389416087, 11.82721903071762 ], [ 76.212170389416087, 11.826320715433502 ], [ 76.213068704700206, 11.8263207154335 ], [ 76.213068704700206, 11.825422400149378 ], [ 76.213967019984324, 11.82542240014938 ], [ 76.213967019984324, 11.824524084865262 ], [ 76.214865335268442, 11.824524084865262 ], [ 76.214865335268442, 11.82362576958114 ], [ 76.21576365055256, 11.823625769581142 ], [ 76.21576365055256, 11.822727454297022 ], [ 76.217560281120811, 11.822727454297022 ], [ 76.217560281120811, 11.819134193160547 ], [ 76.218458596404929, 11.819134193160545 ], [ 76.218458596404929, 11.818235877876424 ], [ 76.217560281120811, 11.818235877876424 ], [ 76.217560281120811, 11.815540932024067 ], [ 76.218458596404929, 11.815540932024065 ], [ 76.218458596404929, 11.812845986171709 ], [ 76.219356911689047, 11.812845986171711 ], [ 76.219356911689047, 11.811947670887589 ], [ 76.220255226973165, 11.811947670887587 ], [ 76.220255226973165, 11.810151040319349 ], [ 76.219356911689047, 11.810151040319349 ], [ 76.219356911689047, 11.811049355603467 ], [ 76.218458596404929, 11.811049355603469 ], [ 76.218458596404929, 11.809252725035233 ], [ 76.219356911689047, 11.809252725035233 ], [ 76.219356911689047, 11.808354409751113 ], [ 76.218458596404929, 11.808354409751109 ], [ 76.218458596404929, 11.806557779182871 ], [ 76.217560281120811, 11.806557779182871 ], [ 76.217560281120811, 11.804761148614633 ], [ 76.216661965836693, 11.804761148614631 ], [ 76.216661965836693, 11.806557779182871 ], [ 76.213967019984324, 11.806557779182871 ], [ 76.213967019984324, 11.805659463898753 ], [ 76.213068704700206, 11.805659463898754 ], [ 76.213068704700206, 11.807456094466991 ], [ 76.214865335268442, 11.807456094466989 ], [ 76.214865335268442, 11.809252725035231 ], [ 76.213967019984324, 11.809252725035233 ], [ 76.213967019984324, 11.810151040319347 ], [ 76.211272074131969, 11.810151040319345 ], [ 76.211272074131969, 11.811049355603469 ], [ 76.210373758847865, 11.811049355603469 ], [ 76.210373758847865, 11.811947670887584 ], [ 76.209475443563733, 11.811947670887587 ], [ 76.209475443563733, 11.811049355603469 ], [ 76.207678812995496, 11.811049355603469 ], [ 76.207678812995496, 11.810151040319349 ], [ 76.206780497711378, 11.810151040319345 ], [ 76.206780497711378, 11.811049355603467 ], [ 76.205882182427246, 11.811049355603467 ], [ 76.205882182427246, 11.811947670887587 ], [ 76.204085551859009, 11.811947670887585 ], [ 76.204085551859009, 11.812845986171707 ], [ 76.204983867143142, 11.812845986171709 ], [ 76.204983867143142, 11.813744301455824 ], [ 76.204085551859009, 11.813744301455825 ], [ 76.204085551859009, 11.815540932024067 ], [ 76.203187236574891, 11.815540932024067 ], [ 76.203187236574891, 11.814642616739949 ], [ 76.201390606006655, 11.814642616739949 ], [ 76.201390606006655, 11.812845986171709 ], [ 76.199593975438418, 11.812845986171707 ], [ 76.199593975438418, 11.811947670887589 ], [ 76.197797344870182, 11.811947670887589 ], [ 76.197797344870182, 11.812845986171711 ], [ 76.1986956601543, 11.812845986171707 ], [ 76.1986956601543, 11.813744301455827 ], [ 76.197797344870182, 11.813744301455825 ], [ 76.197797344870182, 11.814642616739945 ], [ 76.196899029586064, 11.814642616739945 ], [ 76.196899029586064, 11.815540932024067 ], [ 76.196000714301931, 11.815540932024067 ], [ 76.196000714301931, 11.816439247308187 ], [ 76.197797344870182, 11.816439247308185 ], [ 76.197797344870182, 11.817337562592302 ], [ 76.1986956601543, 11.817337562592302 ], [ 76.1986956601543, 11.816439247308187 ], [ 76.200492290722536, 11.816439247308184 ], [ 76.200492290722536, 11.817337562592302 ], [ 76.202288921290773, 11.817337562592305 ], [ 76.202288921290773, 11.818235877876424 ], [ 76.203187236574891, 11.818235877876425 ], [ 76.203187236574891, 11.819134193160545 ], [ 76.199593975438418, 11.819134193160545 ], [ 76.199593975438418, 11.818235877876424 ], [ 76.1986956601543, 11.818235877876424 ], [ 76.1986956601543, 11.819134193160545 ], [ 76.197797344870182, 11.819134193160544 ], [ 76.197797344870182, 11.818235877876424 ], [ 76.196899029586064, 11.818235877876425 ], [ 76.196899029586064, 11.819134193160545 ], [ 76.195102399017813, 11.819134193160544 ], [ 76.195102399017813, 11.820032508444665 ], [ 76.193305768449576, 11.820032508444665 ], [ 76.193305768449576, 11.8218291390129 ], [ 76.192407453165458, 11.8218291390129 ], [ 76.192407453165458, 11.82272745429702 ], [ 76.19150913788134, 11.822727454297022 ], [ 76.19150913788134, 11.825422400149378 ], [ 76.190610822597222, 11.825422400149382 ], [ 76.190610822597222, 11.826320715433503 ], [ 76.188814192028985, 11.826320715433502 ], [ 76.188814192028985, 11.82542240014938 ], [ 76.187017561460735, 11.825422400149382 ], [ 76.187017561460735, 11.82811734600174 ], [ 76.188814192028985, 11.828117346001742 ], [ 76.188814192028985, 11.829015661285858 ], [ 76.18432261560838, 11.82901566128586 ], [ 76.18432261560838, 11.829913976569976 ], [ 76.185220930892498, 11.829913976569978 ], [ 76.185220930892498, 11.830812291854098 ], [ 76.186119246176617, 11.830812291854098 ], [ 76.186119246176617, 11.832608922422338 ], [ 76.187915876744867, 11.832608922422338 ], [ 76.187915876744867, 11.834405552990575 ], [ 76.186119246176617, 11.834405552990576 ], [ 76.186119246176617, 11.83350723770646 ], [ 76.182525985040144, 11.833507237706458 ], [ 76.182525985040144, 11.834405552990573 ], [ 76.183424300324262, 11.834405552990573 ], [ 76.183424300324262, 11.835303868274698 ], [ 76.185220930892498, 11.835303868274694 ], [ 76.185220930892498, 11.836202183558816 ], [ 76.186119246176617, 11.836202183558816 ], [ 76.186119246176617, 11.837100498842938 ], [ 76.187017561460735, 11.837100498842934 ], [ 76.187017561460735, 11.838897129411176 ], [ 76.187915876744867, 11.838897129411174 ], [ 76.187915876744867, 11.839795444695296 ], [ 76.187017561460735, 11.839795444695294 ], [ 76.187017561460735, 11.840693759979413 ], [ 76.186119246176617, 11.840693759979413 ], [ 76.186119246176617, 11.841592075263531 ], [ 76.18432261560838, 11.841592075263533 ], [ 76.18432261560838, 11.842490390547651 ], [ 76.187017561460735, 11.842490390547653 ], [ 76.187017561460735, 11.841592075263531 ], [ 76.188814192028985, 11.841592075263531 ], [ 76.188814192028985, 11.840693759979411 ], [ 76.189712507313104, 11.840693759979413 ], [ 76.189712507313104, 11.839795444695293 ], [ 76.190610822597222, 11.839795444695296 ], [ 76.190610822597222, 11.840693759979413 ], [ 76.19150913788134, 11.840693759979411 ], [ 76.19150913788134, 11.841592075263533 ], [ 76.190610822597222, 11.841592075263533 ], [ 76.190610822597222, 11.842490390547651 ], [ 76.189712507313104, 11.842490390547653 ], [ 76.189712507313104, 11.844287021115891 ], [ 76.187017561460735, 11.844287021115891 ], [ 76.187017561460735, 11.845185336400013 ], [ 76.186119246176617, 11.845185336400013 ], [ 76.186119246176617, 11.846083651684133 ], [ 76.187017561460735, 11.846083651684131 ], [ 76.187017561460735, 11.846981966968249 ], [ 76.187915876744867, 11.846981966968249 ], [ 76.187915876744867, 11.852371858672965 ], [ 76.189712507313104, 11.852371858672967 ], [ 76.189712507313104, 11.853270173957085 ], [ 76.19150913788134, 11.853270173957084 ], [ 76.19150913788134, 11.854168489241205 ], [ 76.193305768449576, 11.854168489241205 ], [ 76.193305768449576, 11.855066804525324 ], [ 76.189712507313104, 11.855066804525324 ], [ 76.189712507313104, 11.854168489241207 ], [ 76.188814192028985, 11.854168489241207 ], [ 76.188814192028985, 11.855066804525324 ], [ 76.187915876744867, 11.855066804525327 ], [ 76.187915876744867, 11.855965119809447 ], [ 76.187017561460735, 11.855965119809445 ], [ 76.187017561460735, 11.856863435093567 ], [ 76.18432261560838, 11.856863435093565 ], [ 76.18432261560838, 11.857761750377682 ], [ 76.183424300324262, 11.857761750377682 ], [ 76.183424300324262, 11.856863435093562 ], [ 76.181627669756026, 11.856863435093565 ], [ 76.181627669756026, 11.855066804525327 ], [ 76.179831039187789, 11.855066804525322 ], [ 76.179831039187789, 11.856863435093564 ], [ 76.180729354471907, 11.856863435093565 ], [ 76.180729354471907, 11.85955838094592 ], [ 76.181627669756026, 11.859558380945922 ], [ 76.181627669756026, 11.861355011514158 ], [ 76.182525985040144, 11.861355011514162 ], [ 76.182525985040144, 11.86225332679828 ], [ 76.183424300324262, 11.86225332679828 ], [ 76.183424300324262, 11.860456696230044 ], [ 76.182525985040144, 11.860456696230042 ], [ 76.182525985040144, 11.858660065661804 ], [ 76.183424300324262, 11.8586600656618 ], [ 76.183424300324262, 11.859558380945922 ], [ 76.18432261560838, 11.859558380945922 ], [ 76.18432261560838, 11.858660065661802 ], [ 76.187017561460735, 11.858660065661805 ], [ 76.187017561460735, 11.857761750377682 ], [ 76.187915876744867, 11.857761750377682 ], [ 76.187915876744867, 11.856863435093564 ], [ 76.189712507313104, 11.856863435093565 ], [ 76.189712507313104, 11.857761750377685 ], [ 76.188814192028985, 11.857761750377684 ], [ 76.188814192028985, 11.859558380945922 ], [ 76.189712507313104, 11.859558380945922 ], [ 76.189712507313104, 11.858660065661804 ], [ 76.190610822597222, 11.858660065661804 ], [ 76.190610822597222, 11.857761750377685 ], [ 76.192407453165458, 11.857761750377682 ], [ 76.192407453165458, 11.858660065661804 ], [ 76.19150913788134, 11.858660065661804 ], [ 76.19150913788134, 11.859558380945924 ], [ 76.193305768449576, 11.859558380945922 ], [ 76.193305768449576, 11.858660065661802 ], [ 76.194204083733695, 11.858660065661804 ], [ 76.194204083733695, 11.855965119809447 ], [ 76.195102399017813, 11.855965119809444 ], [ 76.195102399017813, 11.858660065661805 ], [ 76.196000714301931, 11.858660065661802 ], [ 76.196000714301931, 11.859558380945924 ], [ 76.195102399017813, 11.859558380945924 ], [ 76.195102399017813, 11.86225332679828 ], [ 76.194204083733695, 11.862253326798282 ], [ 76.194204083733695, 11.861355011514158 ], [ 76.192407453165458, 11.861355011514163 ], [ 76.192407453165458, 11.863151642082402 ], [ 76.193305768449576, 11.863151642082402 ], [ 76.193305768449576, 11.866744903218876 ], [ 76.19150913788134, 11.866744903218878 ], [ 76.19150913788134, 11.868541533787116 ], [ 76.188814192028985, 11.868541533787116 ], [ 76.188814192028985, 11.869439849071238 ], [ 76.18432261560838, 11.869439849071236 ], [ 76.18432261560838, 11.868541533787116 ], [ 76.183424300324262, 11.868541533787118 ], [ 76.183424300324262, 11.867643218502998 ], [ 76.182525985040144, 11.867643218502998 ], [ 76.182525985040144, 11.868541533787118 ], [ 76.179831039187789, 11.868541533787118 ], [ 76.179831039187789, 11.867643218502996 ], [ 76.178932723903671, 11.867643218502998 ], [ 76.178932723903671, 11.868541533787116 ], [ 76.178034408619553, 11.868541533787118 ], [ 76.178034408619553, 11.869439849071236 ], [ 76.173542832198947, 11.869439849071235 ], [ 76.173542832198947, 11.868541533787115 ], [ 76.171746201630711, 11.868541533787116 ], [ 76.171746201630711, 11.867643218502998 ], [ 76.169949571062475, 11.867643218502998 ], [ 76.169949571062475, 11.868541533787118 ], [ 76.169051255778356, 11.868541533787115 ], [ 76.169051255778356, 11.867643218502998 ], [ 76.168152940494238, 11.867643218502998 ], [ 76.168152940494238, 11.86494827265064 ], [ 76.166356309925987, 11.864948272650638 ], [ 76.166356309925987, 11.865846587934756 ], [ 76.165457994641869, 11.86584658793476 ], [ 76.165457994641869, 11.866744903218876 ], [ 76.162763048789515, 11.866744903218878 ], [ 76.162763048789515, 11.867643218503002 ], [ 76.161864733505396, 11.867643218502998 ], [ 76.161864733505396, 11.865846587934756 ], [ 76.160966418221292, 11.865846587934762 ], [ 76.160966418221292, 11.86404995736652 ], [ 76.16006810293716, 11.864049957366522 ], [ 76.16006810293716, 11.864948272650638 ], [ 76.159169787653042, 11.86494827265064 ], [ 76.159169787653042, 11.865846587934758 ], [ 76.156474841800673, 11.865846587934758 ], [ 76.156474841800673, 11.866744903218882 ], [ 76.154678211232437, 11.866744903218876 ], [ 76.154678211232437, 11.867643218503 ], [ 76.151983265380082, 11.867643218502998 ], [ 76.151983265380082, 11.866744903218878 ], [ 76.151084950095964, 11.86674490321888 ], [ 76.151084950095964, 11.86584658793476 ], [ 76.149288319527727, 11.865846587934758 ], [ 76.149288319527727, 11.862253326798283 ], [ 76.150186634811845, 11.86225332679828 ], [ 76.150186634811845, 11.86135501151416 ], [ 76.151084950095964, 11.861355011514162 ], [ 76.151084950095964, 11.86045669623004 ], [ 76.149288319527727, 11.860456696230045 ], [ 76.149288319527727, 11.861355011514162 ], [ 76.148390004243609, 11.86135501151416 ], [ 76.148390004243609, 11.860456696230045 ], [ 76.147491688959477, 11.860456696230042 ], [ 76.147491688959477, 11.85955838094592 ], [ 76.14569505839124, 11.85955838094592 ], [ 76.14569505839124, 11.858660065661804 ], [ 76.140305166686531, 11.858660065661804 ], [ 76.140305166686531, 11.857761750377682 ], [ 76.139406851402413, 11.857761750377684 ], [ 76.139406851402413, 11.856863435093564 ], [ 76.138508536118295, 11.856863435093564 ], [ 76.138508536118295, 11.857761750377684 ], [ 76.137610220834162, 11.857761750377684 ], [ 76.137610220834162, 11.858660065661805 ], [ 76.136711905550044, 11.858660065661802 ], [ 76.136711905550044, 11.859558380945924 ], [ 76.137610220834162, 11.859558380945922 ], [ 76.137610220834162, 11.860456696230042 ], [ 76.138508536118295, 11.86045669623004 ], [ 76.138508536118295, 11.861355011514162 ], [ 76.139406851402413, 11.861355011514162 ], [ 76.139406851402413, 11.86225332679828 ], [ 76.140305166686531, 11.862253326798282 ], [ 76.140305166686531, 11.863151642082402 ], [ 76.141203481970649, 11.863151642082398 ], [ 76.141203481970649, 11.864049957366522 ], [ 76.142101797254767, 11.86404995736652 ], [ 76.142101797254767, 11.864948272650642 ], [ 76.143000112538886, 11.864948272650638 ], [ 76.143000112538886, 11.86584658793476 ], [ 76.143898427823004, 11.865846587934758 ], [ 76.143898427823004, 11.866744903218878 ], [ 76.144796743107122, 11.866744903218878 ], [ 76.144796743107122, 11.867643218503 ], [ 76.151084950095964, 11.867643218503 ], [ 76.151084950095964, 11.868541533787116 ], [ 76.151983265380082, 11.868541533787118 ], [ 76.151983265380082, 11.869439849071236 ], [ 76.153779895948318, 11.869439849071238 ], [ 76.153779895948318, 11.87033816435536 ], [ 76.154678211232437, 11.870338164355358 ], [ 76.154678211232437, 11.871236479639478 ], [ 76.157373157084791, 11.871236479639476 ], [ 76.157373157084791, 11.87033816435536 ], [ 76.156474841800673, 11.87033816435536 ], [ 76.156474841800673, 11.868541533787116 ] ], [ [ 76.155576526516569, 11.868541533787118 ], [ 76.155576526516569, 11.867643218503 ], [ 76.156474841800673, 11.867643218503 ], [ 76.156474841800673, 11.868541533787116 ], [ 76.155576526516569, 11.868541533787118 ] ], [ [ 76.213967019984324, 11.810151040319347 ], [ 76.214865335268442, 11.810151040319345 ], [ 76.214865335268442, 11.811049355603467 ], [ 76.213967019984324, 11.811049355603469 ], [ 76.213967019984324, 11.810151040319347 ] ], [ [ 76.204085551859009, 11.815540932024067 ], [ 76.204983867143142, 11.815540932024069 ], [ 76.204983867143142, 11.816439247308185 ], [ 76.204085551859009, 11.816439247308184 ], [ 76.204085551859009, 11.815540932024067 ] ], [ [ 76.189712507313104, 11.839795444695293 ], [ 76.188814192028985, 11.839795444695294 ], [ 76.188814192028985, 11.837998814127053 ], [ 76.189712507313104, 11.837998814127053 ], [ 76.189712507313104, 11.839795444695293 ] ], [ [ 76.216661965836693, 11.809252725035233 ], [ 76.216661965836693, 11.807456094466989 ], [ 76.217560281120811, 11.807456094466991 ], [ 76.217560281120811, 11.809252725035233 ], [ 76.216661965836693, 11.809252725035233 ] ], [ [ 76.210373758847865, 11.814642616739945 ], [ 76.210373758847865, 11.812845986171705 ], [ 76.211272074131969, 11.812845986171709 ], [ 76.211272074131969, 11.814642616739947 ], [ 76.210373758847865, 11.814642616739945 ] ], [ [ 76.189712507313104, 11.833507237706458 ], [ 76.189712507313104, 11.83260892242234 ], [ 76.188814192028985, 11.832608922422338 ], [ 76.188814192028985, 11.831710607138218 ], [ 76.190610822597222, 11.83171060713822 ], [ 76.190610822597222, 11.833507237706458 ], [ 76.189712507313104, 11.833507237706458 ] ], [ [ 76.187915876744867, 11.846083651684129 ], [ 76.187915876744867, 11.845185336400009 ], [ 76.188814192028985, 11.845185336400013 ], [ 76.188814192028985, 11.846083651684131 ], [ 76.187915876744867, 11.846083651684129 ] ] ], [ [ [ 76.19150913788134, 11.859558380945924 ], [ 76.190610822597222, 11.859558380945925 ], [ 76.190610822597222, 11.860456696230042 ], [ 76.19150913788134, 11.860456696230042 ], [ 76.19150913788134, 11.859558380945924 ] ] ], [ [ [ 76.188814192028985, 11.859558380945922 ], [ 76.187017561460735, 11.859558380945924 ], [ 76.187017561460735, 11.86135501151416 ], [ 76.190610822597222, 11.861355011514158 ], [ 76.190610822597222, 11.860456696230042 ], [ 76.188814192028985, 11.860456696230042 ], [ 76.188814192028985, 11.859558380945922 ] ] ], [ [ [ 76.190610822597222, 11.825422400149382 ], [ 76.190610822597222, 11.824524084865262 ], [ 76.189712507313104, 11.824524084865262 ], [ 76.189712507313104, 11.82542240014938 ], [ 76.190610822597222, 11.825422400149382 ] ] ], [ [ [ 76.199593975438418, 11.818235877876424 ], [ 76.200492290722536, 11.818235877876424 ], [ 76.200492290722536, 11.817337562592302 ], [ 76.199593975438418, 11.817337562592305 ], [ 76.199593975438418, 11.818235877876424 ] ] ], [ [ [ 76.201390606006655, 11.812845986171709 ], [ 76.202288921290773, 11.812845986171707 ], [ 76.202288921290773, 11.813744301455825 ], [ 76.203187236574891, 11.813744301455827 ], [ 76.203187236574891, 11.811947670887591 ], [ 76.202288921290773, 11.811947670887589 ], [ 76.202288921290773, 11.811049355603471 ], [ 76.201390606006655, 11.811049355603469 ], [ 76.201390606006655, 11.812845986171709 ] ] ], [ [ [ 76.213068704700206, 11.807456094466991 ], [ 76.212170389416087, 11.807456094466991 ], [ 76.212170389416087, 11.808354409751109 ], [ 76.213068704700206, 11.808354409751111 ], [ 76.213068704700206, 11.807456094466991 ] ] ] ] } },
{ "type": "Feature", "properties": { "hotspot_id": 7, "area_km2": 5.7467037092393642, "mean_risk": 0.4284, "max_risk": 1.0, "built_area_km2": 2.4803 }, "geometry": { "type": "MultiPolygon", "coordinates": [ [ [ [ 75.992981460090931, 11.790388104068718 ], [ 75.992981460090931, 11.792184734636958 ], [ 75.993879775375049, 11.792184734636958 ], [ 75.993879775375049, 11.793083049921076 ], [ 75.992981460090931, 11.793083049921076 ], [ 75.992981460090931, 11.794879680489316 ], [ 75.993879775375049, 11.794879680489316 ], [ 75.993879775375049, 11.795777995773438 ], [ 75.996574721227404, 11.795777995773438 ], [ 75.996574721227404, 11.797574626341676 ], [ 75.995676405943286, 11.797574626341676 ], [ 75.995676405943286, 11.799371256909915 ], [ 75.996574721227404, 11.799371256909916 ], [ 75.996574721227404, 11.801167887478153 ], [ 75.999269667079759, 11.801167887478154 ], [ 75.999269667079759, 11.803862833330511 ], [ 76.000167982363877, 11.803862833330513 ], [ 76.000167982363877, 11.804761148614629 ], [ 76.003761243500364, 11.804761148614629 ], [ 76.003761243500364, 11.807456094466991 ], [ 76.004659558784482, 11.807456094466991 ], [ 76.004659558784482, 11.808354409751111 ], [ 76.003761243500364, 11.808354409751111 ], [ 76.003761243500364, 11.810151040319345 ], [ 76.002862928216246, 11.810151040319347 ], [ 76.002862928216246, 11.808354409751111 ], [ 76.001964612932127, 11.808354409751111 ], [ 76.001964612932127, 11.809252725035231 ], [ 75.99837135179564, 11.809252725035231 ], [ 75.99837135179564, 11.808354409751113 ], [ 75.997473036511522, 11.808354409751109 ], [ 75.997473036511522, 11.810151040319345 ], [ 75.99837135179564, 11.810151040319347 ], [ 75.99837135179564, 11.811049355603469 ], [ 76.000167982363877, 11.811049355603469 ], [ 76.000167982363877, 11.811947670887585 ], [ 76.001066297647995, 11.811947670887587 ], [ 76.001066297647995, 11.812845986171707 ], [ 76.001964612932127, 11.812845986171705 ], [ 76.001964612932127, 11.811947670887587 ], [ 76.003761243500364, 11.811947670887589 ], [ 76.003761243500364, 11.812845986171709 ], [ 76.002862928216246, 11.812845986171707 ], [ 76.002862928216246, 11.813744301455827 ], [ 76.001964612932127, 11.813744301455829 ], [ 76.001964612932127, 11.814642616739949 ], [ 76.001066297647995, 11.814642616739947 ], [ 76.001066297647995, 11.815540932024064 ], [ 76.002862928216246, 11.815540932024067 ], [ 76.002862928216246, 11.814642616739949 ], [ 76.004659558784482, 11.814642616739949 ], [ 76.004659558784482, 11.815540932024065 ], [ 76.006456189352718, 11.815540932024067 ], [ 76.006456189352718, 11.820032508444665 ], [ 76.007354504636837, 11.820032508444665 ], [ 76.007354504636837, 11.820930823728782 ], [ 76.008252819920955, 11.820930823728782 ], [ 76.008252819920955, 11.822727454297022 ], [ 76.006456189352718, 11.822727454297022 ], [ 76.006456189352718, 11.82362576958114 ], [ 76.0055578740686, 11.82362576958114 ], [ 76.0055578740686, 11.826320715433502 ], [ 76.007354504636837, 11.826320715433502 ], [ 76.007354504636837, 11.82721903071762 ], [ 76.008252819920955, 11.827219030717618 ], [ 76.008252819920955, 11.826320715433502 ], [ 76.009151135205087, 11.826320715433503 ], [ 76.009151135205087, 11.825422400149382 ], [ 76.010049450489191, 11.82542240014938 ], [ 76.010049450489191, 11.824524084865258 ], [ 76.010947765773309, 11.824524084865264 ], [ 76.010947765773309, 11.821829139012902 ], [ 76.010049450489191, 11.8218291390129 ], [ 76.010049450489191, 11.820930823728784 ], [ 76.009151135205087, 11.820930823728784 ], [ 76.009151135205087, 11.820032508444665 ], [ 76.008252819920955, 11.820032508444665 ], [ 76.008252819920955, 11.818235877876424 ], [ 76.007354504636837, 11.818235877876424 ], [ 76.007354504636837, 11.814642616739945 ], [ 76.008252819920955, 11.814642616739947 ], [ 76.008252819920955, 11.815540932024065 ], [ 76.010049450489191, 11.815540932024067 ], [ 76.010049450489191, 11.814642616739947 ], [ 76.010947765773309, 11.814642616739949 ], [ 76.010947765773309, 11.812845986171707 ], [ 76.011846081057442, 11.812845986171711 ], [ 76.011846081057442, 11.811947670887584 ], [ 76.01274439634156, 11.811947670887585 ], [ 76.01274439634156, 11.811049355603469 ], [ 76.013642711625678, 11.811049355603467 ], [ 76.013642711625678, 11.810151040319345 ], [ 76.014541026909811, 11.810151040319344 ], [ 76.014541026909811, 11.812845986171707 ], [ 76.013642711625678, 11.812845986171709 ], [ 76.013642711625678, 11.813744301455824 ], [ 76.016337657478033, 11.813744301455829 ], [ 76.016337657478033, 11.811049355603469 ], [ 76.019032603330388, 11.811049355603469 ], [ 76.019032603330388, 11.808354409751111 ], [ 76.019930918614506, 11.808354409751111 ], [ 76.019930918614506, 11.807456094466987 ], [ 76.019032603330388, 11.807456094466989 ], [ 76.019032603330388, 11.805659463898751 ], [ 76.023524179750993, 11.805659463898753 ], [ 76.023524179750993, 11.804761148614633 ], [ 76.024422495035111, 11.804761148614634 ], [ 76.024422495035111, 11.805659463898753 ], [ 76.026219125603347, 11.805659463898753 ], [ 76.026219125603347, 11.804761148614631 ], [ 76.027117440887466, 11.804761148614631 ], [ 76.027117440887466, 11.803862833330511 ], [ 76.028015756171584, 11.803862833330509 ], [ 76.028015756171584, 11.802964518046391 ], [ 76.02981238673982, 11.802964518046391 ], [ 76.02981238673982, 11.803862833330509 ], [ 76.033405647876307, 11.803862833330509 ], [ 76.033405647876307, 11.802964518046391 ], [ 76.034303963160426, 11.802964518046394 ], [ 76.034303963160426, 11.803862833330509 ], [ 76.036100593728662, 11.803862833330509 ], [ 76.036100593728662, 11.804761148614629 ], [ 76.03699890901278, 11.804761148614631 ], [ 76.03699890901278, 11.803862833330509 ], [ 76.037897224296898, 11.803862833330509 ], [ 76.037897224296898, 11.799371256909916 ], [ 76.036100593728662, 11.799371256909916 ], [ 76.036100593728662, 11.800269572194033 ], [ 76.035202278444544, 11.800269572194034 ], [ 76.035202278444544, 11.801167887478154 ], [ 76.034303963160426, 11.801167887478154 ], [ 76.034303963160426, 11.802066202762276 ], [ 76.033405647876307, 11.802066202762273 ], [ 76.033405647876307, 11.801167887478154 ], [ 76.032507332592189, 11.801167887478154 ], [ 76.032507332592189, 11.799371256909918 ], [ 76.031609017308071, 11.799371256909916 ], [ 76.031609017308071, 11.797574626341675 ], [ 76.030710702023939, 11.797574626341675 ], [ 76.030710702023939, 11.796676311057555 ], [ 76.02981238673982, 11.796676311057558 ], [ 76.02981238673982, 11.797574626341676 ], [ 76.028015756171584, 11.797574626341675 ], [ 76.028015756171584, 11.796676311057556 ], [ 76.026219125603347, 11.796676311057555 ], [ 76.026219125603347, 11.799371256909916 ], [ 76.025320810319229, 11.799371256909915 ], [ 76.025320810319229, 11.800269572194029 ], [ 76.024422495035111, 11.800269572194031 ], [ 76.024422495035111, 11.802066202762276 ], [ 76.022625864466875, 11.802066202762274 ], [ 76.022625864466875, 11.803862833330509 ], [ 76.021727549182756, 11.803862833330513 ], [ 76.021727549182756, 11.804761148614631 ], [ 76.020829233898624, 11.804761148614631 ], [ 76.020829233898624, 11.803862833330509 ], [ 76.018134288046269, 11.803862833330511 ], [ 76.018134288046269, 11.802964518046391 ], [ 76.017235972762151, 11.802964518046393 ], [ 76.017235972762151, 11.803862833330511 ], [ 76.016337657478033, 11.803862833330511 ], [ 76.016337657478033, 11.805659463898753 ], [ 76.017235972762151, 11.805659463898751 ], [ 76.017235972762151, 11.807456094466989 ], [ 76.016337657478033, 11.807456094466989 ], [ 76.016337657478033, 11.808354409751109 ], [ 76.014541026909811, 11.808354409751111 ], [ 76.014541026909811, 11.807456094466989 ], [ 76.013642711625678, 11.807456094466991 ], [ 76.013642711625678, 11.808354409751109 ], [ 76.011846081057442, 11.808354409751111 ], [ 76.011846081057442, 11.805659463898751 ], [ 76.010947765773309, 11.805659463898754 ], [ 76.010947765773309, 11.806557779182871 ], [ 76.010049450489191, 11.806557779182871 ], [ 76.010049450489191, 11.807456094466991 ], [ 76.010947765773309, 11.807456094466991 ], [ 76.010947765773309, 11.811049355603471 ], [ 76.010049450489191, 11.811049355603471 ], [ 76.010049450489191, 11.811947670887589 ], [ 76.007354504636837, 11.811947670887587 ], [ 76.007354504636837, 11.811049355603467 ], [ 76.006456189352718, 11.811049355603469 ], [ 76.006456189352718, 11.810151040319349 ], [ 76.009151135205087, 11.810151040319347 ], [ 76.009151135205087, 11.808354409751109 ], [ 76.006456189352718, 11.808354409751111 ], [ 76.006456189352718, 11.807456094466991 ], [ 76.0055578740686, 11.807456094466991 ], [ 76.0055578740686, 11.806557779182871 ], [ 76.006456189352718, 11.806557779182871 ], [ 76.006456189352718, 11.804761148614631 ], [ 76.008252819920955, 11.804761148614633 ], [ 76.008252819920955, 11.803862833330513 ], [ 76.009151135205087, 11.803862833330509 ], [ 76.009151135205087, 11.802964518046391 ], [ 76.010049450489191, 11.802964518046391 ], [ 76.010049450489191, 11.802066202762276 ], [ 76.014541026909811, 11.802066202762271 ], [ 76.014541026909811, 11.802964518046389 ], [ 76.015439342193915, 11.802964518046391 ], [ 76.015439342193915, 11.801167887478154 ], [ 76.014541026909811, 11.801167887478154 ], [ 76.014541026909811, 11.800269572194033 ], [ 76.013642711625678, 11.800269572194034 ], [ 76.013642711625678, 11.799371256909913 ], [ 76.011846081057442, 11.799371256909916 ], [ 76.011846081057442, 11.800269572194034 ], [ 76.010947765773309, 11.800269572194034 ], [ 76.010947765773309, 11.801167887478156 ], [ 76.009151135205087, 11.801167887478153 ], [ 76.009151135205087, 11.802066202762276 ], [ 76.008252819920955, 11.802066202762274 ], [ 76.008252819920955, 11.801167887478154 ], [ 76.007354504636837, 11.801167887478154 ], [ 76.007354504636837, 11.800269572194036 ], [ 76.006456189352718, 11.800269572194033 ], [ 76.006456189352718, 11.799371256909918 ], [ 76.008252819920955, 11.799371256909915 ], [ 76.008252819920955, 11.797574626341671 ], [ 76.009151135205087, 11.797574626341675 ], [ 76.009151135205087, 11.796676311057555 ], [ 76.006456189352718, 11.796676311057556 ], [ 76.006456189352718, 11.795777995773438 ], [ 76.0055578740686, 11.795777995773438 ], [ 76.0055578740686, 11.794879680489316 ], [ 76.002862928216246, 11.794879680489318 ], [ 76.002862928216246, 11.795777995773438 ], [ 76.003761243500364, 11.795777995773436 ], [ 76.003761243500364, 11.796676311057555 ], [ 76.002862928216246, 11.796676311057556 ], [ 76.002862928216246, 11.797574626341676 ], [ 76.003761243500364, 11.797574626341676 ], [ 76.003761243500364, 11.798472941625795 ], [ 76.004659558784482, 11.798472941625796 ], [ 76.004659558784482, 11.800269572194034 ], [ 76.002862928216246, 11.800269572194036 ], [ 76.002862928216246, 11.799371256909918 ], [ 76.001964612932127, 11.799371256909916 ], [ 76.001964612932127, 11.796676311057558 ], [ 76.001066297647995, 11.796676311057555 ], [ 76.001066297647995, 11.795777995773438 ], [ 76.000167982363877, 11.795777995773438 ], [ 76.000167982363877, 11.793981365205196 ], [ 75.999269667079759, 11.793981365205198 ], [ 75.999269667079759, 11.79128641935284 ], [ 75.997473036511522, 11.791286419352838 ], [ 75.997473036511522, 11.793981365205198 ], [ 75.996574721227404, 11.793981365205196 ], [ 75.996574721227404, 11.793083049921076 ], [ 75.995676405943286, 11.793083049921076 ], [ 75.995676405943286, 11.791286419352842 ], [ 75.993879775375049, 11.79128641935284 ], [ 75.993879775375049, 11.790388104068715 ], [ 75.992981460090931, 11.790388104068718 ] ], [ [ 76.008252819920955, 11.822727454297022 ], [ 76.009151135205087, 11.822727454297022 ], [ 76.009151135205087, 11.82452408486526 ], [ 76.008252819920955, 11.824524084865262 ], [ 76.008252819920955, 11.822727454297022 ] ], [ [ 76.013642711625678, 11.810151040319345 ], [ 76.01274439634156, 11.810151040319345 ], [ 76.01274439634156, 11.809252725035233 ], [ 76.013642711625678, 11.809252725035233 ], [ 76.013642711625678, 11.810151040319345 ] ], [ [ 75.997473036511522, 11.798472941625795 ], [ 75.997473036511522, 11.797574626341673 ], [ 75.99837135179564, 11.797574626341673 ], [ 75.99837135179564, 11.798472941625795 ], [ 75.997473036511522, 11.798472941625795 ] ] ], [ [ [ 75.992981460090931, 11.790388104068718 ], [ 75.992981460090931, 11.788591473500484 ], [ 75.993879775375049, 11.78859147350048 ], [ 75.993879775375049, 11.786794842932242 ], [ 75.992981460090931, 11.786794842932242 ], [ 75.992981460090931, 11.787693158216358 ], [ 75.992083144806799, 11.78769315821636 ], [ 75.992083144806799, 11.783201581795764 ], [ 75.989388198954444, 11.783201581795764 ], [ 75.989388198954444, 11.78589652764812 ], [ 75.990286514238562, 11.78589652764812 ], [ 75.990286514238562, 11.78679484293224 ], [ 75.99118482952268, 11.78679484293224 ], [ 75.99118482952268, 11.789489788784598 ], [ 75.992083144806799, 11.789489788784598 ], [ 75.992083144806799, 11.790388104068716 ], [ 75.992981460090931, 11.790388104068718 ] ] ], [ [ [ 76.010049450489191, 11.820930823728784 ], [ 76.010947765773309, 11.820930823728784 ], [ 76.010947765773309, 11.820032508444665 ], [ 76.010049450489191, 11.820032508444667 ], [ 76.010049450489191, 11.820930823728784 ] ] ], [ [ [ 76.033405647876307, 11.803862833330509 ], [ 76.033405647876307, 11.804761148614631 ], [ 76.034303963160426, 11.804761148614631 ], [ 76.034303963160426, 11.803862833330509 ], [ 76.033405647876307, 11.803862833330509 ] ] ], [ [ [ 76.037897224296898, 11.799371256909916 ], [ 76.038795539581017, 11.799371256909916 ], [ 76.038795539581017, 11.802066202762274 ], [ 76.039693854865135, 11.802066202762274 ], [ 76.039693854865135, 11.801167887478153 ], [ 76.040592170149253, 11.801167887478153 ], [ 76.040592170149253, 11.800269572194029 ], [ 76.041490485433386, 11.800269572194034 ], [ 76.041490485433386, 11.801167887478156 ], [ 76.043287116001622, 11.801167887478153 ], [ 76.043287116001622, 11.802066202762274 ], [ 76.04418543128574, 11.802066202762276 ], [ 76.04418543128574, 11.801167887478154 ], [ 76.045083746569858, 11.801167887478154 ], [ 76.045083746569858, 11.799371256909915 ], [ 76.045982061853977, 11.799371256909915 ], [ 76.045982061853977, 11.798472941625796 ], [ 76.046880377138095, 11.798472941625795 ], [ 76.046880377138095, 11.796676311057555 ], [ 76.045982061853977, 11.796676311057558 ], [ 76.045982061853977, 11.79577799577344 ], [ 76.046880377138095, 11.795777995773438 ], [ 76.046880377138095, 11.794879680489318 ], [ 76.047778692422213, 11.794879680489318 ], [ 76.047778692422213, 11.793083049921078 ], [ 76.046880377138095, 11.793083049921076 ], [ 76.046880377138095, 11.792184734636958 ], [ 76.045982061853977, 11.79218473463696 ], [ 76.045982061853977, 11.78589652764812 ], [ 76.045083746569858, 11.78589652764812 ], [ 76.045083746569858, 11.784998212364005 ], [ 76.04418543128574, 11.784998212364004 ], [ 76.04418543128574, 11.784099897079884 ], [ 76.043287116001622, 11.784099897079884 ], [ 76.043287116001622, 11.784998212364005 ], [ 76.042388800717504, 11.784998212364005 ], [ 76.042388800717504, 11.78589652764812 ], [ 76.043287116001622, 11.78589652764812 ], [ 76.043287116001622, 11.78769315821636 ], [ 76.042388800717504, 11.78769315821636 ], [ 76.042388800717504, 11.789489788784596 ], [ 76.043287116001622, 11.7894897887846 ], [ 76.043287116001622, 11.79038810406872 ], [ 76.042388800717504, 11.790388104068716 ], [ 76.042388800717504, 11.792184734636955 ], [ 76.041490485433386, 11.792184734636956 ], [ 76.041490485433386, 11.7939813652052 ], [ 76.040592170149253, 11.7939813652052 ], [ 76.040592170149253, 11.793083049921075 ], [ 76.038795539581017, 11.793083049921076 ], [ 76.038795539581017, 11.794879680489316 ], [ 76.040592170149253, 11.794879680489316 ], [ 76.040592170149253, 11.795777995773438 ], [ 76.039693854865135, 11.795777995773438 ], [ 76.039693854865135, 11.796676311057555 ], [ 76.037897224296898, 11.796676311057555 ], [ 76.037897224296898, 11.794879680489318 ], [ 76.03699890901278, 11.794879680489318 ], [ 76.03699890901278, 11.793981365205198 ], [ 76.036100593728662, 11.7939813652052 ], [ 76.036100593728662, 11.795777995773438 ], [ 76.03699890901278, 11.79577799577344 ], [ 76.03699890901278, 11.796676311057558 ], [ 76.036100593728662, 11.796676311057558 ], [ 76.036100593728662, 11.798472941625795 ], [ 76.037897224296898, 11.798472941625796 ], [ 76.037897224296898, 11.799371256909916 ] ] ], [ [ [ 76.015439342193915, 11.801167887478154 ], [ 76.019930918614506, 11.801167887478151 ], [ 76.019930918614506, 11.800269572194033 ], [ 76.020829233898624, 11.800269572194031 ], [ 76.020829233898624, 11.799371256909916 ], [ 76.024422495035111, 11.799371256909915 ], [ 76.024422495035111, 11.798472941625796 ], [ 76.023524179750993, 11.798472941625793 ], [ 76.023524179750993, 11.797574626341678 ], [ 76.021727549182756, 11.797574626341675 ], [ 76.021727549182756, 11.796676311057555 ], [ 76.020829233898624, 11.796676311057556 ], [ 76.020829233898624, 11.798472941625795 ], [ 76.019930918614506, 11.798472941625793 ], [ 76.019930918614506, 11.799371256909918 ], [ 76.019032603330388, 11.799371256909916 ], [ 76.019032603330388, 11.800269572194036 ], [ 76.015439342193915, 11.800269572194036 ], [ 76.015439342193915, 11.801167887478154 ] ] ], [ [ [ 76.013642711625678, 11.799371256909913 ], [ 76.014541026909811, 11.799371256909915 ], [ 76.014541026909811, 11.798472941625793 ], [ 76.013642711625678, 11.798472941625793 ], [ 76.013642711625678, 11.799371256909913 ] ] ], [ [ [ 76.002862928216246, 11.794879680489318 ], [ 76.002862928216246, 11.7939813652052 ], [ 76.003761243500364, 11.793981365205196 ], [ 76.003761243500364, 11.792184734636958 ], [ 76.000167982363877, 11.792184734636958 ], [ 76.000167982363877, 11.793981365205196 ], [ 76.001066297647995, 11.793981365205196 ], [ 76.001066297647995, 11.794879680489316 ], [ 76.002862928216246, 11.794879680489318 ] ] ] ] } },
{ "type": "Feature", "properties": { "hotspot_id": 8, "area_km2": 4.4759682088940123, "mean_risk": 0.3243, "max_risk": 1.0, "built_area_km2": 2.8193 }, "geometry": { "type": "MultiPolygon", "coordinates": [ [ [ [ 76.067541628672842, 11.631386298779566 ], [ 76.069338259241079, 11.631386298779564 ], [ 76.069338259241079, 11.630487983495444 ], [ 76.072033205093447, 11.630487983495444 ], [ 76.072033205093447, 11.631386298779564 ], [ 76.073829835661684, 11.631386298779566 ], [ 76.073829835661684, 11.627793037643084 ], [ 76.076524781514038, 11.627793037643086 ], [ 76.076524781514038, 11.626894722358967 ], [ 76.077423096798157, 11.626894722358966 ], [ 76.077423096798157, 11.625098091790731 ], [ 76.080118042650525, 11.625098091790729 ], [ 76.080118042650525, 11.629589668211324 ], [ 76.079219727366393, 11.629589668211322 ], [ 76.079219727366393, 11.630487983495446 ], [ 76.081914673218762, 11.630487983495442 ], [ 76.081914673218762, 11.631386298779564 ], [ 76.083711303786998, 11.631386298779566 ], [ 76.083711303786998, 11.630487983495444 ], [ 76.089101195491708, 11.630487983495444 ], [ 76.089101195491708, 11.628691352927204 ], [ 76.08999951077584, 11.628691352927202 ], [ 76.08999951077584, 11.627793037643089 ], [ 76.090897826059958, 11.627793037643084 ], [ 76.090897826059958, 11.625996407074846 ], [ 76.091796141344076, 11.625996407074846 ], [ 76.091796141344076, 11.624199776506611 ], [ 76.092694456628195, 11.624199776506613 ], [ 76.092694456628195, 11.623301461222489 ], [ 76.089101195491708, 11.623301461222491 ], [ 76.089101195491708, 11.624199776506611 ], [ 76.087304564923471, 11.624199776506609 ], [ 76.087304564923471, 11.623301461222489 ], [ 76.086406249639353, 11.623301461222489 ], [ 76.086406249639353, 11.621504830654251 ], [ 76.085507934355235, 11.621504830654247 ], [ 76.085507934355235, 11.617911569517771 ], [ 76.088202880207589, 11.617911569517771 ], [ 76.088202880207589, 11.620606515370127 ], [ 76.089101195491708, 11.620606515370131 ], [ 76.089101195491708, 11.619708200086011 ], [ 76.08999951077584, 11.619708200086013 ], [ 76.08999951077584, 11.620606515370133 ], [ 76.093592771912313, 11.620606515370129 ], [ 76.093592771912313, 11.621504830654251 ], [ 76.094491087196431, 11.621504830654249 ], [ 76.094491087196431, 11.622403145938369 ], [ 76.095389402480549, 11.622403145938369 ], [ 76.095389402480549, 11.620606515370131 ], [ 76.094491087196431, 11.620606515370129 ], [ 76.094491087196431, 11.619708200086011 ], [ 76.092694456628195, 11.619708200086009 ], [ 76.092694456628195, 11.617013254233649 ], [ 76.089101195491708, 11.617013254233653 ], [ 76.089101195491708, 11.616114938949533 ], [ 76.087304564923471, 11.616114938949531 ], [ 76.087304564923471, 11.617013254233651 ], [ 76.085507934355235, 11.617013254233655 ], [ 76.085507934355235, 11.616114938949531 ], [ 76.084609619071117, 11.616114938949531 ], [ 76.084609619071117, 11.615216623665413 ], [ 76.085507934355235, 11.615216623665413 ], [ 76.085507934355235, 11.614318308381295 ], [ 76.088202880207589, 11.614318308381291 ], [ 76.088202880207589, 11.611623362528935 ], [ 76.087304564923471, 11.611623362528935 ], [ 76.087304564923471, 11.608030101392457 ], [ 76.086406249639353, 11.608030101392455 ], [ 76.086406249639353, 11.60713178610834 ], [ 76.087304564923471, 11.607131786108337 ], [ 76.087304564923471, 11.606233470824215 ], [ 76.086406249639353, 11.606233470824218 ], [ 76.086406249639353, 11.60353852497186 ], [ 76.085507934355235, 11.60353852497186 ], [ 76.085507934355235, 11.602640209687738 ], [ 76.083711303786998, 11.60264020968774 ], [ 76.083711303786998, 11.60174189440362 ], [ 76.08281298850288, 11.60174189440362 ], [ 76.08281298850288, 11.604436840255978 ], [ 76.080118042650525, 11.604436840255977 ], [ 76.080118042650525, 11.60623347082422 ], [ 76.076524781514038, 11.606233470824217 ], [ 76.076524781514038, 11.607131786108337 ], [ 76.07562646622992, 11.607131786108337 ], [ 76.07562646622992, 11.609826731960695 ], [ 76.074728150945802, 11.609826731960696 ], [ 76.074728150945802, 11.611623362528933 ], [ 76.076524781514038, 11.611623362528935 ], [ 76.076524781514038, 11.612521677813053 ], [ 76.07562646622992, 11.612521677813055 ], [ 76.07562646622992, 11.613419993097173 ], [ 76.072931520377566, 11.613419993097175 ], [ 76.072931520377566, 11.612521677813049 ], [ 76.072033205093447, 11.612521677813053 ], [ 76.072033205093447, 11.613419993097173 ], [ 76.071134889809329, 11.613419993097175 ], [ 76.071134889809329, 11.612521677813055 ], [ 76.070236574525211, 11.612521677813055 ], [ 76.070236574525211, 11.615216623665415 ], [ 76.072931520377566, 11.615216623665413 ], [ 76.072931520377566, 11.616114938949531 ], [ 76.07562646622992, 11.616114938949531 ], [ 76.07562646622992, 11.615216623665413 ], [ 76.079219727366393, 11.615216623665413 ], [ 76.079219727366393, 11.617013254233653 ], [ 76.077423096798157, 11.617013254233651 ], [ 76.077423096798157, 11.618809884801893 ], [ 76.076524781514038, 11.618809884801889 ], [ 76.076524781514038, 11.619708200086013 ], [ 76.073829835661684, 11.619708200086007 ], [ 76.073829835661684, 11.618809884801891 ], [ 76.072033205093447, 11.618809884801889 ], [ 76.072033205093447, 11.619708200086009 ], [ 76.071134889809329, 11.619708200086007 ], [ 76.071134889809329, 11.620606515370133 ], [ 76.070236574525211, 11.620606515370131 ], [ 76.070236574525211, 11.621504830654249 ], [ 76.067541628672842, 11.621504830654249 ], [ 76.067541628672842, 11.620606515370133 ], [ 76.065744998104606, 11.620606515370131 ], [ 76.065744998104606, 11.623301461222489 ], [ 76.067541628672842, 11.623301461222489 ], [ 76.067541628672842, 11.624199776506611 ], [ 76.070236574525211, 11.624199776506611 ], [ 76.070236574525211, 11.625098091790731 ], [ 76.071134889809329, 11.625098091790729 ], [ 76.071134889809329, 11.625996407074847 ], [ 76.070236574525211, 11.625996407074844 ], [ 76.070236574525211, 11.627793037643086 ], [ 76.069338259241079, 11.627793037643086 ], [ 76.069338259241079, 11.628691352927202 ], [ 76.06843994395696, 11.628691352927206 ], [ 76.06843994395696, 11.629589668211324 ], [ 76.067541628672842, 11.629589668211326 ], [ 76.067541628672842, 11.631386298779566 ] ], [ [ 76.071134889809329, 11.620606515370133 ], [ 76.072033205093447, 11.620606515370129 ], [ 76.072033205093447, 11.621504830654251 ], [ 76.071134889809329, 11.621504830654251 ], [ 76.071134889809329, 11.620606515370133 ] ], [ [ 76.08999951077584, 11.618809884801891 ], [ 76.08999951077584, 11.617911569517775 ], [ 76.090897826059958, 11.617911569517771 ], [ 76.090897826059958, 11.618809884801893 ], [ 76.08999951077584, 11.618809884801891 ] ], [ [ 76.089101195491708, 11.626894722358967 ], [ 76.089101195491708, 11.625098091790729 ], [ 76.08999951077584, 11.625098091790729 ], [ 76.08999951077584, 11.626894722358966 ], [ 76.089101195491708, 11.626894722358967 ] ], [ [ 76.081914673218762, 11.629589668211322 ], [ 76.081914673218762, 11.628691352927204 ], [ 76.081016357934644, 11.628691352927206 ], [ 76.081016357934644, 11.627793037643086 ], [ 76.081914673218762, 11.627793037643084 ], [ 76.081914673218762, 11.626894722358966 ], [ 76.08281298850288, 11.626894722358964 ], [ 76.08281298850288, 11.629589668211322 ], [ 76.081914673218762, 11.629589668211322 ] ], [ [ 76.08281298850288, 11.626894722358964 ], [ 76.08281298850288, 11.624199776506611 ], [ 76.084609619071117, 11.624199776506609 ], [ 76.084609619071117, 11.625098091790729 ], [ 76.085507934355235, 11.625098091790729 ], [ 76.085507934355235, 11.625996407074846 ], [ 76.086406249639353, 11.625996407074847 ], [ 76.086406249639353, 11.628691352927206 ], [ 76.084609619071117, 11.628691352927206 ], [ 76.084609619071117, 11.627793037643089 ], [ 76.083711303786998, 11.627793037643084 ], [ 76.083711303786998, 11.626894722358967 ], [ 76.08281298850288, 11.626894722358964 ] ], [ [ 76.080118042650525, 11.608030101392458 ], [ 76.080118042650525, 11.607131786108337 ], [ 76.081914673218762, 11.607131786108337 ], [ 76.081914673218762, 11.606233470824218 ], [ 76.08281298850288, 11.606233470824218 ], [ 76.08281298850288, 11.608030101392457 ], [ 76.080118042650525, 11.608030101392458 ] ], [ [ 76.073829835661684, 11.624199776506611 ], [ 76.073829835661684, 11.623301461222489 ], [ 76.074728150945802, 11.623301461222489 ], [ 76.074728150945802, 11.624199776506611 ], [ 76.073829835661684, 11.624199776506611 ] ], [ [ 76.072931520377566, 11.626894722358966 ], [ 76.072931520377566, 11.625996407074847 ], [ 76.073829835661684, 11.625996407074847 ], [ 76.073829835661684, 11.626894722358966 ], [ 76.072931520377566, 11.626894722358966 ] ] ], [ [ [ 76.076524781514038, 11.627793037643086 ], [ 76.076524781514038, 11.628691352927204 ], [ 76.077423096798157, 11.628691352927204 ], [ 76.077423096798157, 11.627793037643087 ], [ 76.076524781514038, 11.627793037643086 ] ] ] ] } },
{ "type": "Feature", "properties": { "hotspot_id": 9, "area_km2": 3.714156637889273, "mean_risk": 0.6285, "max_risk": 1.0, "built_area_km2": 0.3076 }, "geometry": { "type": "Polygon", "coordinates": [ [ [ 76.116050654015297, 11.853270173957085 ], [ 76.118745599867651, 11.853270173957084 ], [ 76.118745599867651, 11.852371858672967 ], [ 76.119643915151784, 11.852371858672969 ], [ 76.119643915151784, 11.851473543388845 ], [ 76.123237176288256, 11.851473543388845 ], [ 76.123237176288256, 11.850575228104731 ], [ 76.124135491572375, 11.850575228104725 ], [ 76.124135491572375, 11.849676912820607 ], [ 76.123237176288256, 11.849676912820611 ], [ 76.123237176288256, 11.848778597536489 ], [ 76.120542230435902, 11.848778597536487 ], [ 76.120542230435902, 11.847880282252367 ], [ 76.119643915151784, 11.847880282252367 ], [ 76.119643915151784, 11.846981966968253 ], [ 76.117847284583533, 11.846981966968253 ], [ 76.117847284583533, 11.846083651684131 ], [ 76.116948969299415, 11.846083651684131 ], [ 76.116948969299415, 11.844287021115891 ], [ 76.116050654015297, 11.844287021115891 ], [ 76.116050654015297, 11.842490390547651 ], [ 76.115152338731178, 11.842490390547651 ], [ 76.115152338731178, 11.840693759979413 ], [ 76.117847284583533, 11.840693759979416 ], [ 76.117847284583533, 11.842490390547654 ], [ 76.119643915151784, 11.842490390547651 ], [ 76.119643915151784, 11.841592075263533 ], [ 76.120542230435902, 11.841592075263529 ], [ 76.120542230435902, 11.840693759979409 ], [ 76.119643915151784, 11.840693759979411 ], [ 76.119643915151784, 11.837998814127053 ], [ 76.118745599867651, 11.837998814127051 ], [ 76.118745599867651, 11.837100498842934 ], [ 76.117847284583533, 11.837100498842936 ], [ 76.117847284583533, 11.837998814127053 ], [ 76.115152338731178, 11.837998814127053 ], [ 76.115152338731178, 11.837100498842934 ], [ 76.113355708162942, 11.837100498842936 ], [ 76.113355708162942, 11.836202183558816 ], [ 76.112457392878824, 11.836202183558814 ], [ 76.112457392878824, 11.835303868274694 ], [ 76.113355708162942, 11.835303868274696 ], [ 76.113355708162942, 11.834405552990573 ], [ 76.11155907759472, 11.834405552990573 ], [ 76.11155907759472, 11.832608922422338 ], [ 76.112457392878824, 11.832608922422338 ], [ 76.112457392878824, 11.833507237706458 ], [ 76.113355708162942, 11.833507237706458 ], [ 76.113355708162942, 11.83260892242234 ], [ 76.11425402344706, 11.832608922422338 ], [ 76.11425402344706, 11.830812291854096 ], [ 76.116050654015297, 11.8308122918541 ], [ 76.116050654015297, 11.82901566128586 ], [ 76.113355708162942, 11.82901566128586 ], [ 76.113355708162942, 11.82991397656998 ], [ 76.112457392878824, 11.82991397656998 ], [ 76.112457392878824, 11.830812291854098 ], [ 76.11155907759472, 11.830812291854098 ], [ 76.11155907759472, 11.831710607138218 ], [ 76.110660762310587, 11.831710607138216 ], [ 76.110660762310587, 11.834405552990576 ], [ 76.107965816458218, 11.834405552990575 ], [ 76.107965816458218, 11.835303868274698 ], [ 76.1070675011741, 11.835303868274696 ], [ 76.1070675011741, 11.836202183558816 ], [ 76.104372555321746, 11.836202183558818 ], [ 76.104372555321746, 11.835303868274696 ], [ 76.103474240037627, 11.835303868274698 ], [ 76.103474240037627, 11.834405552990573 ], [ 76.102575924753509, 11.834405552990578 ], [ 76.102575924753509, 11.836202183558814 ], [ 76.101677609469391, 11.836202183558816 ], [ 76.101677609469391, 11.837998814127051 ], [ 76.100779294185273, 11.837998814127054 ], [ 76.100779294185273, 11.837100498842936 ], [ 76.097186033048786, 11.837100498842938 ], [ 76.097186033048786, 11.836202183558818 ], [ 76.096287717764667, 11.836202183558816 ], [ 76.096287717764667, 11.837100498842934 ], [ 76.094491087196431, 11.837100498842933 ], [ 76.094491087196431, 11.835303868274698 ], [ 76.091796141344076, 11.835303868274696 ], [ 76.091796141344076, 11.834405552990575 ], [ 76.090897826059958, 11.834405552990576 ], [ 76.090897826059958, 11.83350723770646 ], [ 76.08999951077584, 11.833507237706458 ], [ 76.08999951077584, 11.829015661285858 ], [ 76.089101195491708, 11.829015661285858 ], [ 76.089101195491708, 11.827219030717618 ], [ 76.088202880207589, 11.827219030717618 ], [ 76.088202880207589, 11.826320715433502 ], [ 76.089101195491708, 11.8263207154335 ], [ 76.089101195491708, 11.825422400149382 ], [ 76.08999951077584, 11.82542240014938 ], [ 76.08999951077584, 11.823625769581142 ], [ 76.087304564923471, 11.823625769581142 ], [ 76.087304564923471, 11.82452408486526 ], [ 76.086406249639353, 11.824524084865262 ], [ 76.086406249639353, 11.826320715433502 ], [ 76.087304564923471, 11.826320715433503 ], [ 76.087304564923471, 11.829015661285862 ], [ 76.088202880207589, 11.82901566128586 ], [ 76.088202880207589, 11.8308122918541 ], [ 76.086406249639353, 11.830812291854098 ], [ 76.086406249639353, 11.829913976569976 ], [ 76.084609619071117, 11.829913976569976 ], [ 76.084609619071117, 11.832608922422338 ], [ 76.08281298850288, 11.832608922422338 ], [ 76.08281298850288, 11.834405552990573 ], [ 76.083711303786998, 11.834405552990576 ], [ 76.083711303786998, 11.835303868274698 ], [ 76.085507934355235, 11.835303868274694 ], [ 76.085507934355235, 11.837100498842936 ], [ 76.087304564923471, 11.837100498842936 ], [ 76.087304564923471, 11.836202183558814 ], [ 76.089101195491708, 11.836202183558814 ], [ 76.089101195491708, 11.837100498842934 ], [ 76.091796141344076, 11.837100498842936 ], [ 76.091796141344076, 11.837998814127053 ], [ 76.093592771912313, 11.837998814127054 ], [ 76.093592771912313, 11.838897129411174 ], [ 76.094491087196431, 11.838897129411176 ], [ 76.094491087196431, 11.839795444695294 ], [ 76.098084348332904, 11.839795444695294 ], [ 76.098084348332904, 11.840693759979413 ], [ 76.100779294185273, 11.840693759979411 ], [ 76.100779294185273, 11.841592075263531 ], [ 76.102575924753509, 11.841592075263533 ], [ 76.102575924753509, 11.842490390547653 ], [ 76.106169185889996, 11.842490390547653 ], [ 76.106169185889996, 11.843388705831773 ], [ 76.108864131742337, 11.843388705831771 ], [ 76.108864131742337, 11.844287021115891 ], [ 76.107965816458218, 11.844287021115893 ], [ 76.107965816458218, 11.845185336400013 ], [ 76.108864131742337, 11.845185336400013 ], [ 76.108864131742337, 11.846083651684131 ], [ 76.110660762310587, 11.846083651684131 ], [ 76.110660762310587, 11.846981966968247 ], [ 76.109762447026469, 11.846981966968249 ], [ 76.109762447026469, 11.847880282252367 ], [ 76.108864131742337, 11.847880282252367 ], [ 76.108864131742337, 11.849676912820607 ], [ 76.11155907759472, 11.849676912820611 ], [ 76.11155907759472, 11.850575228104729 ], [ 76.112457392878824, 11.850575228104727 ], [ 76.112457392878824, 11.849676912820609 ], [ 76.113355708162942, 11.849676912820609 ], [ 76.113355708162942, 11.850575228104731 ], [ 76.11425402344706, 11.850575228104727 ], [ 76.11425402344706, 11.852371858672965 ], [ 76.116050654015297, 11.852371858672964 ], [ 76.116050654015297, 11.853270173957085 ] ], [ [ 76.11155907759472, 11.847880282252369 ], [ 76.11155907759472, 11.846981966968251 ], [ 76.112457392878824, 11.846981966968251 ], [ 76.112457392878824, 11.847880282252369 ], [ 76.11155907759472, 11.847880282252369 ] ] ] } },
{ "type": "Feature", "properties": { "hotspot_id": 10, "area_km2": 3.3644721796571044, "mean_risk": 0.3072, "max_risk": 0.3624, "built_area_km2": 0.3704 }, "geometry": { "type": "MultiPolygon", "coordinates": [ [ [ [ 75.852844275768277, 11.766133591397493 ], [ 75.854640906336513, 11.766133591397493 ], [ 75.854640906336513, 11.767031906681614 ], [ 75.855539221620646, 11.767031906681613 ], [ 75.855539221620646, 11.766133591397491 ], [ 75.857335852188882, 11.766133591397494 ], [ 75.857335852188882, 11.767031906681614 ], [ 75.859132482757119, 11.767031906681613 ], [ 75.859132482757119, 11.767930221965733 ], [ 75.858234167473, 11.767930221965731 ], [ 75.858234167473, 11.768828537249851 ], [ 75.860030798041237, 11.768828537249849 ], [ 75.860030798041237, 11.769726852533969 ], [ 75.859132482757119, 11.769726852533969 ], [ 75.859132482757119, 11.770625167818091 ], [ 75.861827428609473, 11.770625167818091 ], [ 75.861827428609473, 11.772421798386331 ], [ 75.86362405917771, 11.772421798386326 ], [ 75.86362405917771, 11.774218428954567 ], [ 75.862725743893606, 11.774218428954571 ], [ 75.862725743893606, 11.776015059522807 ], [ 75.861827428609473, 11.776015059522805 ], [ 75.861827428609473, 11.776913374806925 ], [ 75.860929113325369, 11.776913374806924 ], [ 75.860929113325369, 11.776015059522807 ], [ 75.860030798041237, 11.776015059522807 ], [ 75.860030798041237, 11.777811690091047 ], [ 75.862725743893606, 11.777811690091045 ], [ 75.862725743893606, 11.780506635943405 ], [ 75.861827428609473, 11.780506635943407 ], [ 75.861827428609473, 11.781404951227524 ], [ 75.860929113325369, 11.781404951227525 ], [ 75.860929113325369, 11.780506635943407 ], [ 75.860030798041237, 11.780506635943407 ], [ 75.860030798041237, 11.778710005375165 ], [ 75.859132482757119, 11.778710005375165 ], [ 75.859132482757119, 11.776913374806927 ], [ 75.858234167473, 11.776913374806925 ], [ 75.858234167473, 11.776015059522805 ], [ 75.857335852188882, 11.776015059522809 ], [ 75.857335852188882, 11.774218428954567 ], [ 75.858234167473, 11.774218428954571 ], [ 75.858234167473, 11.775116744238687 ], [ 75.859132482757119, 11.775116744238689 ], [ 75.859132482757119, 11.774218428954567 ], [ 75.860030798041237, 11.774218428954569 ], [ 75.860030798041237, 11.773320113670449 ], [ 75.858234167473, 11.773320113670451 ], [ 75.858234167473, 11.772421798386327 ], [ 75.855539221620646, 11.772421798386329 ], [ 75.855539221620646, 11.774218428954569 ], [ 75.854640906336513, 11.774218428954567 ], [ 75.854640906336513, 11.775116744238691 ], [ 75.853742591052395, 11.775116744238687 ], [ 75.853742591052395, 11.777811690091045 ], [ 75.851945960484159, 11.777811690091045 ], [ 75.851945960484159, 11.778710005375167 ], [ 75.852844275768277, 11.778710005375165 ], [ 75.852844275768277, 11.779608320659285 ], [ 75.853742591052395, 11.779608320659285 ], [ 75.853742591052395, 11.778710005375169 ], [ 75.854640906336513, 11.778710005375167 ], [ 75.854640906336513, 11.779608320659285 ], [ 75.855539221620646, 11.779608320659284 ], [ 75.855539221620646, 11.777811690091045 ], [ 75.856437536904764, 11.777811690091045 ], [ 75.856437536904764, 11.778710005375167 ], [ 75.857335852188882, 11.778710005375167 ], [ 75.857335852188882, 11.779608320659284 ], [ 75.858234167473, 11.779608320659282 ], [ 75.858234167473, 11.782303266511644 ], [ 75.857335852188882, 11.782303266511647 ], [ 75.857335852188882, 11.783201581795764 ], [ 75.860929113325369, 11.783201581795764 ], [ 75.860929113325369, 11.782303266511645 ], [ 75.862725743893606, 11.782303266511645 ], [ 75.862725743893606, 11.783201581795764 ], [ 75.86362405917771, 11.783201581795764 ], [ 75.86362405917771, 11.784998212364004 ], [ 75.864522374461828, 11.784998212364004 ], [ 75.864522374461828, 11.783201581795764 ], [ 75.865420689745946, 11.783201581795764 ], [ 75.865420689745946, 11.784099897079882 ], [ 75.868115635598329, 11.784099897079882 ], [ 75.868115635598329, 11.783201581795762 ], [ 75.869912266166551, 11.783201581795762 ], [ 75.869912266166551, 11.782303266511644 ], [ 75.870810581450669, 11.782303266511644 ], [ 75.870810581450669, 11.780506635943405 ], [ 75.867217320314197, 11.780506635943405 ], [ 75.867217320314197, 11.778710005375169 ], [ 75.865420689745946, 11.778710005375167 ], [ 75.865420689745946, 11.777811690091047 ], [ 75.864522374461828, 11.777811690091045 ], [ 75.864522374461828, 11.776913374806924 ], [ 75.865420689745946, 11.776913374806924 ], [ 75.865420689745946, 11.776015059522805 ], [ 75.866319005030093, 11.776015059522805 ], [ 75.866319005030093, 11.775116744238687 ], [ 75.868115635598329, 11.775116744238689 ], [ 75.868115635598329, 11.776015059522805 ], [ 75.869013950882433, 11.776015059522805 ], [ 75.869013950882433, 11.775116744238689 ], [ 75.869912266166551, 11.775116744238689 ], [ 75.869912266166551, 11.774218428954571 ], [ 75.870810581450669, 11.774218428954567 ], [ 75.870810581450669, 11.775116744238689 ], [ 75.871708896734788, 11.775116744238687 ], [ 75.871708896734788, 11.773320113670449 ], [ 75.873505527303024, 11.773320113670446 ], [ 75.873505527303024, 11.776015059522805 ], [ 75.874403842587142, 11.776015059522805 ], [ 75.874403842587142, 11.775116744238687 ], [ 75.875302157871275, 11.775116744238685 ], [ 75.875302157871275, 11.776015059522807 ], [ 75.877098788439511, 11.776015059522805 ], [ 75.877098788439511, 11.776913374806927 ], [ 75.877997103723629, 11.776913374806925 ], [ 75.877997103723629, 11.777811690091047 ], [ 75.879793734291866, 11.777811690091047 ], [ 75.879793734291866, 11.776913374806925 ], [ 75.878895419007748, 11.776913374806927 ], [ 75.878895419007748, 11.776015059522807 ], [ 75.879793734291866, 11.776015059522805 ], [ 75.879793734291866, 11.775116744238685 ], [ 75.876200473155393, 11.775116744238687 ], [ 75.876200473155393, 11.773320113670446 ], [ 75.875302157871275, 11.773320113670444 ], [ 75.875302157871275, 11.772421798386327 ], [ 75.877098788439511, 11.772421798386327 ], [ 75.877098788439511, 11.771523483102213 ], [ 75.876200473155393, 11.771523483102211 ], [ 75.876200473155393, 11.769726852533969 ], [ 75.872607212018906, 11.769726852533969 ], [ 75.872607212018906, 11.768828537249851 ], [ 75.871708896734788, 11.768828537249849 ], [ 75.871708896734788, 11.771523483102211 ], [ 75.869013950882433, 11.771523483102211 ], [ 75.869013950882433, 11.770625167818089 ], [ 75.868115635598329, 11.770625167818091 ], [ 75.868115635598329, 11.771523483102211 ], [ 75.867217320314197, 11.771523483102213 ], [ 75.867217320314197, 11.770625167818091 ], [ 75.866319005030093, 11.770625167818091 ], [ 75.866319005030093, 11.769726852533971 ], [ 75.869013950882433, 11.769726852533971 ], [ 75.869013950882433, 11.767930221965731 ], [ 75.868115635598329, 11.767930221965731 ], [ 75.868115635598329, 11.767031906681609 ], [ 75.867217320314197, 11.767031906681613 ], [ 75.867217320314197, 11.766133591397493 ], [ 75.866319005030093, 11.766133591397491 ], [ 75.866319005030093, 11.765235276113374 ], [ 75.864522374461828, 11.765235276113373 ], [ 75.864522374461828, 11.764336960829253 ], [ 75.862725743893606, 11.764336960829256 ], [ 75.862725743893606, 11.762540330261013 ], [ 75.860929113325369, 11.762540330261013 ], [ 75.860929113325369, 11.761642014976898 ], [ 75.860030798041237, 11.761642014976893 ], [ 75.860030798041237, 11.763438645545135 ], [ 75.859132482757119, 11.763438645545131 ], [ 75.859132482757119, 11.758048753840416 ], [ 75.858234167473, 11.758048753840418 ], [ 75.858234167473, 11.758947069124536 ], [ 75.857335852188882, 11.758947069124538 ], [ 75.857335852188882, 11.759845384408658 ], [ 75.858234167473, 11.759845384408658 ], [ 75.858234167473, 11.760743699692773 ], [ 75.857335852188882, 11.760743699692778 ], [ 75.857335852188882, 11.762540330261013 ], [ 75.854640906336513, 11.762540330261011 ], [ 75.854640906336513, 11.761642014976896 ], [ 75.855539221620646, 11.761642014976893 ], [ 75.855539221620646, 11.760743699692776 ], [ 75.854640906336513, 11.760743699692775 ], [ 75.854640906336513, 11.759845384408658 ], [ 75.853742591052395, 11.759845384408656 ], [ 75.853742591052395, 11.760743699692775 ], [ 75.851945960484159, 11.760743699692775 ], [ 75.851945960484159, 11.761642014976896 ], [ 75.850149329915922, 11.761642014976895 ], [ 75.850149329915922, 11.760743699692775 ], [ 75.85104764520004, 11.760743699692775 ], [ 75.85104764520004, 11.758947069124536 ], [ 75.850149329915922, 11.758947069124538 ], [ 75.850149329915922, 11.758048753840416 ], [ 75.849251014631804, 11.758048753840416 ], [ 75.849251014631804, 11.760743699692773 ], [ 75.848352699347686, 11.760743699692778 ], [ 75.848352699347686, 11.761642014976896 ], [ 75.849251014631804, 11.761642014976896 ], [ 75.849251014631804, 11.762540330261015 ], [ 75.848352699347686, 11.762540330261013 ], [ 75.848352699347686, 11.764336960829253 ], [ 75.852844275768277, 11.764336960829255 ], [ 75.852844275768277, 11.766133591397493 ] ], [ [ 75.857335852188882, 11.766133591397494 ], [ 75.857335852188882, 11.765235276113376 ], [ 75.854640906336513, 11.765235276113374 ], [ 75.854640906336513, 11.764336960829255 ], [ 75.860030798041237, 11.764336960829256 ], [ 75.860030798041237, 11.765235276113374 ], [ 75.859132482757119, 11.765235276113374 ], [ 75.859132482757119, 11.766133591397493 ], [ 75.857335852188882, 11.766133591397494 ] ], [ [ 75.860030798041237, 11.768828537249849 ], [ 75.860030798041237, 11.767930221965733 ], [ 75.860929113325369, 11.767930221965733 ], [ 75.860929113325369, 11.768828537249849 ], [ 75.860030798041237, 11.768828537249849 ] ], [ [ 75.86362405917771, 11.772421798386326 ], [ 75.86362405917771, 11.770625167818091 ], [ 75.864522374461828, 11.770625167818089 ], [ 75.864522374461828, 11.772421798386329 ], [ 75.86362405917771, 11.772421798386326 ] ], [ [ 75.86362405917771, 11.774218428954567 ], [ 75.864522374461828, 11.774218428954565 ], [ 75.864522374461828, 11.776015059522807 ], [ 75.86362405917771, 11.776015059522807 ], [ 75.86362405917771, 11.774218428954567 ] ], [ [ 75.857335852188882, 11.776015059522809 ], [ 75.857335852188882, 11.776913374806927 ], [ 75.856437536904764, 11.776913374806925 ], [ 75.856437536904764, 11.776015059522809 ], [ 75.857335852188882, 11.776015059522809 ] ], [ [ 75.855539221620646, 11.774218428954569 ], [ 75.856437536904764, 11.774218428954569 ], [ 75.856437536904764, 11.775116744238687 ], [ 75.855539221620646, 11.775116744238691 ], [ 75.855539221620646, 11.774218428954569 ] ], [ [ 75.869912266166551, 11.782303266511644 ], [ 75.868115635598329, 11.782303266511645 ], [ 75.868115635598329, 11.781404951227524 ], [ 75.869912266166551, 11.781404951227527 ], [ 75.869912266166551, 11.782303266511644 ] ], [ [ 75.867217320314197, 11.780506635943405 ], [ 75.867217320314197, 11.781404951227525 ], [ 75.865420689745946, 11.781404951227525 ], [ 75.865420689745946, 11.779608320659284 ], [ 75.866319005030093, 11.779608320659284 ], [ 75.866319005030093, 11.780506635943405 ], [ 75.867217320314197, 11.780506635943405 ] ], [ [ 75.869912266166551, 11.774218428954571 ], [ 75.869013950882433, 11.774218428954567 ], [ 75.869013950882433, 11.773320113670451 ], [ 75.869912266166551, 11.773320113670447 ], [ 75.869912266166551, 11.774218428954571 ] ], [ [ 75.871708896734788, 11.773320113670449 ], [ 75.870810581450669, 11.773320113670447 ], [ 75.870810581450669, 11.772421798386331 ], [ 75.871708896734788, 11.772421798386326 ], [ 75.871708896734788, 11.773320113670449 ] ], [ [ 75.866319005030093, 11.769726852533971 ], [ 75.864522374461828, 11.769726852533969 ], [ 75.864522374461828, 11.767930221965733 ], [ 75.865420689745946, 11.767930221965731 ], [ 75.865420689745946, 11.767031906681613 ], [ 75.866319005030093, 11.767031906681609 ], [ 75.866319005030093, 11.767930221965733 ], [ 75.867217320314197, 11.767930221965734 ], [ 75.867217320314197, 11.768828537249849 ], [ 75.866319005030093, 11.768828537249851 ], [ 75.866319005030093, 11.769726852533971 ] ], [ [ 75.872607212018906, 11.772421798386329 ], [ 75.872607212018906, 11.771523483102211 ], [ 75.873505527303024, 11.771523483102211 ], [ 75.873505527303024, 11.772421798386327 ], [ 75.872607212018906, 11.772421798386329 ] ], [ [ 75.865420689745946, 11.774218428954569 ], [ 75.865420689745946, 11.773320113670447 ], [ 75.866319005030093, 11.773320113670447 ], [ 75.866319005030093, 11.774218428954569 ], [ 75.865420689745946, 11.774218428954569 ] ], [ [ 75.862725743893606, 11.767031906681613 ], [ 75.862725743893606, 11.766133591397491 ], [ 75.864522374461828, 11.766133591397489 ], [ 75.864522374461828, 11.767031906681613 ], [ 75.862725743893606, 11.767031906681613 ] ], [ [ 75.86362405917771, 11.779608320659284 ], [ 75.86362405917771, 11.778710005375167 ], [ 75.864522374461828, 11.778710005375162 ], [ 75.864522374461828, 11.779608320659284 ], [ 75.86362405917771, 11.779608320659284 ] ], [ [ 75.860030798041237, 11.767031906681613 ], [ 75.860030798041237, 11.766133591397491 ], [ 75.860929113325369, 11.766133591397493 ], [ 75.860929113325369, 11.767031906681613 ], [ 75.860030798041237, 11.767031906681613 ] ], [ [ 75.859132482757119, 11.782303266511647 ], [ 75.859132482757119, 11.781404951227525 ], [ 75.860030798041237, 11.781404951227524 ], [ 75.860030798041237, 11.782303266511645 ], [ 75.859132482757119, 11.782303266511647 ] ], [ [ 75.854640906336513, 11.776913374806925 ], [ 75.854640906336513, 11.776015059522807 ], [ 75.855539221620646, 11.776015059522807 ], [ 75.855539221620646, 11.776913374806927 ], [ 75.854640906336513, 11.776913374806925 ] ] ], [ [ [ 75.852844275768277, 11.766133591397493 ], [ 75.851945960484159, 11.766133591397491 ], [ 75.851945960484159, 11.767930221965734 ], [ 75.85104764520004, 11.767930221965733 ], [ 75.85104764520004, 11.768828537249849 ], [ 75.852844275768277, 11.768828537249849 ], [ 75.852844275768277, 11.766133591397493 ] ] ], [ [ [ 75.862725743893606, 11.762540330261013 ], [ 75.86362405917771, 11.762540330261015 ], [ 75.86362405917771, 11.761642014976893 ], [ 75.862725743893606, 11.761642014976896 ], [ 75.862725743893606, 11.762540330261013 ] ] ], [ [ [ 75.862725743893606, 11.761642014976896 ], [ 75.862725743893606, 11.759845384408658 ], [ 75.86362405917771, 11.759845384408658 ], [ 75.86362405917771, 11.760743699692773 ], [ 75.864522374461828, 11.760743699692773 ], [ 75.864522374461828, 11.758947069124535 ], [ 75.862725743893606, 11.758947069124538 ], [ 75.862725743893606, 11.758048753840418 ], [ 75.861827428609473, 11.758048753840418 ], [ 75.861827428609473, 11.761642014976896 ], [ 75.862725743893606, 11.761642014976896 ] ] ], [ [ [ 75.864522374461828, 11.764336960829253 ], [ 75.866319005030093, 11.764336960829255 ], [ 75.866319005030093, 11.762540330261013 ], [ 75.864522374461828, 11.762540330261015 ], [ 75.864522374461828, 11.764336960829253 ] ] ], [ [ [ 75.869013950882433, 11.769726852533971 ], [ 75.869013950882433, 11.770625167818089 ], [ 75.869912266166551, 11.770625167818089 ], [ 75.869912266166551, 11.769726852533969 ], [ 75.869013950882433, 11.769726852533971 ] ] ], [ [ [ 75.872607212018906, 11.768828537249851 ], [ 75.874403842587142, 11.768828537249851 ], [ 75.874403842587142, 11.767930221965733 ], [ 75.872607212018906, 11.767930221965733 ], [ 75.872607212018906, 11.768828537249851 ] ] ], [ [ [ 75.877098788439511, 11.771523483102213 ], [ 75.877997103723629, 11.771523483102211 ], [ 75.877997103723629, 11.770625167818089 ], [ 75.877098788439511, 11.770625167818091 ], [ 75.877098788439511, 11.771523483102213 ] ] ], [ [ [ 75.877997103723629, 11.770625167818089 ], [ 75.878895419007748, 11.770625167818087 ], [ 75.878895419007748, 11.769726852533969 ], [ 75.877997103723629, 11.769726852533969 ], [ 75.877997103723629, 11.770625167818089 ] ] ], [ [ [ 75.879793734291866, 11.776015059522805 ], [ 75.879793734291866, 11.776913374806925 ], [ 75.880692049575984, 11.776913374806925 ], [ 75.880692049575984, 11.776015059522805 ], [ 75.879793734291866, 11.776015059522805 ] ] ], [ [ [ 75.875302157871275, 11.776015059522807 ], [ 75.874403842587142, 11.776015059522805 ], [ 75.874403842587142, 11.778710005375165 ], [ 75.875302157871275, 11.778710005375167 ], [ 75.875302157871275, 11.776015059522807 ] ] ], [ [ [ 75.871708896734788, 11.775116744238687 ], [ 75.871708896734788, 11.776015059522805 ], [ 75.870810581450669, 11.776015059522805 ], [ 75.870810581450669, 11.777811690091049 ], [ 75.871708896734788, 11.777811690091045 ], [ 75.871708896734788, 11.776913374806927 ], [ 75.872607212018906, 11.776913374806925 ], [ 75.872607212018906, 11.775116744238689 ], [ 75.871708896734788, 11.775116744238687 ] ] ], [ [ [ 75.869912266166551, 11.783201581795762 ], [ 75.869912266166551, 11.784099897079884 ], [ 75.870810581450669, 11.784099897079884 ], [ 75.870810581450669, 11.783201581795764 ], [ 75.869912266166551, 11.783201581795762 ] ] ], [ [ [ 75.86362405917771, 11.784998212364004 ], [ 75.862725743893606, 11.784998212364005 ], [ 75.862725743893606, 11.78589652764812 ], [ 75.86362405917771, 11.78589652764812 ], [ 75.86362405917771, 11.784998212364004 ] ] ], [ [ [ 75.860929113325369, 11.776015059522807 ], [ 75.861827428609473, 11.776015059522805 ], [ 75.861827428609473, 11.775116744238687 ], [ 75.860929113325369, 11.775116744238687 ], [ 75.860929113325369, 11.776015059522807 ] ] ], [ [ [ 75.861827428609473, 11.772421798386331 ], [ 75.860929113325369, 11.772421798386326 ], [ 75.860929113325369, 11.773320113670444 ], [ 75.861827428609473, 11.773320113670447 ], [ 75.861827428609473, 11.772421798386331 ] ] ], [ [ [ 75.858234167473, 11.768828537249851 ], [ 75.856437536904764, 11.768828537249851 ], [ 75.856437536904764, 11.769726852533969 ], [ 75.858234167473, 11.769726852533969 ], [ 75.858234167473, 11.768828537249851 ] ] ], [ [ [ 75.862725743893606, 11.78589652764812 ], [ 75.861827428609473, 11.785896527648122 ], [ 75.861827428609473, 11.78769315821636 ], [ 75.862725743893606, 11.78769315821636 ], [ 75.862725743893606, 11.78589652764812 ] ] ], [ [ [ 75.86362405917771, 11.78589652764812 ], [ 75.86362405917771, 11.786794842932238 ], [ 75.864522374461828, 11.786794842932238 ], [ 75.864522374461828, 11.78589652764812 ], [ 75.86362405917771, 11.78589652764812 ] ] ], [ [ [ 75.864522374461828, 11.786794842932238 ], [ 75.864522374461828, 11.78769315821636 ], [ 75.865420689745946, 11.787693158216364 ], [ 75.865420689745946, 11.78679484293224 ], [ 75.864522374461828, 11.786794842932238 ] ] ], [ [ [ 75.864522374461828, 11.78769315821636 ], [ 75.86362405917771, 11.787693158216356 ], [ 75.86362405917771, 11.788591473500478 ], [ 75.864522374461828, 11.78859147350048 ], [ 75.864522374461828, 11.78769315821636 ] ] ], [ [ [ 75.865420689745946, 11.787693158216364 ], [ 75.865420689745946, 11.788591473500478 ], [ 75.866319005030093, 11.788591473500482 ], [ 75.866319005030093, 11.78769315821636 ], [ 75.865420689745946, 11.787693158216364 ] ] ], [ [ [ 75.870810581450669, 11.777811690091049 ], [ 75.869912266166551, 11.777811690091051 ], [ 75.869912266166551, 11.778710005375167 ], [ 75.870810581450669, 11.778710005375169 ], [ 75.870810581450669, 11.777811690091049 ] ] ], [ [ [ 75.871708896734788, 11.777811690091045 ], [ 75.871708896734788, 11.780506635943405 ], [ 75.872607212018906, 11.780506635943405 ], [ 75.872607212018906, 11.779608320659285 ], [ 75.874403842587142, 11.779608320659284 ], [ 75.874403842587142, 11.778710005375165 ], [ 75.873505527303024, 11.778710005375165 ], [ 75.873505527303024, 11.777811690091044 ], [ 75.871708896734788, 11.777811690091045 ] ] ], [ [ [ 75.869912266166551, 11.769726852533969 ], [ 75.870810581450669, 11.769726852533971 ], [ 75.870810581450669, 11.768828537249851 ], [ 75.869912266166551, 11.768828537249849 ], [ 75.869912266166551, 11.769726852533969 ] ] ] ] } },
{ "type": "Feature", "properties": { "hotspot_id": 11, "area_km2": 2.5402170749136732, "mean_risk": 0.3169, "max_risk": 0.3651, "built_area_km2": 1.1247 }, "geometry": { "type": "MultiPolygon", "coordinates": [ [ [ [ 76.110660762310587, 11.562216021902362 ], [ 76.110660762310587, 11.564012652470597 ], [ 76.11155907759472, 11.564012652470598 ], [ 76.11155907759472, 11.564910967754718 ], [ 76.112457392878824, 11.564910967754718 ], [ 76.112457392878824, 11.565809283038837 ], [ 76.113355708162942, 11.56580928303884 ], [ 76.113355708162942, 11.567605913607077 ], [ 76.11425402344706, 11.567605913607078 ], [ 76.11425402344706, 11.570300859459438 ], [ 76.115152338731178, 11.57030085945944 ], [ 76.115152338731178, 11.567605913607077 ], [ 76.116050654015297, 11.567605913607078 ], [ 76.116050654015297, 11.568504228891195 ], [ 76.116948969299415, 11.568504228891198 ], [ 76.116948969299415, 11.569402544175318 ], [ 76.116050654015297, 11.569402544175318 ], [ 76.116050654015297, 11.570300859459437 ], [ 76.116948969299415, 11.570300859459437 ], [ 76.116948969299415, 11.571199174743557 ], [ 76.120542230435902, 11.571199174743555 ], [ 76.120542230435902, 11.569402544175315 ], [ 76.119643915151784, 11.569402544175318 ], [ 76.119643915151784, 11.568504228891198 ], [ 76.120542230435902, 11.5685042288912 ], [ 76.120542230435902, 11.567605913607077 ], [ 76.12144054572002, 11.567605913607077 ], [ 76.12144054572002, 11.565809283038842 ], [ 76.122338861004138, 11.565809283038838 ], [ 76.122338861004138, 11.56491096775472 ], [ 76.126830437424729, 11.56491096775472 ], [ 76.126830437424729, 11.563114337186482 ], [ 76.127728752708848, 11.563114337186484 ], [ 76.127728752708848, 11.564910967754718 ], [ 76.129525383277098, 11.564910967754718 ], [ 76.129525383277098, 11.564012652470598 ], [ 76.130423698561216, 11.5640126524706 ], [ 76.130423698561216, 11.563114337186486 ], [ 76.131322013845335, 11.563114337186484 ], [ 76.131322013845335, 11.561317706618242 ], [ 76.132220329129453, 11.56131770661824 ], [ 76.132220329129453, 11.559521076050002 ], [ 76.133118644413571, 11.559521076050002 ], [ 76.133118644413571, 11.55772444548176 ], [ 76.132220329129453, 11.557724445481762 ], [ 76.132220329129453, 11.555029499629404 ], [ 76.133118644413571, 11.555029499629406 ], [ 76.133118644413571, 11.554131184345282 ], [ 76.135813590265926, 11.554131184345286 ], [ 76.135813590265926, 11.556826130197642 ], [ 76.136711905550044, 11.556826130197642 ], [ 76.136711905550044, 11.557724445481762 ], [ 76.137610220834162, 11.55772444548176 ], [ 76.137610220834162, 11.556826130197642 ], [ 76.140305166686531, 11.556826130197642 ], [ 76.140305166686531, 11.557724445481762 ], [ 76.139406851402413, 11.557724445481764 ], [ 76.139406851402413, 11.55952107605 ], [ 76.141203481970649, 11.559521076050004 ], [ 76.141203481970649, 11.557724445481762 ], [ 76.143898427823004, 11.557724445481762 ], [ 76.143898427823004, 11.556826130197642 ], [ 76.143000112538886, 11.556826130197646 ], [ 76.143000112538886, 11.555927814913526 ], [ 76.140305166686531, 11.555927814913526 ], [ 76.140305166686531, 11.554131184345286 ], [ 76.139406851402413, 11.554131184345284 ], [ 76.139406851402413, 11.553232869061167 ], [ 76.138508536118295, 11.553232869061166 ], [ 76.138508536118295, 11.552334553777044 ], [ 76.135813590265926, 11.552334553777047 ], [ 76.135813590265926, 11.551436238492927 ], [ 76.134915274981807, 11.551436238492926 ], [ 76.134915274981807, 11.550537923208804 ], [ 76.134016959697689, 11.550537923208802 ], [ 76.134016959697689, 11.551436238492927 ], [ 76.133118644413571, 11.551436238492927 ], [ 76.133118644413571, 11.550537923208807 ], [ 76.132220329129453, 11.550537923208802 ], [ 76.132220329129453, 11.551436238492926 ], [ 76.130423698561216, 11.551436238492924 ], [ 76.130423698561216, 11.552334553777047 ], [ 76.126830437424729, 11.552334553777047 ], [ 76.126830437424729, 11.553232869061167 ], [ 76.129525383277098, 11.553232869061167 ], [ 76.129525383277098, 11.554131184345284 ], [ 76.124135491572375, 11.554131184345284 ], [ 76.124135491572375, 11.555029499629406 ], [ 76.123237176288256, 11.555029499629404 ], [ 76.123237176288256, 11.555927814913527 ], [ 76.122338861004138, 11.555927814913526 ], [ 76.122338861004138, 11.558622760765882 ], [ 76.12144054572002, 11.558622760765882 ], [ 76.12144054572002, 11.560419391334122 ], [ 76.120542230435902, 11.560419391334124 ], [ 76.120542230435902, 11.559521076050002 ], [ 76.118745599867651, 11.559521076050002 ], [ 76.118745599867651, 11.560419391334122 ], [ 76.117847284583533, 11.560419391334124 ], [ 76.117847284583533, 11.561317706618242 ], [ 76.116948969299415, 11.561317706618242 ], [ 76.116948969299415, 11.559521076050002 ], [ 76.116050654015297, 11.559521076050006 ], [ 76.116050654015297, 11.56041939133412 ], [ 76.11425402344706, 11.560419391334122 ], [ 76.11425402344706, 11.559521076050004 ], [ 76.112457392878824, 11.559521076050006 ], [ 76.112457392878824, 11.560419391334122 ], [ 76.11155907759472, 11.560419391334122 ], [ 76.11155907759472, 11.562216021902362 ], [ 76.110660762310587, 11.562216021902362 ] ], [ [ 76.112457392878824, 11.564910967754718 ], [ 76.112457392878824, 11.564012652470598 ], [ 76.113355708162942, 11.5640126524706 ], [ 76.113355708162942, 11.564910967754718 ], [ 76.112457392878824, 11.564910967754718 ] ], [ [ 76.128627067992966, 11.563114337186484 ], [ 76.128627067992966, 11.562216021902362 ], [ 76.127728752708848, 11.562216021902364 ], [ 76.127728752708848, 11.561317706618242 ], [ 76.128627067992966, 11.561317706618242 ], [ 76.128627067992966, 11.560419391334122 ], [ 76.127728752708848, 11.560419391334122 ], [ 76.127728752708848, 11.559521076050004 ], [ 76.125932122140611, 11.55952107605 ], [ 76.125932122140611, 11.558622760765882 ], [ 76.127728752708848, 11.558622760765882 ], [ 76.127728752708848, 11.556826130197642 ], [ 76.126830437424729, 11.556826130197642 ], [ 76.126830437424729, 11.555029499629402 ], [ 76.128627067992966, 11.555029499629406 ], [ 76.128627067992966, 11.556826130197642 ], [ 76.130423698561216, 11.556826130197644 ], [ 76.130423698561216, 11.558622760765886 ], [ 76.129525383277098, 11.558622760765884 ], [ 76.129525383277098, 11.559521076050004 ], [ 76.130423698561216, 11.559521076050006 ], [ 76.130423698561216, 11.560419391334122 ], [ 76.129525383277098, 11.560419391334122 ], [ 76.129525383277098, 11.563114337186482 ], [ 76.128627067992966, 11.563114337186484 ] ], [ [ 76.113355708162942, 11.562216021902362 ], [ 76.113355708162942, 11.561317706618242 ], [ 76.11425402344706, 11.561317706618242 ], [ 76.11425402344706, 11.562216021902362 ], [ 76.113355708162942, 11.562216021902362 ] ], [ [ 76.11425402344706, 11.562216021902362 ], [ 76.116050654015297, 11.562216021902362 ], [ 76.116050654015297, 11.563114337186482 ], [ 76.116948969299415, 11.563114337186484 ], [ 76.116948969299415, 11.562216021902362 ], [ 76.118745599867651, 11.56221602190236 ], [ 76.118745599867651, 11.561317706618242 ], [ 76.120542230435902, 11.561317706618244 ], [ 76.120542230435902, 11.563114337186484 ], [ 76.12144054572002, 11.563114337186484 ], [ 76.12144054572002, 11.5640126524706 ], [ 76.119643915151784, 11.5640126524706 ], [ 76.119643915151784, 11.563114337186484 ], [ 76.117847284583533, 11.563114337186484 ], [ 76.117847284583533, 11.564910967754717 ], [ 76.116948969299415, 11.564910967754717 ], [ 76.116948969299415, 11.566707598322962 ], [ 76.116050654015297, 11.56670759832296 ], [ 76.116050654015297, 11.56491096775472 ], [ 76.115152338731178, 11.56491096775472 ], [ 76.115152338731178, 11.564012652470598 ], [ 76.11425402344706, 11.564012652470598 ], [ 76.11425402344706, 11.562216021902362 ] ] ], [ [ [ 76.110660762310587, 11.562216021902362 ], [ 76.110660762310587, 11.561317706618242 ], [ 76.108864131742337, 11.561317706618242 ], [ 76.108864131742337, 11.562216021902364 ], [ 76.110660762310587, 11.562216021902362 ] ] ], [ [ [ 76.126830437424729, 11.56491096775472 ], [ 76.126830437424729, 11.56580928303884 ], [ 76.127728752708848, 11.565809283038838 ], [ 76.127728752708848, 11.564910967754718 ], [ 76.126830437424729, 11.56491096775472 ] ] ], [ [ [ 76.134016959697689, 11.550537923208802 ], [ 76.134016959697689, 11.549639607924686 ], [ 76.133118644413571, 11.549639607924687 ], [ 76.133118644413571, 11.550537923208807 ], [ 76.134016959697689, 11.550537923208802 ] ] ] ] } },
{ "type": "Feature", "properties": { "hotspot_id": 12, "area_km2": 2.4899227304166183, "mean_risk": 0.6982, "max_risk": 1.0, "built_area_km2": 0.1843 }, "geometry": { "type": "Polygon", "coordinates": [ [ [ 76.002862928216246, 11.72301445775976 ], [ 76.001066297647995, 11.723014457759758 ], [ 76.001066297647995, 11.726607718896236 ], [ 76.001964612932127, 11.726607718896236 ], [ 76.001964612932127, 11.727506034180355 ], [ 76.003761243500364, 11.727506034180353 ], [ 76.003761243500364, 11.729302664748591 ], [ 76.004659558784482, 11.729302664748595 ], [ 76.004659558784482, 11.731099295316829 ], [ 76.003761243500364, 11.731099295316831 ], [ 76.003761243500364, 11.732895925885069 ], [ 76.004659558784482, 11.732895925885071 ], [ 76.004659558784482, 11.733794241169191 ], [ 76.006456189352718, 11.733794241169191 ], [ 76.006456189352718, 11.732895925885069 ], [ 76.007354504636837, 11.732895925885073 ], [ 76.007354504636837, 11.731997610600949 ], [ 76.008252819920955, 11.731997610600951 ], [ 76.008252819920955, 11.731099295316829 ], [ 76.010049450489191, 11.731099295316829 ], [ 76.010049450489191, 11.731997610600953 ], [ 76.010947765773309, 11.731997610600949 ], [ 76.010947765773309, 11.732895925885069 ], [ 76.015439342193915, 11.732895925885071 ], [ 76.015439342193915, 11.731997610600954 ], [ 76.016337657478033, 11.731997610600949 ], [ 76.016337657478033, 11.729302664748591 ], [ 76.019032603330388, 11.729302664748593 ], [ 76.019032603330388, 11.728404349464471 ], [ 76.019930918614506, 11.728404349464471 ], [ 76.019930918614506, 11.727506034180353 ], [ 76.021727549182756, 11.727506034180353 ], [ 76.021727549182756, 11.728404349464473 ], [ 76.023524179750993, 11.728404349464471 ], [ 76.023524179750993, 11.727506034180353 ], [ 76.025320810319229, 11.727506034180355 ], [ 76.025320810319229, 11.728404349464475 ], [ 76.026219125603347, 11.728404349464471 ], [ 76.026219125603347, 11.729302664748591 ], [ 76.025320810319229, 11.729302664748589 ], [ 76.025320810319229, 11.730200980032711 ], [ 76.024422495035111, 11.730200980032711 ], [ 76.024422495035111, 11.731997610600954 ], [ 76.025320810319229, 11.731997610600949 ], [ 76.025320810319229, 11.732895925885067 ], [ 76.026219125603347, 11.732895925885069 ], [ 76.026219125603347, 11.733794241169191 ], [ 76.028015756171584, 11.733794241169191 ], [ 76.028015756171584, 11.734692556453309 ], [ 76.02981238673982, 11.734692556453311 ], [ 76.02981238673982, 11.729302664748591 ], [ 76.028914071455702, 11.729302664748587 ], [ 76.028914071455702, 11.726607718896235 ], [ 76.027117440887466, 11.726607718896236 ], [ 76.027117440887466, 11.725709403612116 ], [ 76.026219125603347, 11.725709403612113 ], [ 76.026219125603347, 11.724811088327995 ], [ 76.025320810319229, 11.724811088327991 ], [ 76.025320810319229, 11.718522881339156 ], [ 76.022625864466875, 11.718522881339155 ], [ 76.022625864466875, 11.720319511907396 ], [ 76.023524179750993, 11.720319511907398 ], [ 76.023524179750993, 11.723014457759756 ], [ 76.022625864466875, 11.723014457759758 ], [ 76.022625864466875, 11.722116142475638 ], [ 76.021727549182756, 11.722116142475636 ], [ 76.021727549182756, 11.721217827191516 ], [ 76.019930918614506, 11.721217827191516 ], [ 76.019930918614506, 11.7203195119074 ], [ 76.018134288046269, 11.7203195119074 ], [ 76.018134288046269, 11.721217827191516 ], [ 76.017235972762151, 11.721217827191516 ], [ 76.017235972762151, 11.722116142475638 ], [ 76.018134288046269, 11.722116142475638 ], [ 76.018134288046269, 11.723014457759758 ], [ 76.019930918614506, 11.723014457759755 ], [ 76.019930918614506, 11.723912773043876 ], [ 76.019032603330388, 11.723912773043873 ], [ 76.019032603330388, 11.724811088327995 ], [ 76.018134288046269, 11.724811088327991 ], [ 76.018134288046269, 11.723912773043873 ], [ 76.016337657478033, 11.723912773043873 ], [ 76.016337657478033, 11.724811088327995 ], [ 76.015439342193915, 11.724811088327995 ], [ 76.015439342193915, 11.726607718896235 ], [ 76.014541026909811, 11.726607718896235 ], [ 76.014541026909811, 11.729302664748591 ], [ 76.01274439634156, 11.729302664748593 ], [ 76.01274439634156, 11.725709403612115 ], [ 76.011846081057442, 11.725709403612113 ], [ 76.011846081057442, 11.723912773043873 ], [ 76.008252819920955, 11.723912773043875 ], [ 76.008252819920955, 11.722116142475636 ], [ 76.002862928216246, 11.722116142475638 ], [ 76.002862928216246, 11.72301445775976 ] ], [ [ 76.002862928216246, 11.723912773043875 ], [ 76.002862928216246, 11.72301445775976 ], [ 76.003761243500364, 11.723014457759758 ], [ 76.003761243500364, 11.723912773043876 ], [ 76.002862928216246, 11.723912773043875 ] ], [ [ 76.003761243500364, 11.723912773043876 ], [ 76.0055578740686, 11.723912773043876 ], [ 76.0055578740686, 11.724811088327991 ], [ 76.003761243500364, 11.724811088327996 ], [ 76.003761243500364, 11.723912773043876 ] ], [ [ 76.017235972762151, 11.726607718896233 ], [ 76.017235972762151, 11.725709403612116 ], [ 76.018134288046269, 11.725709403612113 ], [ 76.018134288046269, 11.726607718896236 ], [ 76.017235972762151, 11.726607718896233 ] ] ] } },
{ "type": "Feature", "properties": { "hotspot_id": 13, "area_km2": 2.4518656826162117, "mean_risk": 0.644, "max_risk": 0.9772, "built_area_km2": 0.0957 }, "geometry": { "type": "Polygon", "coordinates": [ [ [ 75.925607813781966, 11.619708200086009 ], [ 75.92830275963432, 11.619708200086009 ], [ 75.92830275963432, 11.617911569517773 ], [ 75.927404444350202, 11.617911569517773 ], [ 75.927404444350202, 11.614318308381293 ], [ 75.926506129066084, 11.614318308381296 ], [ 75.926506129066084, 11.613419993097173 ], [ 75.925607813781966, 11.613419993097171 ], [ 75.925607813781966, 11.614318308381293 ], [ 75.924709498497847, 11.614318308381295 ], [ 75.924709498497847, 11.617911569517773 ], [ 75.923811183213715, 11.617911569517771 ], [ 75.923811183213715, 11.617013254233653 ], [ 75.922912867929597, 11.617013254233653 ], [ 75.922912867929597, 11.616114938949535 ], [ 75.922014552645479, 11.616114938949531 ], [ 75.922014552645479, 11.614318308381293 ], [ 75.922912867929597, 11.614318308381295 ], [ 75.922912867929597, 11.613419993097175 ], [ 75.92111623736136, 11.613419993097175 ], [ 75.92111623736136, 11.608928416676576 ], [ 75.922912867929597, 11.608928416676576 ], [ 75.922912867929597, 11.609826731960695 ], [ 75.924709498497847, 11.609826731960695 ], [ 75.924709498497847, 11.608030101392458 ], [ 75.925607813781966, 11.608030101392457 ], [ 75.925607813781966, 11.60623347082422 ], [ 75.926506129066084, 11.606233470824217 ], [ 75.926506129066084, 11.60443684025598 ], [ 75.925607813781966, 11.604436840255978 ], [ 75.925607813781966, 11.603538524971858 ], [ 75.926506129066084, 11.603538524971862 ], [ 75.926506129066084, 11.60264020968774 ], [ 75.927404444350202, 11.60264020968774 ], [ 75.927404444350202, 11.601741894403618 ], [ 75.92830275963432, 11.60174189440362 ], [ 75.92830275963432, 11.602640209687742 ], [ 75.930099390202557, 11.602640209687738 ], [ 75.930099390202557, 11.600843579119502 ], [ 75.92830275963432, 11.600843579119502 ], [ 75.92830275963432, 11.599945263835382 ], [ 75.929201074918439, 11.59994526383538 ], [ 75.929201074918439, 11.597250317983024 ], [ 75.926506129066084, 11.597250317983022 ], [ 75.926506129066084, 11.59814863326714 ], [ 75.924709498497847, 11.59814863326714 ], [ 75.924709498497847, 11.599945263835382 ], [ 75.923811183213715, 11.599945263835384 ], [ 75.923811183213715, 11.600843579119502 ], [ 75.922912867929597, 11.600843579119502 ], [ 75.922912867929597, 11.599945263835382 ], [ 75.92111623736136, 11.59994526383538 ], [ 75.92111623736136, 11.600843579119502 ], [ 75.920217922077242, 11.600843579119504 ], [ 75.920217922077242, 11.599046948551262 ], [ 75.918421291509006, 11.599046948551262 ], [ 75.918421291509006, 11.599945263835382 ], [ 75.917522976224888, 11.59994526383538 ], [ 75.917522976224888, 11.602640209687738 ], [ 75.920217922077242, 11.60264020968774 ], [ 75.920217922077242, 11.60174189440362 ], [ 75.92111623736136, 11.601741894403624 ], [ 75.92111623736136, 11.602640209687738 ], [ 75.922014552645479, 11.602640209687742 ], [ 75.922014552645479, 11.605335155540098 ], [ 75.92111623736136, 11.605335155540097 ], [ 75.92111623736136, 11.606233470824218 ], [ 75.920217922077242, 11.60623347082422 ], [ 75.920217922077242, 11.607131786108337 ], [ 75.919319606793124, 11.607131786108337 ], [ 75.919319606793124, 11.608030101392458 ], [ 75.918421291509006, 11.608030101392457 ], [ 75.918421291509006, 11.604436840255978 ], [ 75.917522976224888, 11.604436840255982 ], [ 75.917522976224888, 11.605335155540097 ], [ 75.916624660940769, 11.605335155540098 ], [ 75.916624660940769, 11.613419993097175 ], [ 75.915726345656665, 11.613419993097173 ], [ 75.915726345656665, 11.615216623665415 ], [ 75.916624660940769, 11.615216623665415 ], [ 75.916624660940769, 11.616114938949535 ], [ 75.917522976224888, 11.616114938949531 ], [ 75.917522976224888, 11.615216623665415 ], [ 75.918421291509006, 11.615216623665413 ], [ 75.918421291509006, 11.616114938949531 ], [ 75.919319606793124, 11.616114938949533 ], [ 75.919319606793124, 11.615216623665413 ], [ 75.92111623736136, 11.615216623665413 ], [ 75.92111623736136, 11.617911569517769 ], [ 75.920217922077242, 11.617911569517773 ], [ 75.920217922077242, 11.619708200086011 ], [ 75.922014552645479, 11.619708200086009 ], [ 75.922014552645479, 11.618809884801893 ], [ 75.922912867929597, 11.618809884801893 ], [ 75.922912867929597, 11.619708200086011 ], [ 75.923811183213715, 11.619708200086011 ], [ 75.923811183213715, 11.621504830654251 ], [ 75.922014552645479, 11.621504830654253 ], [ 75.922014552645479, 11.622403145938369 ], [ 75.92111623736136, 11.622403145938371 ], [ 75.92111623736136, 11.624199776506609 ], [ 75.922014552645479, 11.624199776506611 ], [ 75.922014552645479, 11.625098091790733 ], [ 75.923811183213715, 11.625098091790731 ], [ 75.923811183213715, 11.624199776506609 ], [ 75.924709498497847, 11.624199776506611 ], [ 75.924709498497847, 11.625098091790729 ], [ 75.925607813781966, 11.625098091790729 ], [ 75.925607813781966, 11.625996407074847 ], [ 75.927404444350202, 11.625996407074847 ], [ 75.927404444350202, 11.631386298779566 ], [ 75.92830275963432, 11.631386298779566 ], [ 75.92830275963432, 11.632284614063682 ], [ 75.927404444350202, 11.632284614063684 ], [ 75.927404444350202, 11.633182929347804 ], [ 75.926506129066084, 11.633182929347802 ], [ 75.926506129066084, 11.635877875200164 ], [ 75.925607813781966, 11.635877875200164 ], [ 75.925607813781966, 11.636776190484282 ], [ 75.929201074918439, 11.636776190484282 ], [ 75.929201074918439, 11.635877875200164 ], [ 75.930099390202557, 11.635877875200164 ], [ 75.930099390202557, 11.636776190484282 ], [ 75.931896020770793, 11.636776190484282 ], [ 75.931896020770793, 11.634979559916044 ], [ 75.929201074918439, 11.634979559916045 ], [ 75.929201074918439, 11.632284614063686 ], [ 75.930099390202557, 11.632284614063684 ], [ 75.930099390202557, 11.626894722358966 ], [ 75.929201074918439, 11.626894722358964 ], [ 75.929201074918439, 11.625098091790729 ], [ 75.92830275963432, 11.625098091790729 ], [ 75.92830275963432, 11.624199776506611 ], [ 75.927404444350202, 11.624199776506609 ], [ 75.927404444350202, 11.622403145938371 ], [ 75.926506129066084, 11.622403145938369 ], [ 75.926506129066084, 11.620606515370131 ], [ 75.925607813781966, 11.620606515370127 ], [ 75.925607813781966, 11.619708200086009 ] ], [ [ 75.924709498497847, 11.619708200086009 ], [ 75.924709498497847, 11.618809884801889 ], [ 75.925607813781966, 11.618809884801895 ], [ 75.925607813781966, 11.619708200086009 ], [ 75.924709498497847, 11.619708200086009 ] ] ] } },
{ "type": "Feature", "properties": { "hotspot_id": 14, "area_km2": 2.0436837627141204, "mean_risk": 0.6344, "max_risk": 1.0, "built_area_km2": 0.0863 }, "geometry": { "type": "MultiPolygon", "coordinates": [ [ [ [ 76.171746201630711, 11.599945263835378 ], [ 76.171746201630711, 11.599046948551262 ], [ 76.170847886346593, 11.599046948551262 ], [ 76.170847886346593, 11.596352002698902 ], [ 76.172644516914829, 11.596352002698902 ], [ 76.172644516914829, 11.595453687414786 ], [ 76.173542832198947, 11.595453687414782 ], [ 76.173542832198947, 11.594555372130664 ], [ 76.174441147483066, 11.59455537213066 ], [ 76.174441147483066, 11.593657056846542 ], [ 76.172644516914829, 11.593657056846544 ], [ 76.172644516914829, 11.592758741562426 ], [ 76.173542832198947, 11.592758741562424 ], [ 76.173542832198947, 11.591860426278307 ], [ 76.172644516914829, 11.591860426278306 ], [ 76.172644516914829, 11.590962110994187 ], [ 76.173542832198947, 11.590962110994186 ], [ 76.173542832198947, 11.590063795710066 ], [ 76.171746201630711, 11.590063795710064 ], [ 76.171746201630711, 11.591860426278304 ], [ 76.170847886346593, 11.591860426278306 ], [ 76.170847886346593, 11.595453687414786 ], [ 76.169051255778356, 11.595453687414782 ], [ 76.169051255778356, 11.594555372130662 ], [ 76.169949571062475, 11.594555372130662 ], [ 76.169949571062475, 11.591860426278306 ], [ 76.169051255778356, 11.591860426278307 ], [ 76.169051255778356, 11.590962110994186 ], [ 76.168152940494238, 11.590962110994187 ], [ 76.168152940494238, 11.590063795710067 ], [ 76.166356309925987, 11.590063795710066 ], [ 76.166356309925987, 11.589165480425946 ], [ 76.167254625210106, 11.589165480425947 ], [ 76.167254625210106, 11.586470534573589 ], [ 76.168152940494238, 11.586470534573589 ], [ 76.168152940494238, 11.585572219289469 ], [ 76.169051255778356, 11.585572219289469 ], [ 76.169051255778356, 11.584673904005347 ], [ 76.169949571062475, 11.584673904005349 ], [ 76.169949571062475, 11.583775588721231 ], [ 76.169051255778356, 11.583775588721231 ], [ 76.169051255778356, 11.582877273437109 ], [ 76.168152940494238, 11.582877273437113 ], [ 76.168152940494238, 11.583775588721231 ], [ 76.166356309925987, 11.583775588721227 ], [ 76.166356309925987, 11.584673904005347 ], [ 76.163661364073633, 11.584673904005349 ], [ 76.163661364073633, 11.581978958152991 ], [ 76.164559679357751, 11.581978958152988 ], [ 76.164559679357751, 11.577487381732395 ], [ 76.162763048789515, 11.577487381732396 ], [ 76.162763048789515, 11.578385697016513 ], [ 76.160966418221292, 11.578385697016516 ], [ 76.160966418221292, 11.577487381732395 ], [ 76.16006810293716, 11.577487381732395 ], [ 76.16006810293716, 11.580182327584753 ], [ 76.159169787653042, 11.580182327584753 ], [ 76.159169787653042, 11.581080642868868 ], [ 76.16006810293716, 11.581080642868871 ], [ 76.16006810293716, 11.583775588721227 ], [ 76.159169787653042, 11.583775588721231 ], [ 76.159169787653042, 11.584673904005347 ], [ 76.157373157084791, 11.584673904005349 ], [ 76.157373157084791, 11.586470534573589 ], [ 76.159169787653042, 11.586470534573591 ], [ 76.159169787653042, 11.587368849857709 ], [ 76.16006810293716, 11.587368849857707 ], [ 76.16006810293716, 11.586470534573589 ], [ 76.161864733505396, 11.586470534573589 ], [ 76.161864733505396, 11.588267165141829 ], [ 76.162763048789515, 11.588267165141827 ], [ 76.162763048789515, 11.589165480425949 ], [ 76.164559679357751, 11.589165480425949 ], [ 76.164559679357751, 11.587368849857711 ], [ 76.165457994641869, 11.587368849857711 ], [ 76.165457994641869, 11.590063795710066 ], [ 76.164559679357751, 11.590063795710066 ], [ 76.164559679357751, 11.590962110994186 ], [ 76.163661364073633, 11.590962110994184 ], [ 76.163661364073633, 11.592758741562426 ], [ 76.164559679357751, 11.592758741562427 ], [ 76.164559679357751, 11.593657056846542 ], [ 76.162763048789515, 11.593657056846544 ], [ 76.162763048789515, 11.594555372130664 ], [ 76.161864733505396, 11.594555372130664 ], [ 76.161864733505396, 11.595453687414782 ], [ 76.164559679357751, 11.595453687414784 ], [ 76.164559679357751, 11.596352002698902 ], [ 76.165457994641869, 11.596352002698902 ], [ 76.165457994641869, 11.598148633267138 ], [ 76.167254625210106, 11.598148633267142 ], [ 76.167254625210106, 11.599945263835382 ], [ 76.169949571062475, 11.59994526383538 ], [ 76.169949571062475, 11.600843579119504 ], [ 76.169051255778356, 11.600843579119502 ], [ 76.169051255778356, 11.60174189440362 ], [ 76.170847886346593, 11.601741894403618 ], [ 76.170847886346593, 11.602640209687742 ], [ 76.172644516914829, 11.602640209687742 ], [ 76.172644516914829, 11.600843579119502 ], [ 76.173542832198947, 11.600843579119504 ], [ 76.173542832198947, 11.599945263835382 ], [ 76.171746201630711, 11.599945263835378 ] ], [ [ 76.170847886346593, 11.600843579119502 ], [ 76.170847886346593, 11.599945263835382 ], [ 76.171746201630711, 11.599945263835378 ], [ 76.171746201630711, 11.6008435791195 ], [ 76.170847886346593, 11.600843579119502 ] ], [ [ 76.168152940494238, 11.59814863326714 ], [ 76.168152940494238, 11.597250317983024 ], [ 76.169051255778356, 11.597250317983022 ], [ 76.169051255778356, 11.598148633267138 ], [ 76.168152940494238, 11.59814863326714 ] ], [ [ 76.166356309925987, 11.594555372130662 ], [ 76.166356309925987, 11.593657056846546 ], [ 76.167254625210106, 11.593657056846542 ], [ 76.167254625210106, 11.594555372130666 ], [ 76.166356309925987, 11.594555372130662 ] ] ], [ [ [ 76.173542832198947, 11.600843579119504 ], [ 76.173542832198947, 11.601741894403618 ], [ 76.174441147483066, 11.601741894403617 ], [ 76.174441147483066, 11.604436840255978 ], [ 76.178034408619553, 11.604436840255978 ], [ 76.178034408619553, 11.606233470824215 ], [ 76.17713609333542, 11.60623347082422 ], [ 76.17713609333542, 11.608030101392458 ], [ 76.178034408619553, 11.608030101392458 ], [ 76.178034408619553, 11.608928416676575 ], [ 76.179831039187789, 11.608928416676576 ], [ 76.179831039187789, 11.606233470824215 ], [ 76.180729354471907, 11.606233470824218 ], [ 76.180729354471907, 11.603538524971862 ], [ 76.179831039187789, 11.603538524971858 ], [ 76.179831039187789, 11.60264020968774 ], [ 76.178034408619553, 11.60264020968774 ], [ 76.178034408619553, 11.60174189440362 ], [ 76.176237778051302, 11.601741894403622 ], [ 76.176237778051302, 11.600843579119504 ], [ 76.175339462767184, 11.600843579119502 ], [ 76.175339462767184, 11.599945263835382 ], [ 76.174441147483066, 11.59994526383538 ], [ 76.174441147483066, 11.600843579119502 ], [ 76.173542832198947, 11.600843579119504 ] ] ] ] } },
{ "type": "Feature", "properties": { "hotspot_id": 15, "area_km2": 1.9071370203591134, "mean_risk": 0.3243, "max_risk": 0.3796, "built_area_km2": 0.0675 }, "geometry": { "type": "MultiPolygon", "coordinates": [ [ [ [ 75.975015154408538, 11.608030101392455 ], [ 75.975015154408538, 11.608928416676575 ], [ 75.97411683912442, 11.608928416676575 ], [ 75.97411683912442, 11.609826731960695 ], [ 75.971421893272051, 11.609826731960696 ], [ 75.971421893272051, 11.610725047244816 ], [ 75.97411683912442, 11.610725047244813 ], [ 75.97411683912442, 11.611623362528936 ], [ 75.975913469692657, 11.611623362528935 ], [ 75.975913469692657, 11.610725047244816 ], [ 75.976811784976775, 11.610725047244816 ], [ 75.976811784976775, 11.611623362528936 ], [ 75.980405046113248, 11.611623362528933 ], [ 75.980405046113248, 11.612521677813053 ], [ 75.981303361397366, 11.612521677813053 ], [ 75.981303361397366, 11.610725047244815 ], [ 75.983998307249735, 11.610725047244816 ], [ 75.983998307249735, 11.609826731960695 ], [ 75.983099991965616, 11.609826731960695 ], [ 75.983099991965616, 11.608928416676576 ], [ 75.985794937817971, 11.608928416676575 ], [ 75.985794937817971, 11.608030101392457 ], [ 75.986693253102089, 11.608030101392457 ], [ 75.986693253102089, 11.607131786108337 ], [ 75.987591568386208, 11.607131786108337 ], [ 75.987591568386208, 11.608030101392457 ], [ 75.988489883670326, 11.608030101392455 ], [ 75.988489883670326, 11.607131786108337 ], [ 75.989388198954444, 11.607131786108335 ], [ 75.989388198954444, 11.604436840255978 ], [ 75.99118482952268, 11.604436840255978 ], [ 75.99118482952268, 11.602640209687738 ], [ 75.993879775375049, 11.60264020968774 ], [ 75.993879775375049, 11.599945263835382 ], [ 75.99118482952268, 11.59994526383538 ], [ 75.99118482952268, 11.599046948551262 ], [ 75.990286514238562, 11.599046948551262 ], [ 75.990286514238562, 11.598148633267142 ], [ 75.989388198954444, 11.598148633267142 ], [ 75.989388198954444, 11.59545368741478 ], [ 75.988489883670326, 11.595453687414782 ], [ 75.988489883670326, 11.594555372130662 ], [ 75.987591568386208, 11.594555372130662 ], [ 75.987591568386208, 11.59545368741478 ], [ 75.985794937817971, 11.595453687414784 ], [ 75.985794937817971, 11.597250317983022 ], [ 75.987591568386208, 11.597250317983024 ], [ 75.987591568386208, 11.599046948551264 ], [ 75.986693253102089, 11.599046948551262 ], [ 75.986693253102089, 11.598148633267142 ], [ 75.983099991965616, 11.598148633267142 ], [ 75.983099991965616, 11.599046948551262 ], [ 75.980405046113248, 11.599046948551264 ], [ 75.980405046113248, 11.598148633267142 ], [ 75.979506730829129, 11.598148633267142 ], [ 75.979506730829129, 11.599046948551262 ], [ 75.976811784976775, 11.599046948551262 ], [ 75.976811784976775, 11.59994526383538 ], [ 75.97411683912442, 11.599945263835378 ], [ 75.97411683912442, 11.6008435791195 ], [ 75.973218523840302, 11.600843579119502 ], [ 75.973218523840302, 11.601741894403622 ], [ 75.975015154408538, 11.601741894403622 ], [ 75.975015154408538, 11.602640209687738 ], [ 75.973218523840302, 11.602640209687742 ], [ 75.973218523840302, 11.603538524971862 ], [ 75.97232020855617, 11.603538524971858 ], [ 75.97232020855617, 11.604436840255982 ], [ 75.97411683912442, 11.60443684025598 ], [ 75.97411683912442, 11.603538524971858 ], [ 75.975015154408538, 11.603538524971858 ], [ 75.975015154408538, 11.604436840255975 ], [ 75.975913469692657, 11.604436840255984 ], [ 75.975913469692657, 11.60353852497186 ], [ 75.978608415545011, 11.603538524971858 ], [ 75.978608415545011, 11.601741894403617 ], [ 75.977710100260893, 11.601741894403618 ], [ 75.977710100260893, 11.6008435791195 ], [ 75.978608415545011, 11.6008435791195 ], [ 75.978608415545011, 11.599945263835384 ], [ 75.979506730829129, 11.599945263835384 ], [ 75.979506730829129, 11.601741894403618 ], [ 75.981303361397366, 11.60174189440362 ], [ 75.981303361397366, 11.60264020968774 ], [ 75.983099991965616, 11.602640209687738 ], [ 75.983099991965616, 11.601741894403618 ], [ 75.984896622533853, 11.60174189440362 ], [ 75.984896622533853, 11.6008435791195 ], [ 75.985794937817971, 11.600843579119502 ], [ 75.985794937817971, 11.60264020968774 ], [ 75.983998307249735, 11.602640209687738 ], [ 75.983998307249735, 11.603538524971858 ], [ 75.983099991965616, 11.60353852497186 ], [ 75.983099991965616, 11.605335155540097 ], [ 75.982201676681484, 11.605335155540098 ], [ 75.982201676681484, 11.606233470824218 ], [ 75.981303361397366, 11.606233470824217 ], [ 75.981303361397366, 11.607131786108337 ], [ 75.977710100260893, 11.607131786108337 ], [ 75.977710100260893, 11.606233470824218 ], [ 75.975913469692657, 11.606233470824218 ], [ 75.975913469692657, 11.607131786108342 ], [ 75.976811784976775, 11.607131786108337 ], [ 75.976811784976775, 11.608030101392457 ], [ 75.975015154408538, 11.608030101392455 ] ], [ [ 75.987591568386208, 11.597250317983024 ], [ 75.987591568386208, 11.596352002698906 ], [ 75.988489883670326, 11.596352002698904 ], [ 75.988489883670326, 11.597250317983022 ], [ 75.987591568386208, 11.597250317983024 ] ], [ [ 75.976811784976775, 11.608030101392457 ], [ 75.977710100260893, 11.608030101392457 ], [ 75.977710100260893, 11.608928416676578 ], [ 75.976811784976775, 11.608928416676578 ], [ 75.976811784976775, 11.608030101392457 ] ], [ [ 75.980405046113248, 11.600843579119498 ], [ 75.980405046113248, 11.599945263835382 ], [ 75.983099991965616, 11.599945263835382 ], [ 75.983099991965616, 11.600843579119502 ], [ 75.980405046113248, 11.600843579119498 ] ], [ [ 75.981303361397366, 11.608928416676576 ], [ 75.981303361397366, 11.608030101392458 ], [ 75.982201676681484, 11.608030101392458 ], [ 75.982201676681484, 11.608928416676575 ], [ 75.981303361397366, 11.608928416676576 ] ] ], [ [ [ 75.975015154408538, 11.608030101392455 ], [ 75.975015154408538, 11.607131786108338 ], [ 75.97411683912442, 11.607131786108338 ], [ 75.97411683912442, 11.608030101392458 ], [ 75.975015154408538, 11.608030101392455 ] ] ], [ [ [ 75.979506730829129, 11.598148633267142 ], [ 75.979506730829129, 11.597250317983024 ], [ 75.978608415545011, 11.597250317983022 ], [ 75.978608415545011, 11.59814863326714 ], [ 75.979506730829129, 11.598148633267142 ] ] ], [ [ [ 75.977710100260893, 11.606233470824218 ], [ 75.978608415545011, 11.606233470824213 ], [ 75.978608415545011, 11.605335155540097 ], [ 75.977710100260893, 11.605335155540098 ], [ 75.977710100260893, 11.606233470824218 ] ] ] ] } },
{ "type": "Feature", "properties": { "hotspot_id": 16, "area_km2": 1.8884561275588889, "mean_risk": 0.3095, "max_risk": 0.3592, "built_area_km2": 0.0797 }, "geometry": { "type": "MultiPolygon", "coordinates": [ [ [ [ 76.154678211232437, 11.520893518832864 ], [ 76.155576526516569, 11.520893518832864 ], [ 76.155576526516569, 11.521791834116986 ], [ 76.157373157084791, 11.521791834116984 ], [ 76.157373157084791, 11.5226901494011 ], [ 76.16006810293716, 11.5226901494011 ], [ 76.16006810293716, 11.523588464685222 ], [ 76.160966418221292, 11.52358846468522 ], [ 76.160966418221292, 11.52448677996934 ], [ 76.162763048789515, 11.524486779969344 ], [ 76.162763048789515, 11.523588464685224 ], [ 76.164559679357751, 11.52358846468522 ], [ 76.164559679357751, 11.525385095253462 ], [ 76.165457994641869, 11.525385095253462 ], [ 76.165457994641869, 11.524486779969342 ], [ 76.169051255778356, 11.52448677996934 ], [ 76.169051255778356, 11.52358846468522 ], [ 76.169949571062475, 11.52358846468522 ], [ 76.169949571062475, 11.5226901494011 ], [ 76.170847886346593, 11.5226901494011 ], [ 76.170847886346593, 11.51999520354874 ], [ 76.171746201630711, 11.519995203548742 ], [ 76.171746201630711, 11.519096888264624 ], [ 76.172644516914829, 11.519096888264622 ], [ 76.172644516914829, 11.519995203548742 ], [ 76.173542832198947, 11.519995203548744 ], [ 76.173542832198947, 11.519096888264626 ], [ 76.176237778051302, 11.519096888264622 ], [ 76.176237778051302, 11.520893518832866 ], [ 76.17713609333542, 11.520893518832864 ], [ 76.17713609333542, 11.521791834116982 ], [ 76.179831039187789, 11.521791834116984 ], [ 76.179831039187789, 11.522690149401102 ], [ 76.180729354471907, 11.5226901494011 ], [ 76.180729354471907, 11.52358846468522 ], [ 76.181627669756026, 11.523588464685222 ], [ 76.181627669756026, 11.5226901494011 ], [ 76.18432261560838, 11.522690149401098 ], [ 76.18432261560838, 11.521791834116982 ], [ 76.187915876744867, 11.521791834116982 ], [ 76.187915876744867, 11.520893518832862 ], [ 76.188814192028985, 11.520893518832864 ], [ 76.188814192028985, 11.51999520354874 ], [ 76.189712507313104, 11.519995203548746 ], [ 76.189712507313104, 11.519096888264624 ], [ 76.190610822597222, 11.519096888264622 ], [ 76.190610822597222, 11.516401942412264 ], [ 76.188814192028985, 11.516401942412266 ], [ 76.188814192028985, 11.518198572980504 ], [ 76.187017561460735, 11.518198572980502 ], [ 76.187017561460735, 11.519096888264624 ], [ 76.18432261560838, 11.519096888264626 ], [ 76.18432261560838, 11.519995203548746 ], [ 76.183424300324262, 11.519995203548742 ], [ 76.183424300324262, 11.51909688826462 ], [ 76.182525985040144, 11.519096888264622 ], [ 76.182525985040144, 11.518198572980506 ], [ 76.178034408619553, 11.518198572980504 ], [ 76.178034408619553, 11.517300257696387 ], [ 76.178932723903671, 11.517300257696382 ], [ 76.178932723903671, 11.515503627128146 ], [ 76.17713609333542, 11.515503627128147 ], [ 76.17713609333542, 11.516401942412266 ], [ 76.176237778051302, 11.516401942412266 ], [ 76.176237778051302, 11.515503627128147 ], [ 76.175339462767184, 11.515503627128147 ], [ 76.175339462767184, 11.514605311844029 ], [ 76.173542832198947, 11.514605311844029 ], [ 76.173542832198947, 11.516401942412264 ], [ 76.169949571062475, 11.516401942412264 ], [ 76.169949571062475, 11.517300257696384 ], [ 76.170847886346593, 11.517300257696386 ], [ 76.170847886346593, 11.518198572980504 ], [ 76.168152940494238, 11.518198572980502 ], [ 76.168152940494238, 11.519096888264622 ], [ 76.169051255778356, 11.519096888264622 ], [ 76.169051255778356, 11.519995203548742 ], [ 76.168152940494238, 11.51999520354874 ], [ 76.168152940494238, 11.520893518832862 ], [ 76.167254625210106, 11.520893518832866 ], [ 76.167254625210106, 11.519995203548747 ], [ 76.164559679357751, 11.519995203548744 ], [ 76.164559679357751, 11.520893518832864 ], [ 76.163661364073633, 11.520893518832864 ], [ 76.163661364073633, 11.521791834116984 ], [ 76.162763048789515, 11.521791834116984 ], [ 76.162763048789515, 11.520893518832866 ], [ 76.160966418221292, 11.520893518832864 ], [ 76.160966418221292, 11.519995203548742 ], [ 76.158271472368924, 11.519995203548746 ], [ 76.158271472368924, 11.519096888264626 ], [ 76.159169787653042, 11.519096888264626 ], [ 76.159169787653042, 11.517300257696382 ], [ 76.158271472368924, 11.517300257696384 ], [ 76.158271472368924, 11.518198572980504 ], [ 76.155576526516569, 11.518198572980504 ], [ 76.155576526516569, 11.51999520354874 ], [ 76.154678211232437, 11.519995203548742 ], [ 76.154678211232437, 11.520893518832864 ] ], [ [ 76.182525985040144, 11.519096888264622 ], [ 76.182525985040144, 11.519995203548742 ], [ 76.181627669756026, 11.519995203548746 ], [ 76.181627669756026, 11.519096888264624 ], [ 76.182525985040144, 11.519096888264622 ] ], [ [ 76.158271472368924, 11.519995203548746 ], [ 76.158271472368924, 11.520893518832866 ], [ 76.156474841800673, 11.520893518832864 ], [ 76.156474841800673, 11.519995203548744 ], [ 76.158271472368924, 11.519995203548746 ] ], [ [ 76.178932723903671, 11.519995203548742 ], [ 76.178932723903671, 11.51909688826462 ], [ 76.180729354471907, 11.519096888264622 ], [ 76.180729354471907, 11.519995203548742 ], [ 76.178932723903671, 11.519995203548742 ] ], [ [ 76.171746201630711, 11.518198572980504 ], [ 76.171746201630711, 11.517300257696384 ], [ 76.172644516914829, 11.517300257696384 ], [ 76.172644516914829, 11.518198572980506 ], [ 76.171746201630711, 11.518198572980504 ] ] ], [ [ [ 76.16006810293716, 11.516401942412267 ], [ 76.161864733505396, 11.516401942412266 ], [ 76.161864733505396, 11.515503627128147 ], [ 76.160966418221292, 11.515503627128144 ], [ 76.160966418221292, 11.513706996559909 ], [ 76.163661364073633, 11.513706996559909 ], [ 76.163661364073633, 11.514605311844027 ], [ 76.164559679357751, 11.514605311844029 ], [ 76.164559679357751, 11.512808681275789 ], [ 76.162763048789515, 11.512808681275789 ], [ 76.162763048789515, 11.511910365991669 ], [ 76.160966418221292, 11.511910365991669 ], [ 76.160966418221292, 11.511012050707546 ], [ 76.158271472368924, 11.511012050707548 ], [ 76.158271472368924, 11.511910365991669 ], [ 76.157373157084791, 11.511910365991668 ], [ 76.157373157084791, 11.513706996559909 ], [ 76.158271472368924, 11.513706996559909 ], [ 76.158271472368924, 11.514605311844027 ], [ 76.16006810293716, 11.514605311844024 ], [ 76.16006810293716, 11.516401942412267 ] ], [ [ 76.160966418221292, 11.513706996559909 ], [ 76.16006810293716, 11.513706996559907 ], [ 76.16006810293716, 11.512808681275787 ], [ 76.160966418221292, 11.512808681275789 ], [ 76.160966418221292, 11.513706996559909 ] ] ], [ [ [ 76.154678211232437, 11.52179183411698 ], [ 76.154678211232437, 11.520893518832864 ], [ 76.153779895948318, 11.520893518832862 ], [ 76.153779895948318, 11.521791834116984 ], [ 76.1528815806642, 11.521791834116984 ], [ 76.1528815806642, 11.5226901494011 ], [ 76.153779895948318, 11.5226901494011 ], [ 76.153779895948318, 11.52448677996934 ], [ 76.154678211232437, 11.524486779969342 ], [ 76.154678211232437, 11.5226901494011 ], [ 76.155576526516569, 11.522690149401104 ], [ 76.155576526516569, 11.521791834116986 ], [ 76.154678211232437, 11.52179183411698 ] ] ], [ [ [ 76.159169787653042, 11.517300257696382 ], [ 76.16006810293716, 11.517300257696384 ], [ 76.16006810293716, 11.516401942412267 ], [ 76.159169787653042, 11.516401942412262 ], [ 76.159169787653042, 11.517300257696382 ] ] ] ] } },
{ "type": "Feature", "properties": { "hotspot_id": 17, "area_km2": 1.8487386703813695, "mean_risk": 0.31, "max_risk": 0.3512, "built_area_km2": 0.4096 }, "geometry": { "type": "MultiPolygon", "coordinates": [ [ [ [ 75.984896622533853, 11.617013254233653 ], [ 75.988489883670326, 11.617013254233653 ], [ 75.988489883670326, 11.616114938949533 ], [ 75.989388198954444, 11.616114938949531 ], [ 75.989388198954444, 11.613419993097173 ], [ 75.99118482952268, 11.613419993097171 ], [ 75.99118482952268, 11.612521677813055 ], [ 75.989388198954444, 11.612521677813049 ], [ 75.989388198954444, 11.611623362528935 ], [ 75.99118482952268, 11.611623362528936 ], [ 75.99118482952268, 11.610725047244818 ], [ 75.992083144806799, 11.610725047244816 ], [ 75.992083144806799, 11.612521677813049 ], [ 75.995676405943286, 11.612521677813055 ], [ 75.995676405943286, 11.611623362528936 ], [ 75.99837135179564, 11.611623362528936 ], [ 75.99837135179564, 11.613419993097171 ], [ 75.999269667079759, 11.613419993097171 ], [ 75.999269667079759, 11.612521677813055 ], [ 76.000167982363877, 11.612521677813056 ], [ 76.000167982363877, 11.611623362528936 ], [ 76.001066297647995, 11.611623362528933 ], [ 76.001066297647995, 11.610725047244815 ], [ 76.002862928216246, 11.610725047244816 ], [ 76.002862928216246, 11.609826731960696 ], [ 76.0055578740686, 11.609826731960695 ], [ 76.0055578740686, 11.610725047244816 ], [ 76.007354504636837, 11.610725047244816 ], [ 76.007354504636837, 11.611623362528936 ], [ 76.008252819920955, 11.611623362528935 ], [ 76.008252819920955, 11.612521677813053 ], [ 76.009151135205087, 11.612521677813055 ], [ 76.009151135205087, 11.608928416676576 ], [ 76.008252819920955, 11.608928416676575 ], [ 76.008252819920955, 11.608030101392457 ], [ 76.009151135205087, 11.60803010139246 ], [ 76.009151135205087, 11.607131786108338 ], [ 76.010049450489191, 11.60713178610834 ], [ 76.010049450489191, 11.60443684025598 ], [ 76.006456189352718, 11.604436840255977 ], [ 76.006456189352718, 11.603538524971862 ], [ 76.0055578740686, 11.60353852497186 ], [ 76.0055578740686, 11.60623347082422 ], [ 76.004659558784482, 11.606233470824217 ], [ 76.004659558784482, 11.605335155540097 ], [ 76.003761243500364, 11.605335155540098 ], [ 76.003761243500364, 11.604436840255978 ], [ 76.001964612932127, 11.60443684025598 ], [ 76.001964612932127, 11.603538524971862 ], [ 75.999269667079759, 11.603538524971858 ], [ 75.999269667079759, 11.604436840255978 ], [ 75.99837135179564, 11.604436840255978 ], [ 75.99837135179564, 11.605335155540097 ], [ 75.997473036511522, 11.605335155540095 ], [ 75.997473036511522, 11.59994526383538 ], [ 75.99837135179564, 11.59994526383538 ], [ 75.99837135179564, 11.599046948551262 ], [ 75.996574721227404, 11.599046948551262 ], [ 75.996574721227404, 11.599945263835382 ], [ 75.994778090659167, 11.599945263835382 ], [ 75.994778090659167, 11.600843579119502 ], [ 75.996574721227404, 11.600843579119502 ], [ 75.996574721227404, 11.604436840255978 ], [ 75.995676405943286, 11.60443684025598 ], [ 75.995676405943286, 11.607131786108338 ], [ 75.997473036511522, 11.607131786108338 ], [ 75.997473036511522, 11.608030101392457 ], [ 75.996574721227404, 11.608030101392457 ], [ 75.996574721227404, 11.609826731960695 ], [ 75.995676405943286, 11.609826731960696 ], [ 75.995676405943286, 11.60803010139246 ], [ 75.994778090659167, 11.608030101392457 ], [ 75.994778090659167, 11.604436840255978 ], [ 75.993879775375049, 11.604436840255982 ], [ 75.993879775375049, 11.605335155540097 ], [ 75.992083144806799, 11.6053351555401 ], [ 75.992083144806799, 11.606233470824217 ], [ 75.99118482952268, 11.606233470824215 ], [ 75.99118482952268, 11.60803010139246 ], [ 75.989388198954444, 11.608030101392458 ], [ 75.989388198954444, 11.608928416676576 ], [ 75.988489883670326, 11.608928416676575 ], [ 75.988489883670326, 11.609826731960695 ], [ 75.987591568386208, 11.609826731960698 ], [ 75.987591568386208, 11.610725047244816 ], [ 75.986693253102089, 11.610725047244816 ], [ 75.986693253102089, 11.609826731960696 ], [ 75.985794937817971, 11.609826731960696 ], [ 75.985794937817971, 11.611623362528933 ], [ 75.984896622533853, 11.611623362528935 ], [ 75.984896622533853, 11.612521677813053 ], [ 75.985794937817971, 11.612521677813053 ], [ 75.985794937817971, 11.613419993097171 ], [ 75.986693253102089, 11.613419993097173 ], [ 75.986693253102089, 11.614318308381293 ], [ 75.987591568386208, 11.614318308381295 ], [ 75.987591568386208, 11.616114938949533 ], [ 75.984896622533853, 11.616114938949531 ], [ 75.984896622533853, 11.617013254233653 ] ], [ [ 75.99837135179564, 11.611623362528936 ], [ 75.99837135179564, 11.610725047244816 ], [ 75.999269667079759, 11.610725047244816 ], [ 75.999269667079759, 11.611623362528935 ], [ 75.99837135179564, 11.611623362528936 ] ], [ [ 75.999269667079759, 11.610725047244816 ], [ 75.999269667079759, 11.609826731960695 ], [ 76.000167982363877, 11.609826731960695 ], [ 76.000167982363877, 11.610725047244816 ], [ 75.999269667079759, 11.610725047244816 ] ], [ [ 75.999269667079759, 11.609826731960695 ], [ 75.99837135179564, 11.609826731960695 ], [ 75.99837135179564, 11.608928416676575 ], [ 75.999269667079759, 11.608928416676576 ], [ 75.999269667079759, 11.609826731960695 ] ], [ [ 75.999269667079759, 11.604436840255978 ], [ 76.001066297647995, 11.60443684025598 ], [ 76.001066297647995, 11.605335155540098 ], [ 75.999269667079759, 11.605335155540098 ], [ 75.999269667079759, 11.604436840255978 ] ], [ [ 76.001066297647995, 11.605335155540098 ], [ 76.001964612932127, 11.605335155540097 ], [ 76.001964612932127, 11.607131786108337 ], [ 76.000167982363877, 11.607131786108338 ], [ 76.000167982363877, 11.608030101392455 ], [ 75.99837135179564, 11.608030101392457 ], [ 75.99837135179564, 11.607131786108335 ], [ 75.999269667079759, 11.607131786108338 ], [ 75.999269667079759, 11.606233470824218 ], [ 76.001066297647995, 11.606233470824217 ], [ 76.001066297647995, 11.605335155540098 ] ], [ [ 75.997473036511522, 11.605335155540095 ], [ 75.997473036511522, 11.606233470824215 ], [ 75.996574721227404, 11.606233470824218 ], [ 75.996574721227404, 11.605335155540098 ], [ 75.997473036511522, 11.605335155540095 ] ] ], [ [ [ 75.984896622533853, 11.616114938949531 ], [ 75.984896622533853, 11.615216623665413 ], [ 75.983099991965616, 11.615216623665411 ], [ 75.983099991965616, 11.616114938949533 ], [ 75.984896622533853, 11.616114938949531 ] ] ], [ [ [ 75.99837135179564, 11.613419993097171 ], [ 75.997473036511522, 11.613419993097173 ], [ 75.997473036511522, 11.612521677813053 ], [ 75.996574721227404, 11.612521677813055 ], [ 75.996574721227404, 11.614318308381291 ], [ 75.99837135179564, 11.614318308381295 ], [ 75.99837135179564, 11.613419993097171 ] ] ], [ [ [ 75.996574721227404, 11.614318308381291 ], [ 75.994778090659167, 11.614318308381293 ], [ 75.994778090659167, 11.615216623665415 ], [ 75.996574721227404, 11.615216623665416 ], [ 75.996574721227404, 11.614318308381291 ] ] ], [ [ [ 75.994778090659167, 11.615216623665415 ], [ 75.993879775375049, 11.615216623665413 ], [ 75.993879775375049, 11.616114938949533 ], [ 75.994778090659167, 11.616114938949531 ], [ 75.994778090659167, 11.615216623665415 ] ] ] ] } },
{ "type": "Feature", "properties": { "hotspot_id": 18, "area_km2": 1.8092223235279523, "mean_risk": 0.5927, "max_risk": 1.0, "built_area_km2": 0.1809 }, "geometry": { "type": "MultiPolygon", "coordinates": [ [ [ [ 75.986693253102089, 11.705048152077365 ], [ 75.989388198954444, 11.705048152077365 ], [ 75.989388198954444, 11.705946467361484 ], [ 75.990286514238562, 11.705946467361482 ], [ 75.990286514238562, 11.705048152077367 ], [ 75.99118482952268, 11.705048152077365 ], [ 75.99118482952268, 11.709539728497964 ], [ 75.992981460090931, 11.709539728497964 ], [ 75.992981460090931, 11.708641413213844 ], [ 75.993879775375049, 11.708641413213844 ], [ 75.993879775375049, 11.705048152077364 ], [ 75.995676405943286, 11.705048152077364 ], [ 75.995676405943286, 11.704149836793242 ], [ 75.996574721227404, 11.704149836793245 ], [ 75.996574721227404, 11.705048152077365 ], [ 75.997473036511522, 11.705048152077364 ], [ 75.997473036511522, 11.705946467361482 ], [ 75.99837135179564, 11.705946467361484 ], [ 75.99837135179564, 11.707743097929724 ], [ 75.999269667079759, 11.707743097929722 ], [ 75.999269667079759, 11.708641413213845 ], [ 76.001964612932127, 11.708641413213845 ], [ 76.001964612932127, 11.709539728497962 ], [ 76.002862928216246, 11.709539728497964 ], [ 76.002862928216246, 11.711336359066204 ], [ 76.003761243500364, 11.7113363590662 ], [ 76.003761243500364, 11.712234674350324 ], [ 76.0055578740686, 11.712234674350324 ], [ 76.0055578740686, 11.7113363590662 ], [ 76.006456189352718, 11.711336359066202 ], [ 76.006456189352718, 11.708641413213844 ], [ 76.0055578740686, 11.708641413213847 ], [ 76.0055578740686, 11.707743097929724 ], [ 76.004659558784482, 11.707743097929722 ], [ 76.004659558784482, 11.706844782645604 ], [ 76.003761243500364, 11.706844782645605 ], [ 76.003761243500364, 11.705946467361482 ], [ 76.004659558784482, 11.705946467361484 ], [ 76.004659558784482, 11.704149836793247 ], [ 76.003761243500364, 11.704149836793242 ], [ 76.003761243500364, 11.703251521509124 ], [ 76.001066297647995, 11.703251521509124 ], [ 76.001066297647995, 11.698759945088529 ], [ 76.001964612932127, 11.698759945088527 ], [ 76.001964612932127, 11.700556575656766 ], [ 76.003761243500364, 11.700556575656767 ], [ 76.003761243500364, 11.699658260372647 ], [ 76.006456189352718, 11.699658260372647 ], [ 76.006456189352718, 11.698759945088527 ], [ 76.003761243500364, 11.698759945088529 ], [ 76.003761243500364, 11.697861629804411 ], [ 76.002862928216246, 11.697861629804413 ], [ 76.002862928216246, 11.696064999236171 ], [ 76.004659558784482, 11.696064999236169 ], [ 76.004659558784482, 11.695166683952049 ], [ 76.0055578740686, 11.695166683952051 ], [ 76.0055578740686, 11.693370053383813 ], [ 76.002862928216246, 11.693370053383813 ], [ 76.002862928216246, 11.694268368667929 ], [ 76.001964612932127, 11.694268368667933 ], [ 76.001964612932127, 11.696064999236171 ], [ 76.000167982363877, 11.696064999236171 ], [ 76.000167982363877, 11.695166683952051 ], [ 75.999269667079759, 11.695166683952053 ], [ 75.999269667079759, 11.696064999236169 ], [ 75.99837135179564, 11.696064999236171 ], [ 75.99837135179564, 11.696963314520289 ], [ 75.999269667079759, 11.696963314520287 ], [ 75.999269667079759, 11.700556575656766 ], [ 75.99837135179564, 11.700556575656766 ], [ 75.99837135179564, 11.703251521509124 ], [ 75.995676405943286, 11.703251521509127 ], [ 75.995676405943286, 11.701454890940889 ], [ 75.997473036511522, 11.701454890940887 ], [ 75.997473036511522, 11.698759945088526 ], [ 75.995676405943286, 11.698759945088531 ], [ 75.995676405943286, 11.699658260372647 ], [ 75.994778090659167, 11.699658260372646 ], [ 75.994778090659167, 11.700556575656767 ], [ 75.993879775375049, 11.700556575656764 ], [ 75.993879775375049, 11.699658260372647 ], [ 75.992981460090931, 11.699658260372649 ], [ 75.992981460090931, 11.697861629804411 ], [ 75.994778090659167, 11.697861629804411 ], [ 75.994778090659167, 11.696963314520287 ], [ 75.992981460090931, 11.696963314520289 ], [ 75.992981460090931, 11.695166683952049 ], [ 75.99118482952268, 11.695166683952053 ], [ 75.99118482952268, 11.696064999236169 ], [ 75.990286514238562, 11.696064999236169 ], [ 75.990286514238562, 11.697861629804411 ], [ 75.99118482952268, 11.697861629804409 ], [ 75.99118482952268, 11.698759945088529 ], [ 75.990286514238562, 11.698759945088527 ], [ 75.990286514238562, 11.699658260372649 ], [ 75.989388198954444, 11.699658260372649 ], [ 75.989388198954444, 11.702353206225006 ], [ 75.987591568386208, 11.702353206225006 ], [ 75.987591568386208, 11.704149836793244 ], [ 75.986693253102089, 11.704149836793245 ], [ 75.986693253102089, 11.705048152077365 ] ], [ [ 76.002862928216246, 11.709539728497964 ], [ 76.002862928216246, 11.708641413213847 ], [ 76.003761243500364, 11.708641413213844 ], [ 76.003761243500364, 11.709539728497962 ], [ 76.002862928216246, 11.709539728497964 ] ], [ [ 76.001066297647995, 11.706844782645602 ], [ 76.001066297647995, 11.705946467361484 ], [ 76.000167982363877, 11.705946467361484 ], [ 76.000167982363877, 11.705048152077365 ], [ 76.001066297647995, 11.705048152077364 ], [ 76.001066297647995, 11.704149836793242 ], [ 76.001964612932127, 11.704149836793244 ], [ 76.001964612932127, 11.705946467361485 ], [ 76.002862928216246, 11.705946467361484 ], [ 76.002862928216246, 11.706844782645605 ], [ 76.001066297647995, 11.706844782645602 ] ], [ [ 75.992981460090931, 11.703251521509122 ], [ 75.992981460090931, 11.702353206225006 ], [ 75.993879775375049, 11.702353206225006 ], [ 75.993879775375049, 11.703251521509127 ], [ 75.992981460090931, 11.703251521509122 ] ] ], [ [ [ 75.986693253102089, 11.705048152077365 ], [ 75.985794937817971, 11.705048152077367 ], [ 75.985794937817971, 11.706844782645602 ], [ 75.986693253102089, 11.706844782645605 ], [ 75.986693253102089, 11.705048152077365 ] ] ], [ [ [ 76.0055578740686, 11.693370053383813 ], [ 76.006456189352718, 11.693370053383815 ], [ 76.006456189352718, 11.692471738099693 ], [ 76.0055578740686, 11.692471738099691 ], [ 76.0055578740686, 11.693370053383813 ] ] ] ] } },
{ "type": "Feature", "properties": { "hotspot_id": 19, "area_km2": 1.6824807230724474, "mean_risk": 0.31, "max_risk": 0.4836, "built_area_km2": 1.007 }, "geometry": { "type": "MultiPolygon", "coordinates": [ [ [ [ 75.997473036511522, 11.750862231567464 ], [ 76.003761243500364, 11.750862231567462 ], [ 76.003761243500364, 11.752658862135698 ], [ 76.002862928216246, 11.752658862135698 ], [ 76.002862928216246, 11.75445549270394 ], [ 76.006456189352718, 11.754455492703938 ], [ 76.006456189352718, 11.756252123272178 ], [ 76.0055578740686, 11.756252123272178 ], [ 76.0055578740686, 11.757150438556298 ], [ 76.004659558784482, 11.7571504385563 ], [ 76.004659558784482, 11.756252123272178 ], [ 76.002862928216246, 11.756252123272178 ], [ 76.002862928216246, 11.757150438556298 ], [ 76.001964612932127, 11.757150438556298 ], [ 76.001964612932127, 11.758048753840418 ], [ 76.001066297647995, 11.758048753840418 ], [ 76.001066297647995, 11.758947069124536 ], [ 76.003761243500364, 11.758947069124536 ], [ 76.003761243500364, 11.758048753840416 ], [ 76.004659558784482, 11.758048753840416 ], [ 76.004659558784482, 11.758947069124536 ], [ 76.0055578740686, 11.758947069124538 ], [ 76.0055578740686, 11.760743699692775 ], [ 76.007354504636837, 11.760743699692773 ], [ 76.007354504636837, 11.759845384408655 ], [ 76.009151135205087, 11.759845384408656 ], [ 76.009151135205087, 11.760743699692771 ], [ 76.010049450489191, 11.760743699692776 ], [ 76.010049450489191, 11.761642014976896 ], [ 76.010947765773309, 11.761642014976895 ], [ 76.010947765773309, 11.762540330261015 ], [ 76.011846081057442, 11.762540330261013 ], [ 76.011846081057442, 11.759845384408658 ], [ 76.010947765773309, 11.759845384408656 ], [ 76.010947765773309, 11.758048753840416 ], [ 76.010049450489191, 11.758048753840418 ], [ 76.010049450489191, 11.756252123272176 ], [ 76.009151135205087, 11.756252123272176 ], [ 76.009151135205087, 11.752658862135698 ], [ 76.010947765773309, 11.752658862135698 ], [ 76.010947765773309, 11.753557177419818 ], [ 76.011846081057442, 11.753557177419816 ], [ 76.011846081057442, 11.75445549270394 ], [ 76.01274439634156, 11.754455492703942 ], [ 76.01274439634156, 11.75086223156746 ], [ 76.013642711625678, 11.750862231567462 ], [ 76.013642711625678, 11.749963916283342 ], [ 76.01274439634156, 11.74996391628334 ], [ 76.01274439634156, 11.74906560099922 ], [ 76.011846081057442, 11.749065600999218 ], [ 76.011846081057442, 11.74996391628334 ], [ 76.010947765773309, 11.749963916283342 ], [ 76.010947765773309, 11.75086223156746 ], [ 76.009151135205087, 11.750862231567462 ], [ 76.009151135205087, 11.751760546851578 ], [ 76.007354504636837, 11.751760546851578 ], [ 76.007354504636837, 11.752658862135696 ], [ 76.0055578740686, 11.752658862135698 ], [ 76.0055578740686, 11.751760546851578 ], [ 76.006456189352718, 11.75176054685158 ], [ 76.006456189352718, 11.750862231567464 ], [ 76.004659558784482, 11.750862231567464 ], [ 76.004659558784482, 11.74906560099922 ], [ 76.003761243500364, 11.74906560099922 ], [ 76.003761243500364, 11.748167285715105 ], [ 76.001964612932127, 11.748167285715104 ], [ 76.001964612932127, 11.749065600999222 ], [ 75.999269667079759, 11.749065600999222 ], [ 75.999269667079759, 11.748167285715105 ], [ 75.997473036511522, 11.748167285715105 ], [ 75.997473036511522, 11.750862231567464 ] ], [ [ 76.009151135205087, 11.756252123272176 ], [ 76.009151135205087, 11.757150438556298 ], [ 76.008252819920955, 11.757150438556298 ], [ 76.008252819920955, 11.756252123272176 ], [ 76.009151135205087, 11.756252123272176 ] ] ], [ [ [ 75.997473036511522, 11.750862231567464 ], [ 75.996574721227404, 11.750862231567464 ], [ 75.996574721227404, 11.75176054685158 ], [ 75.997473036511522, 11.751760546851578 ], [ 75.997473036511522, 11.750862231567464 ] ] ], [ [ [ 76.013642711625678, 11.749963916283342 ], [ 76.018134288046269, 11.74996391628334 ], [ 76.018134288046269, 11.75086223156746 ], [ 76.019032603330388, 11.750862231567462 ], [ 76.019032603330388, 11.752658862135698 ], [ 76.019930918614506, 11.752658862135696 ], [ 76.019930918614506, 11.753557177419816 ], [ 76.021727549182756, 11.753557177419818 ], [ 76.021727549182756, 11.754455492703938 ], [ 76.022625864466875, 11.754455492703942 ], [ 76.022625864466875, 11.757150438556302 ], [ 76.020829233898624, 11.7571504385563 ], [ 76.020829233898624, 11.758048753840416 ], [ 76.026219125603347, 11.758048753840418 ], [ 76.026219125603347, 11.758947069124538 ], [ 76.027117440887466, 11.758947069124536 ], [ 76.027117440887466, 11.759845384408656 ], [ 76.028015756171584, 11.759845384408656 ], [ 76.028015756171584, 11.760743699692775 ], [ 76.028914071455702, 11.760743699692776 ], [ 76.028914071455702, 11.762540330261015 ], [ 76.031609017308071, 11.762540330261013 ], [ 76.031609017308071, 11.761642014976895 ], [ 76.02981238673982, 11.761642014976893 ], [ 76.02981238673982, 11.758947069124536 ], [ 76.028914071455702, 11.758947069124535 ], [ 76.028914071455702, 11.7571504385563 ], [ 76.024422495035111, 11.757150438556296 ], [ 76.024422495035111, 11.755353807988058 ], [ 76.025320810319229, 11.755353807988056 ], [ 76.025320810319229, 11.756252123272176 ], [ 76.026219125603347, 11.756252123272178 ], [ 76.026219125603347, 11.755353807988058 ], [ 76.028015756171584, 11.755353807988056 ], [ 76.028015756171584, 11.754455492703936 ], [ 76.026219125603347, 11.754455492703938 ], [ 76.026219125603347, 11.753557177419816 ], [ 76.025320810319229, 11.75355717741982 ], [ 76.025320810319229, 11.752658862135696 ], [ 76.024422495035111, 11.752658862135695 ], [ 76.024422495035111, 11.75355717741982 ], [ 76.023524179750993, 11.753557177419818 ], [ 76.023524179750993, 11.752658862135698 ], [ 76.022625864466875, 11.752658862135695 ], [ 76.022625864466875, 11.751760546851575 ], [ 76.021727549182756, 11.751760546851578 ], [ 76.021727549182756, 11.750862231567464 ], [ 76.019930918614506, 11.750862231567462 ], [ 76.019930918614506, 11.74996391628334 ], [ 76.019032603330388, 11.749963916283342 ], [ 76.019032603330388, 11.748167285715105 ], [ 76.019930918614506, 11.748167285715104 ], [ 76.019930918614506, 11.747268970430985 ], [ 76.018134288046269, 11.747268970430985 ], [ 76.018134288046269, 11.748167285715102 ], [ 76.017235972762151, 11.748167285715104 ], [ 76.017235972762151, 11.749065600999224 ], [ 76.015439342193915, 11.749065600999222 ], [ 76.015439342193915, 11.746370655146862 ], [ 76.014541026909811, 11.746370655146864 ], [ 76.014541026909811, 11.747268970430982 ], [ 76.013642711625678, 11.747268970430985 ], [ 76.013642711625678, 11.748167285715105 ], [ 76.014541026909811, 11.748167285715105 ], [ 76.014541026909811, 11.749065600999222 ], [ 76.013642711625678, 11.749065600999222 ], [ 76.013642711625678, 11.749963916283342 ] ] ], [ [ [ 76.013642711625678, 11.747268970430985 ], [ 76.013642711625678, 11.746370655146862 ], [ 76.011846081057442, 11.746370655146864 ], [ 76.011846081057442, 11.748167285715105 ], [ 76.01274439634156, 11.748167285715105 ], [ 76.01274439634156, 11.747268970430985 ], [ 76.013642711625678, 11.747268970430985 ] ] ], [ [ [ 76.028914071455702, 11.762540330261015 ], [ 76.028015756171584, 11.762540330261013 ], [ 76.028015756171584, 11.764336960829253 ], [ 76.028914071455702, 11.764336960829253 ], [ 76.028914071455702, 11.762540330261015 ] ] ], [ [ [ 76.001066297647995, 11.758947069124536 ], [ 76.000167982363877, 11.758947069124536 ], [ 76.000167982363877, 11.759845384408658 ], [ 76.001066297647995, 11.759845384408658 ], [ 76.001066297647995, 11.758947069124536 ] ] ] ] } },
{ "type": "Feature", "properties": { "hotspot_id": 20, "area_km2": 1.5468317080209457, "mean_risk": 0.3098, "max_risk": 0.3385, "built_area_km2": 0.9693 }, "geometry": { "type": "MultiPolygon", "coordinates": [ [ [ [ 76.072033205093447, 11.682590269974376 ], [ 76.073829835661684, 11.682590269974378 ], [ 76.073829835661684, 11.681691954690256 ], [ 76.07562646622992, 11.68169195469026 ], [ 76.07562646622992, 11.6789970088379 ], [ 76.074728150945802, 11.678997008837904 ], [ 76.074728150945802, 11.678098693553776 ], [ 76.07562646622992, 11.678098693553776 ], [ 76.07562646622992, 11.677200378269658 ], [ 76.077423096798157, 11.677200378269657 ], [ 76.077423096798157, 11.676302062985542 ], [ 76.078321412082275, 11.676302062985542 ], [ 76.078321412082275, 11.675403747701422 ], [ 76.080118042650525, 11.675403747701422 ], [ 76.080118042650525, 11.672708801849062 ], [ 76.081914673218762, 11.672708801849062 ], [ 76.081914673218762, 11.674505432417304 ], [ 76.08281298850288, 11.674505432417304 ], [ 76.08281298850288, 11.673607117133178 ], [ 76.084609619071117, 11.673607117133182 ], [ 76.084609619071117, 11.674505432417304 ], [ 76.087304564923471, 11.674505432417305 ], [ 76.087304564923471, 11.673607117133182 ], [ 76.086406249639353, 11.67360711713318 ], [ 76.086406249639353, 11.671810486564942 ], [ 76.088202880207589, 11.671810486564944 ], [ 76.088202880207589, 11.672708801849064 ], [ 76.08999951077584, 11.672708801849064 ], [ 76.08999951077584, 11.671810486564942 ], [ 76.090897826059958, 11.671810486564942 ], [ 76.090897826059958, 11.670912171280822 ], [ 76.091796141344076, 11.670912171280822 ], [ 76.091796141344076, 11.669115540712584 ], [ 76.089101195491708, 11.669115540712585 ], [ 76.089101195491708, 11.670013855996704 ], [ 76.087304564923471, 11.670013855996705 ], [ 76.087304564923471, 11.670912171280822 ], [ 76.085507934355235, 11.670912171280824 ], [ 76.085507934355235, 11.671810486564944 ], [ 76.081914673218762, 11.671810486564942 ], [ 76.081914673218762, 11.670912171280825 ], [ 76.08281298850288, 11.670912171280822 ], [ 76.08281298850288, 11.670013855996702 ], [ 76.084609619071117, 11.670013855996702 ], [ 76.084609619071117, 11.667318910144344 ], [ 76.083711303786998, 11.667318910144346 ], [ 76.083711303786998, 11.668217225428464 ], [ 76.081914673218762, 11.668217225428464 ], [ 76.081914673218762, 11.666420594860224 ], [ 76.081016357934644, 11.666420594860226 ], [ 76.081016357934644, 11.665522279576107 ], [ 76.079219727366393, 11.665522279576107 ], [ 76.079219727366393, 11.667318910144344 ], [ 76.078321412082275, 11.667318910144344 ], [ 76.078321412082275, 11.668217225428466 ], [ 76.079219727366393, 11.668217225428466 ], [ 76.079219727366393, 11.669115540712587 ], [ 76.078321412082275, 11.669115540712584 ], [ 76.078321412082275, 11.670013855996705 ], [ 76.077423096798157, 11.670013855996705 ], [ 76.077423096798157, 11.669115540712584 ], [ 76.076524781514038, 11.669115540712585 ], [ 76.076524781514038, 11.667318910144346 ], [ 76.07562646622992, 11.667318910144346 ], [ 76.07562646622992, 11.670912171280822 ], [ 76.074728150945802, 11.670912171280822 ], [ 76.074728150945802, 11.670013855996705 ], [ 76.073829835661684, 11.670013855996704 ], [ 76.073829835661684, 11.669115540712587 ], [ 76.072033205093447, 11.669115540712584 ], [ 76.072033205093447, 11.670013855996704 ], [ 76.071134889809329, 11.670013855996704 ], [ 76.071134889809329, 11.670912171280822 ], [ 76.06843994395696, 11.670912171280824 ], [ 76.06843994395696, 11.671810486564942 ], [ 76.066643313388724, 11.671810486564942 ], [ 76.066643313388724, 11.670912171280822 ], [ 76.065744998104606, 11.670912171280824 ], [ 76.065744998104606, 11.673607117133178 ], [ 76.066643313388724, 11.67360711713318 ], [ 76.066643313388724, 11.672708801849064 ], [ 76.070236574525211, 11.672708801849062 ], [ 76.070236574525211, 11.67181048656494 ], [ 76.072033205093447, 11.671810486564942 ], [ 76.072033205093447, 11.67360711713318 ], [ 76.073829835661684, 11.67360711713318 ], [ 76.073829835661684, 11.675403747701422 ], [ 76.072931520377566, 11.67540374770142 ], [ 76.072931520377566, 11.676302062985538 ], [ 76.073829835661684, 11.676302062985542 ], [ 76.073829835661684, 11.677200378269662 ], [ 76.072931520377566, 11.67720037826966 ], [ 76.072931520377566, 11.678098693553778 ], [ 76.072033205093447, 11.678098693553775 ], [ 76.072033205093447, 11.678997008837898 ], [ 76.071134889809329, 11.678997008837898 ], [ 76.071134889809329, 11.681691954690258 ], [ 76.072033205093447, 11.681691954690258 ], [ 76.072033205093447, 11.682590269974376 ] ], [ [ 76.078321412082275, 11.675403747701422 ], [ 76.077423096798157, 11.675403747701418 ], [ 76.077423096798157, 11.674505432417305 ], [ 76.078321412082275, 11.674505432417304 ], [ 76.078321412082275, 11.675403747701422 ] ], [ [ 76.080118042650525, 11.670912171280824 ], [ 76.080118042650525, 11.669115540712585 ], [ 76.081016357934644, 11.669115540712585 ], [ 76.081016357934644, 11.670912171280822 ], [ 76.080118042650525, 11.670912171280824 ] ] ], [ [ [ 76.084609619071117, 11.667318910144344 ], [ 76.085507934355235, 11.667318910144347 ], [ 76.085507934355235, 11.666420594860224 ], [ 76.084609619071117, 11.666420594860224 ], [ 76.084609619071117, 11.667318910144344 ] ] ], [ [ [ 76.078321412082275, 11.676302062985542 ], [ 76.078321412082275, 11.677200378269658 ], [ 76.079219727366393, 11.67720037826966 ], [ 76.079219727366393, 11.676302062985542 ], [ 76.078321412082275, 11.676302062985542 ] ] ] ] } },
{ "type": "Feature", "properties": { "hotspot_id": 21, "area_km2": 1.4692267716912613, "mean_risk": 0.3056, "max_risk": 0.3398, "built_area_km2": 0.9265 }, "geometry": { "type": "MultiPolygon", "coordinates": [ [ [ [ 76.109762447026469, 11.636776190484278 ], [ 76.109762447026469, 11.635877875200162 ], [ 76.110660762310587, 11.635877875200162 ], [ 76.110660762310587, 11.634979559916044 ], [ 76.112457392878824, 11.634979559916045 ], [ 76.112457392878824, 11.638572821052518 ], [ 76.110660762310587, 11.638572821052524 ], [ 76.110660762310587, 11.640369451620758 ], [ 76.108864131742337, 11.64036945162076 ], [ 76.108864131742337, 11.641267766904877 ], [ 76.109762447026469, 11.641267766904877 ], [ 76.109762447026469, 11.642166082188998 ], [ 76.110660762310587, 11.642166082189 ], [ 76.110660762310587, 11.643064397473117 ], [ 76.11155907759472, 11.643064397473118 ], [ 76.11155907759472, 11.643962712757236 ], [ 76.112457392878824, 11.643962712757236 ], [ 76.112457392878824, 11.644861028041356 ], [ 76.113355708162942, 11.644861028041355 ], [ 76.113355708162942, 11.645759343325476 ], [ 76.11425402344706, 11.645759343325475 ], [ 76.11425402344706, 11.646657658609595 ], [ 76.115152338731178, 11.646657658609593 ], [ 76.115152338731178, 11.644861028041358 ], [ 76.11425402344706, 11.644861028041356 ], [ 76.11425402344706, 11.643962712757236 ], [ 76.113355708162942, 11.64396271275724 ], [ 76.113355708162942, 11.642166082188997 ], [ 76.11425402344706, 11.642166082188997 ], [ 76.11425402344706, 11.643064397473117 ], [ 76.115152338731178, 11.643064397473117 ], [ 76.115152338731178, 11.643962712757236 ], [ 76.116050654015297, 11.64396271275724 ], [ 76.116050654015297, 11.644861028041358 ], [ 76.116948969299415, 11.644861028041356 ], [ 76.116948969299415, 11.643962712757236 ], [ 76.117847284583533, 11.643962712757238 ], [ 76.117847284583533, 11.644861028041356 ], [ 76.118745599867651, 11.644861028041356 ], [ 76.118745599867651, 11.641267766904877 ], [ 76.119643915151784, 11.64126776690488 ], [ 76.119643915151784, 11.642166082188998 ], [ 76.120542230435902, 11.642166082189 ], [ 76.120542230435902, 11.640369451620762 ], [ 76.119643915151784, 11.64036945162076 ], [ 76.119643915151784, 11.639471136336638 ], [ 76.117847284583533, 11.639471136336637 ], [ 76.117847284583533, 11.63857282105252 ], [ 76.116050654015297, 11.63857282105252 ], [ 76.116050654015297, 11.636776190484284 ], [ 76.116948969299415, 11.636776190484284 ], [ 76.116948969299415, 11.635877875200164 ], [ 76.117847284583533, 11.635877875200162 ], [ 76.117847284583533, 11.634081244631926 ], [ 76.116050654015297, 11.634081244631922 ], [ 76.116050654015297, 11.630487983495444 ], [ 76.115152338731178, 11.630487983495444 ], [ 76.115152338731178, 11.631386298779566 ], [ 76.112457392878824, 11.631386298779566 ], [ 76.112457392878824, 11.633182929347802 ], [ 76.109762447026469, 11.633182929347804 ], [ 76.109762447026469, 11.634081244631922 ], [ 76.107965816458218, 11.634081244631924 ], [ 76.107965816458218, 11.634979559916042 ], [ 76.108864131742337, 11.634979559916044 ], [ 76.108864131742337, 11.63677619048428 ], [ 76.109762447026469, 11.636776190484278 ] ], [ [ 76.115152338731178, 11.643064397473117 ], [ 76.115152338731178, 11.642166082188998 ], [ 76.116050654015297, 11.642166082188998 ], [ 76.116050654015297, 11.643064397473115 ], [ 76.115152338731178, 11.643064397473117 ] ], [ [ 76.117847284583533, 11.639471136336637 ], [ 76.117847284583533, 11.64036945162076 ], [ 76.116948969299415, 11.640369451620762 ], [ 76.116948969299415, 11.639471136336637 ], [ 76.117847284583533, 11.639471136336637 ] ], [ [ 76.113355708162942, 11.633182929347804 ], [ 76.113355708162942, 11.632284614063684 ], [ 76.11425402344706, 11.632284614063684 ], [ 76.11425402344706, 11.633182929347802 ], [ 76.113355708162942, 11.633182929347804 ] ], [ [ 76.11155907759472, 11.640369451620758 ], [ 76.11155907759472, 11.639471136336638 ], [ 76.112457392878824, 11.639471136336637 ], [ 76.112457392878824, 11.640369451620758 ], [ 76.11155907759472, 11.640369451620758 ] ] ], [ [ [ 76.109762447026469, 11.636776190484278 ], [ 76.109762447026469, 11.637674505768402 ], [ 76.110660762310587, 11.6376745057684 ], [ 76.110660762310587, 11.636776190484282 ], [ 76.109762447026469, 11.636776190484278 ] ] ], [ [ [ 76.117847284583533, 11.634081244631926 ], [ 76.118745599867651, 11.634081244631924 ], [ 76.118745599867651, 11.634979559916044 ], [ 76.120542230435902, 11.634979559916044 ], [ 76.120542230435902, 11.635877875200162 ], [ 76.12144054572002, 11.63587787520016 ], [ 76.12144054572002, 11.636776190484284 ], [ 76.120542230435902, 11.63677619048428 ], [ 76.120542230435902, 11.637674505768404 ], [ 76.122338861004138, 11.637674505768404 ], [ 76.122338861004138, 11.634979559916042 ], [ 76.12144054572002, 11.634979559916044 ], [ 76.12144054572002, 11.634081244631922 ], [ 76.122338861004138, 11.634081244631926 ], [ 76.122338861004138, 11.632284614063682 ], [ 76.125932122140611, 11.632284614063684 ], [ 76.125932122140611, 11.631386298779564 ], [ 76.123237176288256, 11.631386298779564 ], [ 76.123237176288256, 11.629589668211324 ], [ 76.122338861004138, 11.629589668211327 ], [ 76.122338861004138, 11.630487983495444 ], [ 76.12144054572002, 11.630487983495446 ], [ 76.12144054572002, 11.633182929347804 ], [ 76.120542230435902, 11.633182929347804 ], [ 76.120542230435902, 11.631386298779566 ], [ 76.118745599867651, 11.631386298779567 ], [ 76.118745599867651, 11.632284614063682 ], [ 76.117847284583533, 11.632284614063684 ], [ 76.117847284583533, 11.634081244631926 ] ] ], [ [ [ 76.125932122140611, 11.631386298779564 ], [ 76.126830437424729, 11.631386298779566 ], [ 76.126830437424729, 11.630487983495446 ], [ 76.129525383277098, 11.630487983495446 ], [ 76.129525383277098, 11.629589668211326 ], [ 76.130423698561216, 11.629589668211327 ], [ 76.130423698561216, 11.628691352927204 ], [ 76.129525383277098, 11.628691352927204 ], [ 76.129525383277098, 11.627793037643089 ], [ 76.126830437424729, 11.627793037643089 ], [ 76.126830437424729, 11.629589668211326 ], [ 76.125033806856493, 11.629589668211324 ], [ 76.125033806856493, 11.630487983495444 ], [ 76.125932122140611, 11.630487983495444 ], [ 76.125932122140611, 11.631386298779564 ] ] ], [ [ [ 76.130423698561216, 11.628691352927204 ], [ 76.132220329129453, 11.628691352927204 ], [ 76.132220329129453, 11.627793037643086 ], [ 76.130423698561216, 11.627793037643087 ], [ 76.130423698561216, 11.628691352927204 ] ] ] ] } },
{ "type": "Feature", "properties": { "hotspot_id": 22, "area_km2": 1.4591917935323335, "mean_risk": 0.6015, "max_risk": 1.0, "built_area_km2": 0.1415 }, "geometry": { "type": "MultiPolygon", "coordinates": [ [ [ [ 76.023524179750993, 11.677200378269662 ], [ 76.023524179750993, 11.6789970088379 ], [ 76.024422495035111, 11.678997008837896 ], [ 76.024422495035111, 11.679895324122016 ], [ 76.025320810319229, 11.679895324122016 ], [ 76.025320810319229, 11.680793639406136 ], [ 76.026219125603347, 11.680793639406136 ], [ 76.026219125603347, 11.681691954690258 ], [ 76.024422495035111, 11.681691954690258 ], [ 76.024422495035111, 11.680793639406136 ], [ 76.023524179750993, 11.680793639406136 ], [ 76.023524179750993, 11.679895324122016 ], [ 76.021727549182756, 11.679895324122015 ], [ 76.021727549182756, 11.68259026997438 ], [ 76.022625864466875, 11.682590269974376 ], [ 76.022625864466875, 11.684386900542616 ], [ 76.025320810319229, 11.684386900542616 ], [ 76.025320810319229, 11.685285215826736 ], [ 76.026219125603347, 11.685285215826736 ], [ 76.026219125603347, 11.686183531110858 ], [ 76.025320810319229, 11.686183531110858 ], [ 76.025320810319229, 11.687081846394971 ], [ 76.023524179750993, 11.687081846394973 ], [ 76.023524179750993, 11.688878476963211 ], [ 76.024422495035111, 11.688878476963215 ], [ 76.024422495035111, 11.689776792247333 ], [ 76.025320810319229, 11.689776792247331 ], [ 76.025320810319229, 11.688878476963211 ], [ 76.027117440887466, 11.688878476963215 ], [ 76.027117440887466, 11.687980161679093 ], [ 76.028015756171584, 11.687980161679091 ], [ 76.028015756171584, 11.687081846394973 ], [ 76.028914071455702, 11.687081846394971 ], [ 76.028914071455702, 11.685285215826738 ], [ 76.02981238673982, 11.685285215826738 ], [ 76.02981238673982, 11.684386900542616 ], [ 76.032507332592189, 11.684386900542616 ], [ 76.032507332592189, 11.683488585258496 ], [ 76.033405647876307, 11.683488585258496 ], [ 76.033405647876307, 11.681691954690255 ], [ 76.030710702023939, 11.68169195469026 ], [ 76.030710702023939, 11.682590269974375 ], [ 76.02981238673982, 11.682590269974376 ], [ 76.02981238673982, 11.68169195469026 ], [ 76.028015756171584, 11.68169195469026 ], [ 76.028015756171584, 11.680793639406135 ], [ 76.028914071455702, 11.680793639406135 ], [ 76.028914071455702, 11.679895324122013 ], [ 76.028015756171584, 11.679895324122016 ], [ 76.028015756171584, 11.678997008837898 ], [ 76.02981238673982, 11.678997008837902 ], [ 76.02981238673982, 11.676302062985542 ], [ 76.030710702023939, 11.676302062985542 ], [ 76.030710702023939, 11.675403747701424 ], [ 76.033405647876307, 11.675403747701422 ], [ 76.033405647876307, 11.676302062985542 ], [ 76.034303963160426, 11.676302062985542 ], [ 76.034303963160426, 11.677200378269657 ], [ 76.036100593728662, 11.67720037826966 ], [ 76.036100593728662, 11.67540374770142 ], [ 76.035202278444544, 11.67540374770142 ], [ 76.035202278444544, 11.67360711713318 ], [ 76.034303963160426, 11.67360711713318 ], [ 76.034303963160426, 11.670912171280822 ], [ 76.033405647876307, 11.670912171280825 ], [ 76.033405647876307, 11.671810486564942 ], [ 76.032507332592189, 11.671810486564942 ], [ 76.032507332592189, 11.67360711713318 ], [ 76.031609017308071, 11.673607117133182 ], [ 76.031609017308071, 11.6745054324173 ], [ 76.027117440887466, 11.674505432417302 ], [ 76.027117440887466, 11.675403747701422 ], [ 76.025320810319229, 11.67540374770142 ], [ 76.025320810319229, 11.676302062985542 ], [ 76.024422495035111, 11.676302062985542 ], [ 76.024422495035111, 11.677200378269658 ], [ 76.023524179750993, 11.677200378269662 ] ] ], [ [ [ 76.023524179750993, 11.677200378269662 ], [ 76.023524179750993, 11.676302062985544 ], [ 76.019930918614506, 11.676302062985542 ], [ 76.019930918614506, 11.67720037826966 ], [ 76.019032603330388, 11.67720037826966 ], [ 76.019032603330388, 11.678098693553776 ], [ 76.019930918614506, 11.67809869355378 ], [ 76.019930918614506, 11.678997008837898 ], [ 76.021727549182756, 11.678997008837902 ], [ 76.021727549182756, 11.678098693553775 ], [ 76.022625864466875, 11.678098693553778 ], [ 76.022625864466875, 11.677200378269657 ], [ 76.023524179750993, 11.677200378269662 ] ] ], [ [ [ 76.033405647876307, 11.681691954690255 ], [ 76.034303963160426, 11.681691954690258 ], [ 76.034303963160426, 11.682590269974376 ], [ 76.037897224296898, 11.682590269974376 ], [ 76.037897224296898, 11.680793639406138 ], [ 76.03699890901278, 11.680793639406138 ], [ 76.03699890901278, 11.679895324122015 ], [ 76.035202278444544, 11.679895324122016 ], [ 76.035202278444544, 11.678997008837896 ], [ 76.033405647876307, 11.678997008837898 ], [ 76.033405647876307, 11.681691954690255 ] ] ], [ [ [ 76.02981238673982, 11.678997008837902 ], [ 76.02981238673982, 11.679895324122018 ], [ 76.032507332592189, 11.679895324122016 ], [ 76.032507332592189, 11.678997008837898 ], [ 76.031609017308071, 11.678997008837898 ], [ 76.031609017308071, 11.678098693553778 ], [ 76.030710702023939, 11.678098693553776 ], [ 76.030710702023939, 11.6789970088379 ], [ 76.02981238673982, 11.678997008837902 ] ] ] ] } },
{ "type": "Feature", "properties": { "hotspot_id": 23, "area_km2": 1.4291519272288926, "mean_risk": 0.409, "max_risk": 1.0, "built_area_km2": 0.224 }, "geometry": { "type": "MultiPolygon", "coordinates": [ [ [ [ 76.020829233898624, 11.846981966968249 ], [ 76.020829233898624, 11.848778597536489 ], [ 76.021727549182756, 11.848778597536491 ], [ 76.021727549182756, 11.849676912820609 ], [ 76.022625864466875, 11.849676912820609 ], [ 76.022625864466875, 11.848778597536489 ], [ 76.023524179750993, 11.848778597536487 ], [ 76.023524179750993, 11.846981966968253 ], [ 76.024422495035111, 11.846981966968253 ], [ 76.024422495035111, 11.847880282252369 ], [ 76.026219125603347, 11.847880282252364 ], [ 76.026219125603347, 11.849676912820609 ], [ 76.027117440887466, 11.849676912820609 ], [ 76.027117440887466, 11.848778597536489 ], [ 76.028914071455702, 11.848778597536489 ], [ 76.028914071455702, 11.847880282252369 ], [ 76.02981238673982, 11.847880282252367 ], [ 76.02981238673982, 11.846083651684131 ], [ 76.028914071455702, 11.846083651684129 ], [ 76.028914071455702, 11.845185336400013 ], [ 76.028015756171584, 11.845185336400011 ], [ 76.028015756171584, 11.844287021115889 ], [ 76.026219125603347, 11.844287021115889 ], [ 76.026219125603347, 11.845185336400013 ], [ 76.024422495035111, 11.845185336400013 ], [ 76.024422495035111, 11.846083651684131 ], [ 76.022625864466875, 11.846083651684131 ], [ 76.022625864466875, 11.845185336400013 ], [ 76.021727549182756, 11.845185336400013 ], [ 76.021727549182756, 11.846981966968251 ], [ 76.020829233898624, 11.846981966968249 ] ] ], [ [ [ 76.020829233898624, 11.846981966968249 ], [ 76.020829233898624, 11.846083651684129 ], [ 76.018134288046269, 11.846083651684133 ], [ 76.018134288046269, 11.845185336400013 ], [ 76.017235972762151, 11.845185336400011 ], [ 76.017235972762151, 11.846981966968249 ], [ 76.016337657478033, 11.846981966968253 ], [ 76.016337657478033, 11.847880282252367 ], [ 76.011846081057442, 11.847880282252369 ], [ 76.011846081057442, 11.849676912820611 ], [ 76.01274439634156, 11.849676912820609 ], [ 76.01274439634156, 11.848778597536489 ], [ 76.014541026909811, 11.848778597536487 ], [ 76.014541026909811, 11.849676912820607 ], [ 76.017235972762151, 11.849676912820607 ], [ 76.017235972762151, 11.850575228104729 ], [ 76.016337657478033, 11.850575228104727 ], [ 76.016337657478033, 11.851473543388845 ], [ 76.018134288046269, 11.851473543388845 ], [ 76.018134288046269, 11.850575228104729 ], [ 76.019032603330388, 11.850575228104727 ], [ 76.019032603330388, 11.852371858672967 ], [ 76.019930918614506, 11.852371858672969 ], [ 76.019930918614506, 11.854168489241209 ], [ 76.020829233898624, 11.854168489241207 ], [ 76.020829233898624, 11.853270173957085 ], [ 76.021727549182756, 11.853270173957084 ], [ 76.021727549182756, 11.851473543388845 ], [ 76.019930918614506, 11.851473543388845 ], [ 76.019930918614506, 11.849676912820611 ], [ 76.018134288046269, 11.849676912820609 ], [ 76.018134288046269, 11.848778597536487 ], [ 76.019032603330388, 11.848778597536491 ], [ 76.019032603330388, 11.847880282252369 ], [ 76.019930918614506, 11.847880282252367 ], [ 76.019930918614506, 11.846981966968247 ], [ 76.020829233898624, 11.846981966968249 ] ] ], [ [ [ 76.027117440887466, 11.849676912820609 ], [ 76.027117440887466, 11.850575228104725 ], [ 76.028015756171584, 11.850575228104727 ], [ 76.028015756171584, 11.849676912820607 ], [ 76.027117440887466, 11.849676912820609 ] ] ], [ [ [ 76.028015756171584, 11.850575228104727 ], [ 76.028015756171584, 11.851473543388845 ], [ 76.028914071455702, 11.851473543388847 ], [ 76.028914071455702, 11.852371858672965 ], [ 76.02981238673982, 11.852371858672965 ], [ 76.02981238673982, 11.853270173957087 ], [ 76.030710702023939, 11.853270173957087 ], [ 76.030710702023939, 11.854168489241207 ], [ 76.033405647876307, 11.854168489241207 ], [ 76.033405647876307, 11.853270173957087 ], [ 76.034303963160426, 11.853270173957087 ], [ 76.034303963160426, 11.851473543388847 ], [ 76.036100593728662, 11.851473543388847 ], [ 76.036100593728662, 11.850575228104727 ], [ 76.037897224296898, 11.850575228104729 ], [ 76.037897224296898, 11.849676912820607 ], [ 76.038795539581017, 11.849676912820611 ], [ 76.038795539581017, 11.848778597536485 ], [ 76.037897224296898, 11.848778597536487 ], [ 76.037897224296898, 11.847880282252367 ], [ 76.03699890901278, 11.847880282252369 ], [ 76.03699890901278, 11.848778597536487 ], [ 76.036100593728662, 11.848778597536487 ], [ 76.036100593728662, 11.849676912820609 ], [ 76.033405647876307, 11.849676912820607 ], [ 76.033405647876307, 11.850575228104729 ], [ 76.032507332592189, 11.850575228104731 ], [ 76.032507332592189, 11.851473543388849 ], [ 76.031609017308071, 11.851473543388847 ], [ 76.031609017308071, 11.852371858672967 ], [ 76.030710702023939, 11.852371858672969 ], [ 76.030710702023939, 11.850575228104727 ], [ 76.02981238673982, 11.850575228104727 ], [ 76.02981238673982, 11.849676912820609 ], [ 76.028914071455702, 11.849676912820611 ], [ 76.028914071455702, 11.850575228104725 ], [ 76.028015756171584, 11.850575228104727 ] ] ], [ [ [ 76.028015756171584, 11.851473543388845 ], [ 76.027117440887466, 11.851473543388847 ], [ 76.027117440887466, 11.853270173957084 ], [ 76.028914071455702, 11.853270173957084 ], [ 76.028914071455702, 11.852371858672965 ], [ 76.028015756171584, 11.852371858672967 ], [ 76.028015756171584, 11.851473543388845 ] ] ], [ [ [ 76.028914071455702, 11.853270173957084 ], [ 76.028914071455702, 11.854168489241204 ], [ 76.02981238673982, 11.854168489241205 ], [ 76.02981238673982, 11.853270173957087 ], [ 76.028914071455702, 11.853270173957084 ] ] ], [ [ [ 76.037897224296898, 11.850575228104729 ], [ 76.037897224296898, 11.851473543388847 ], [ 76.038795539581017, 11.851473543388847 ], [ 76.038795539581017, 11.852371858672967 ], [ 76.039693854865135, 11.852371858672969 ], [ 76.039693854865135, 11.854168489241207 ], [ 76.038795539581017, 11.854168489241204 ], [ 76.038795539581017, 11.855965119809445 ], [ 76.040592170149253, 11.855965119809444 ], [ 76.040592170149253, 11.853270173957085 ], [ 76.041490485433386, 11.853270173957085 ], [ 76.041490485433386, 11.852371858672965 ], [ 76.043287116001622, 11.852371858672965 ], [ 76.043287116001622, 11.851473543388847 ], [ 76.045083746569858, 11.851473543388847 ], [ 76.045083746569858, 11.849676912820609 ], [ 76.045982061853977, 11.849676912820609 ], [ 76.045982061853977, 11.848778597536485 ], [ 76.045083746569858, 11.848778597536491 ], [ 76.045083746569858, 11.847880282252367 ], [ 76.04418543128574, 11.847880282252367 ], [ 76.04418543128574, 11.848778597536489 ], [ 76.042388800717504, 11.848778597536487 ], [ 76.042388800717504, 11.846981966968247 ], [ 76.041490485433386, 11.846981966968251 ], [ 76.041490485433386, 11.846083651684131 ], [ 76.040592170149253, 11.846083651684131 ], [ 76.040592170149253, 11.849676912820609 ], [ 76.038795539581017, 11.849676912820611 ], [ 76.038795539581017, 11.850575228104729 ], [ 76.037897224296898, 11.850575228104729 ] ] ], [ [ [ 76.037897224296898, 11.847880282252367 ], [ 76.039693854865135, 11.847880282252369 ], [ 76.039693854865135, 11.846083651684133 ], [ 76.03699890901278, 11.846083651684133 ], [ 76.03699890901278, 11.846981966968249 ], [ 76.037897224296898, 11.846981966968249 ], [ 76.037897224296898, 11.847880282252367 ] ] ] ] } },
{ "type": "Feature", "properties": { "hotspot_id": 24, "area_km2": 1.4008062703702164, "mean_risk": 0.6519, "max_risk": 1.0, "built_area_km2": 0.1049 }, "geometry": { "type": "Polygon", "coordinates": [ [ [ 76.017235972762151, 11.695166683952049 ], [ 76.019032603330388, 11.695166683952049 ], [ 76.019032603330388, 11.690675107531449 ], [ 76.017235972762151, 11.690675107531449 ], [ 76.017235972762151, 11.688878476963213 ], [ 76.018134288046269, 11.688878476963215 ], [ 76.018134288046269, 11.687980161679095 ], [ 76.020829233898624, 11.687980161679093 ], [ 76.020829233898624, 11.684386900542615 ], [ 76.019930918614506, 11.684386900542616 ], [ 76.019930918614506, 11.683488585258496 ], [ 76.019032603330388, 11.683488585258496 ], [ 76.019032603330388, 11.68169195469026 ], [ 76.018134288046269, 11.681691954690256 ], [ 76.018134288046269, 11.680793639406138 ], [ 76.017235972762151, 11.680793639406138 ], [ 76.017235972762151, 11.679895324122016 ], [ 76.018134288046269, 11.679895324122016 ], [ 76.018134288046269, 11.677200378269662 ], [ 76.017235972762151, 11.677200378269662 ], [ 76.017235972762151, 11.676302062985542 ], [ 76.019032603330388, 11.67630206298554 ], [ 76.019032603330388, 11.674505432417304 ], [ 76.018134288046269, 11.674505432417304 ], [ 76.018134288046269, 11.672708801849064 ], [ 76.017235972762151, 11.672708801849064 ], [ 76.017235972762151, 11.671810486564942 ], [ 76.018134288046269, 11.671810486564944 ], [ 76.018134288046269, 11.670912171280825 ], [ 76.017235972762151, 11.670912171280822 ], [ 76.017235972762151, 11.670013855996702 ], [ 76.01274439634156, 11.670013855996705 ], [ 76.01274439634156, 11.669115540712582 ], [ 76.009151135205087, 11.669115540712585 ], [ 76.009151135205087, 11.670013855996704 ], [ 76.008252819920955, 11.670013855996702 ], [ 76.008252819920955, 11.671810486564944 ], [ 76.009151135205087, 11.671810486564944 ], [ 76.009151135205087, 11.672708801849064 ], [ 76.010947765773309, 11.672708801849062 ], [ 76.010947765773309, 11.67360711713318 ], [ 76.011846081057442, 11.67360711713318 ], [ 76.011846081057442, 11.672708801849064 ], [ 76.014541026909811, 11.672708801849062 ], [ 76.014541026909811, 11.67360711713318 ], [ 76.015439342193915, 11.673607117133184 ], [ 76.015439342193915, 11.678098693553778 ], [ 76.016337657478033, 11.67809869355378 ], [ 76.016337657478033, 11.680793639406136 ], [ 76.015439342193915, 11.680793639406136 ], [ 76.015439342193915, 11.681691954690256 ], [ 76.016337657478033, 11.681691954690255 ], [ 76.016337657478033, 11.682590269974378 ], [ 76.015439342193915, 11.682590269974376 ], [ 76.015439342193915, 11.687081846394975 ], [ 76.014541026909811, 11.687081846394975 ], [ 76.014541026909811, 11.686183531110856 ], [ 76.01274439634156, 11.686183531110858 ], [ 76.01274439634156, 11.685285215826736 ], [ 76.010947765773309, 11.685285215826736 ], [ 76.010947765773309, 11.688878476963211 ], [ 76.011846081057442, 11.688878476963215 ], [ 76.011846081057442, 11.689776792247333 ], [ 76.013642711625678, 11.689776792247335 ], [ 76.013642711625678, 11.691573422815569 ], [ 76.014541026909811, 11.691573422815569 ], [ 76.014541026909811, 11.692471738099693 ], [ 76.015439342193915, 11.692471738099693 ], [ 76.015439342193915, 11.693370053383813 ], [ 76.016337657478033, 11.693370053383811 ], [ 76.016337657478033, 11.694268368667931 ], [ 76.017235972762151, 11.694268368667933 ], [ 76.017235972762151, 11.695166683952049 ] ], [ [ 76.017235972762151, 11.687081846394971 ], [ 76.017235972762151, 11.684386900542616 ], [ 76.018134288046269, 11.684386900542618 ], [ 76.018134288046269, 11.686183531110856 ], [ 76.019032603330388, 11.686183531110858 ], [ 76.019032603330388, 11.687081846394975 ], [ 76.017235972762151, 11.687081846394971 ] ] ] } },
{ "type": "Feature", "properties": { "hotspot_id": 25, "area_km2": 1.2748959146555128, "mean_risk": 0.6244, "max_risk": 1.0, "built_area_km2": 0.0715 }, "geometry": { "type": "MultiPolygon", "coordinates": [ [ [ [ 76.178034408619553, 11.599945263835382 ], [ 76.180729354471907, 11.59994526383538 ], [ 76.180729354471907, 11.59814863326714 ], [ 76.178034408619553, 11.598148633267144 ], [ 76.178034408619553, 11.596352002698902 ], [ 76.178932723903671, 11.596352002698904 ], [ 76.178932723903671, 11.595453687414782 ], [ 76.179831039187789, 11.595453687414784 ], [ 76.179831039187789, 11.59455537213066 ], [ 76.178932723903671, 11.594555372130662 ], [ 76.178932723903671, 11.592758741562424 ], [ 76.179831039187789, 11.592758741562424 ], [ 76.179831039187789, 11.591860426278304 ], [ 76.178034408619553, 11.591860426278306 ], [ 76.178034408619553, 11.592758741562429 ], [ 76.17713609333542, 11.592758741562427 ], [ 76.17713609333542, 11.595453687414782 ], [ 76.176237778051302, 11.595453687414782 ], [ 76.176237778051302, 11.5963520026989 ], [ 76.174441147483066, 11.596352002698904 ], [ 76.174441147483066, 11.597250317983024 ], [ 76.173542832198947, 11.597250317983022 ], [ 76.173542832198947, 11.599046948551262 ], [ 76.175339462767184, 11.599046948551264 ], [ 76.175339462767184, 11.598148633267142 ], [ 76.176237778051302, 11.598148633267142 ], [ 76.176237778051302, 11.599046948551262 ], [ 76.178034408619553, 11.599046948551262 ], [ 76.178034408619553, 11.599945263835382 ] ] ], [ [ [ 76.179831039187789, 11.591860426278304 ], [ 76.182525985040144, 11.591860426278306 ], [ 76.182525985040144, 11.590962110994184 ], [ 76.183424300324262, 11.590962110994186 ], [ 76.183424300324262, 11.591860426278306 ], [ 76.187017561460735, 11.591860426278306 ], [ 76.187017561460735, 11.589165480425946 ], [ 76.187915876744867, 11.589165480425947 ], [ 76.187915876744867, 11.588267165141826 ], [ 76.188814192028985, 11.588267165141827 ], [ 76.188814192028985, 11.587368849857711 ], [ 76.189712507313104, 11.587368849857713 ], [ 76.189712507313104, 11.586470534573589 ], [ 76.190610822597222, 11.586470534573589 ], [ 76.190610822597222, 11.585572219289469 ], [ 76.189712507313104, 11.585572219289471 ], [ 76.189712507313104, 11.584673904005347 ], [ 76.187915876744867, 11.584673904005347 ], [ 76.187915876744867, 11.585572219289469 ], [ 76.187017561460735, 11.585572219289467 ], [ 76.187017561460735, 11.586470534573591 ], [ 76.186119246176617, 11.586470534573591 ], [ 76.186119246176617, 11.589165480425947 ], [ 76.183424300324262, 11.589165480425946 ], [ 76.183424300324262, 11.587368849857709 ], [ 76.18432261560838, 11.587368849857709 ], [ 76.18432261560838, 11.585572219289469 ], [ 76.183424300324262, 11.585572219289469 ], [ 76.183424300324262, 11.580182327584753 ], [ 76.182525985040144, 11.580182327584753 ], [ 76.182525985040144, 11.579284012300629 ], [ 76.178034408619553, 11.579284012300633 ], [ 76.178034408619553, 11.580182327584755 ], [ 76.17713609333542, 11.580182327584755 ], [ 76.17713609333542, 11.581080642868869 ], [ 76.178034408619553, 11.581080642868871 ], [ 76.178034408619553, 11.581978958152993 ], [ 76.180729354471907, 11.581978958152989 ], [ 76.180729354471907, 11.583775588721227 ], [ 76.179831039187789, 11.583775588721231 ], [ 76.179831039187789, 11.586470534573589 ], [ 76.178932723903671, 11.586470534573589 ], [ 76.178932723903671, 11.587368849857709 ], [ 76.17713609333542, 11.587368849857709 ], [ 76.17713609333542, 11.590063795710069 ], [ 76.178034408619553, 11.590063795710069 ], [ 76.178034408619553, 11.590962110994186 ], [ 76.179831039187789, 11.590962110994186 ], [ 76.179831039187789, 11.591860426278304 ] ] ] ] } },
{ "type": "Feature", "properties": { "hotspot_id": 26, "area_km2": 1.2362796909233926, "mean_risk": 0.3177, "max_risk": 0.3716, "built_area_km2": 0.0439 }, "geometry": { "type": "MultiPolygon", "coordinates": [ [ [ [ 76.204983867143142, 11.521791834116984 ], [ 76.204983867143142, 11.522690149401102 ], [ 76.204085551859009, 11.522690149401098 ], [ 76.204085551859009, 11.52358846468522 ], [ 76.205882182427246, 11.52358846468522 ], [ 76.205882182427246, 11.52538509525346 ], [ 76.204983867143142, 11.525385095253462 ], [ 76.204983867143142, 11.526283410537578 ], [ 76.205882182427246, 11.526283410537577 ], [ 76.205882182427246, 11.527181725821698 ], [ 76.206780497711378, 11.527181725821697 ], [ 76.206780497711378, 11.52897835638994 ], [ 76.207678812995496, 11.52897835638994 ], [ 76.207678812995496, 11.528080041105818 ], [ 76.208577128279614, 11.528080041105818 ], [ 76.208577128279614, 11.527181725821697 ], [ 76.207678812995496, 11.527181725821698 ], [ 76.207678812995496, 11.525385095253464 ], [ 76.208577128279614, 11.525385095253462 ], [ 76.208577128279614, 11.52448677996934 ], [ 76.211272074131969, 11.524486779969342 ], [ 76.211272074131969, 11.525385095253462 ], [ 76.212170389416087, 11.525385095253462 ], [ 76.212170389416087, 11.52358846468522 ], [ 76.21576365055256, 11.52358846468522 ], [ 76.21576365055256, 11.525385095253464 ], [ 76.214865335268442, 11.52538509525346 ], [ 76.214865335268442, 11.526283410537575 ], [ 76.213967019984324, 11.526283410537577 ], [ 76.213967019984324, 11.5271817258217 ], [ 76.214865335268442, 11.5271817258217 ], [ 76.214865335268442, 11.528080041105818 ], [ 76.21576365055256, 11.528080041105818 ], [ 76.21576365055256, 11.52628341053758 ], [ 76.216661965836693, 11.526283410537575 ], [ 76.216661965836693, 11.527181725821695 ], [ 76.218458596404929, 11.527181725821697 ], [ 76.218458596404929, 11.52628341053758 ], [ 76.219356911689047, 11.526283410537578 ], [ 76.219356911689047, 11.525385095253462 ], [ 76.220255226973165, 11.52538509525346 ], [ 76.220255226973165, 11.523588464685222 ], [ 76.219356911689047, 11.523588464685222 ], [ 76.219356911689047, 11.5226901494011 ], [ 76.220255226973165, 11.5226901494011 ], [ 76.220255226973165, 11.521791834116984 ], [ 76.219356911689047, 11.521791834116987 ], [ 76.219356911689047, 11.520893518832866 ], [ 76.218458596404929, 11.520893518832864 ], [ 76.218458596404929, 11.519995203548744 ], [ 76.216661965836693, 11.519995203548742 ], [ 76.216661965836693, 11.519096888264622 ], [ 76.21576365055256, 11.519096888264624 ], [ 76.21576365055256, 11.519995203548742 ], [ 76.214865335268442, 11.519995203548742 ], [ 76.214865335268442, 11.519096888264622 ], [ 76.212170389416087, 11.519096888264624 ], [ 76.212170389416087, 11.519995203548744 ], [ 76.210373758847865, 11.519995203548746 ], [ 76.210373758847865, 11.519096888264626 ], [ 76.209475443563733, 11.519096888264624 ], [ 76.209475443563733, 11.518198572980504 ], [ 76.208577128279614, 11.518198572980506 ], [ 76.208577128279614, 11.51730025769638 ], [ 76.209475443563733, 11.517300257696384 ], [ 76.209475443563733, 11.516401942412266 ], [ 76.205882182427246, 11.516401942412266 ], [ 76.205882182427246, 11.518198572980504 ], [ 76.204983867143142, 11.518198572980502 ], [ 76.204983867143142, 11.519096888264622 ], [ 76.204085551859009, 11.519096888264626 ], [ 76.204085551859009, 11.519995203548742 ], [ 76.204983867143142, 11.519995203548742 ], [ 76.204983867143142, 11.520893518832866 ], [ 76.205882182427246, 11.520893518832864 ], [ 76.205882182427246, 11.521791834116984 ], [ 76.204983867143142, 11.521791834116984 ] ], [ [ 76.205882182427246, 11.52358846468522 ], [ 76.205882182427246, 11.5226901494011 ], [ 76.206780497711378, 11.5226901494011 ], [ 76.206780497711378, 11.521791834116986 ], [ 76.207678812995496, 11.521791834116984 ], [ 76.207678812995496, 11.523588464685222 ], [ 76.205882182427246, 11.52358846468522 ] ], [ [ 76.209475443563733, 11.519096888264624 ], [ 76.209475443563733, 11.519995203548744 ], [ 76.208577128279614, 11.519995203548742 ], [ 76.208577128279614, 11.519096888264624 ], [ 76.209475443563733, 11.519096888264624 ] ] ], [ [ [ 76.204983867143142, 11.521791834116984 ], [ 76.204983867143142, 11.520893518832866 ], [ 76.204085551859009, 11.520893518832866 ], [ 76.204085551859009, 11.521791834116982 ], [ 76.204983867143142, 11.521791834116984 ] ] ], [ [ [ 76.214865335268442, 11.528080041105818 ], [ 76.213967019984324, 11.528080041105818 ], [ 76.213967019984324, 11.529876671674057 ], [ 76.214865335268442, 11.529876671674055 ], [ 76.214865335268442, 11.530774986958178 ], [ 76.21576365055256, 11.530774986958177 ], [ 76.21576365055256, 11.52897835638994 ], [ 76.214865335268442, 11.528978356389938 ], [ 76.214865335268442, 11.528080041105818 ] ] ] ] } },
{ "type": "Feature", "properties": { "hotspot_id": 27, "area_km2": 1.2257002611170709, "mean_risk": 0.3072, "max_risk": 0.3293, "built_area_km2": 0.765 }, "geometry": { "type": "Polygon", "coordinates": [ [ [ 76.078321412082275, 11.705048152077364 ], [ 76.079219727366393, 11.705048152077364 ], [ 76.079219727366393, 11.704149836793242 ], [ 76.080118042650525, 11.704149836793245 ], [ 76.080118042650525, 11.702353206225006 ], [ 76.078321412082275, 11.702353206225004 ], [ 76.078321412082275, 11.699658260372646 ], [ 76.079219727366393, 11.699658260372649 ], [ 76.079219727366393, 11.698759945088529 ], [ 76.081016357934644, 11.698759945088527 ], [ 76.081016357934644, 11.697861629804411 ], [ 76.081914673218762, 11.697861629804411 ], [ 76.081914673218762, 11.699658260372649 ], [ 76.081016357934644, 11.699658260372646 ], [ 76.081016357934644, 11.700556575656764 ], [ 76.08281298850288, 11.700556575656764 ], [ 76.08281298850288, 11.701454890940886 ], [ 76.083711303786998, 11.701454890940886 ], [ 76.083711303786998, 11.702353206225006 ], [ 76.084609619071117, 11.702353206225009 ], [ 76.084609619071117, 11.701454890940886 ], [ 76.085507934355235, 11.701454890940886 ], [ 76.085507934355235, 11.698759945088526 ], [ 76.084609619071117, 11.698759945088527 ], [ 76.084609619071117, 11.697861629804411 ], [ 76.083711303786998, 11.697861629804411 ], [ 76.083711303786998, 11.696963314520289 ], [ 76.081914673218762, 11.696963314520289 ], [ 76.081914673218762, 11.694268368667933 ], [ 76.08281298850288, 11.694268368667931 ], [ 76.08281298850288, 11.693370053383811 ], [ 76.081914673218762, 11.693370053383811 ], [ 76.081914673218762, 11.691573422815571 ], [ 76.084609619071117, 11.691573422815569 ], [ 76.084609619071117, 11.690675107531447 ], [ 76.083711303786998, 11.690675107531447 ], [ 76.083711303786998, 11.689776792247335 ], [ 76.081016357934644, 11.689776792247331 ], [ 76.081016357934644, 11.687081846394975 ], [ 76.08281298850288, 11.687081846394975 ], [ 76.08281298850288, 11.687980161679095 ], [ 76.083711303786998, 11.687980161679091 ], [ 76.083711303786998, 11.686183531110858 ], [ 76.08281298850288, 11.686183531110858 ], [ 76.08281298850288, 11.685285215826736 ], [ 76.081914673218762, 11.685285215826735 ], [ 76.081914673218762, 11.684386900542616 ], [ 76.079219727366393, 11.684386900542616 ], [ 76.079219727366393, 11.683488585258496 ], [ 76.077423096798157, 11.683488585258496 ], [ 76.077423096798157, 11.682590269974376 ], [ 76.07562646622992, 11.682590269974375 ], [ 76.07562646622992, 11.683488585258495 ], [ 76.074728150945802, 11.683488585258496 ], [ 76.074728150945802, 11.684386900542616 ], [ 76.07562646622992, 11.684386900542616 ], [ 76.07562646622992, 11.686183531110856 ], [ 76.078321412082275, 11.686183531110856 ], [ 76.078321412082275, 11.687081846394971 ], [ 76.077423096798157, 11.687081846394971 ], [ 76.077423096798157, 11.688878476963211 ], [ 76.078321412082275, 11.688878476963213 ], [ 76.078321412082275, 11.689776792247331 ], [ 76.080118042650525, 11.689776792247333 ], [ 76.080118042650525, 11.697861629804411 ], [ 76.079219727366393, 11.697861629804411 ], [ 76.079219727366393, 11.696963314520291 ], [ 76.078321412082275, 11.696963314520289 ], [ 76.078321412082275, 11.696064999236169 ], [ 76.077423096798157, 11.696064999236173 ], [ 76.077423096798157, 11.696963314520289 ], [ 76.076524781514038, 11.696963314520289 ], [ 76.076524781514038, 11.698759945088529 ], [ 76.07562646622992, 11.698759945088527 ], [ 76.07562646622992, 11.697861629804411 ], [ 76.074728150945802, 11.697861629804411 ], [ 76.074728150945802, 11.696963314520289 ], [ 76.073829835661684, 11.696963314520287 ], [ 76.073829835661684, 11.696064999236169 ], [ 76.072931520377566, 11.696064999236169 ], [ 76.072931520377566, 11.695166683952047 ], [ 76.071134889809329, 11.695166683952049 ], [ 76.071134889809329, 11.696064999236169 ], [ 76.072033205093447, 11.696064999236171 ], [ 76.072033205093447, 11.696963314520289 ], [ 76.072931520377566, 11.696963314520289 ], [ 76.072931520377566, 11.698759945088527 ], [ 76.072033205093447, 11.698759945088529 ], [ 76.072033205093447, 11.702353206225009 ], [ 76.072931520377566, 11.702353206225004 ], [ 76.072931520377566, 11.701454890940886 ], [ 76.073829835661684, 11.701454890940886 ], [ 76.073829835661684, 11.699658260372646 ], [ 76.07562646622992, 11.699658260372646 ], [ 76.07562646622992, 11.700556575656767 ], [ 76.076524781514038, 11.700556575656767 ], [ 76.076524781514038, 11.702353206225009 ], [ 76.077423096798157, 11.702353206225006 ], [ 76.077423096798157, 11.704149836793244 ], [ 76.078321412082275, 11.704149836793245 ], [ 76.078321412082275, 11.705048152077364 ] ], [ [ 76.081914673218762, 11.691573422815571 ], [ 76.081016357934644, 11.691573422815571 ], [ 76.081016357934644, 11.690675107531451 ], [ 76.081914673218762, 11.690675107531451 ], [ 76.081914673218762, 11.691573422815571 ] ] ] } },
{ "type": "Feature", "properties": { "hotspot_id": 28, "area_km2": 1.0513008295104274, "mean_risk": 0.3146, "max_risk": 0.3384, "built_area_km2": 0.0371 }, "geometry": { "type": "MultiPolygon", "coordinates": [ [ [ [ 76.221153542257284, 11.530774986958177 ], [ 76.220255226973165, 11.530774986958177 ], [ 76.220255226973165, 11.531673302242298 ], [ 76.218458596404929, 11.531673302242297 ], [ 76.218458596404929, 11.532571617526417 ], [ 76.217560281120811, 11.532571617526417 ], [ 76.217560281120811, 11.531673302242298 ], [ 76.216661965836693, 11.531673302242298 ], [ 76.216661965836693, 11.533469932810538 ], [ 76.217560281120811, 11.533469932810538 ], [ 76.217560281120811, 11.534368248094655 ], [ 76.219356911689047, 11.534368248094658 ], [ 76.219356911689047, 11.537063193947015 ], [ 76.220255226973165, 11.537063193947015 ], [ 76.220255226973165, 11.534368248094653 ], [ 76.223848488109638, 11.534368248094653 ], [ 76.223848488109638, 11.533469932810538 ], [ 76.225645118677875, 11.533469932810535 ], [ 76.225645118677875, 11.534368248094653 ], [ 76.226543433962007, 11.534368248094655 ], [ 76.226543433962007, 11.533469932810537 ], [ 76.227441749246125, 11.533469932810537 ], [ 76.227441749246125, 11.534368248094655 ], [ 76.228340064530244, 11.534368248094655 ], [ 76.228340064530244, 11.535266563378777 ], [ 76.229238379814362, 11.535266563378775 ], [ 76.229238379814362, 11.534368248094657 ], [ 76.23013669509848, 11.534368248094655 ], [ 76.23013669509848, 11.535266563378775 ], [ 76.231933325666716, 11.535266563378775 ], [ 76.231933325666716, 11.534368248094655 ], [ 76.232831640950835, 11.534368248094657 ], [ 76.232831640950835, 11.535266563378777 ], [ 76.233729956234953, 11.535266563378775 ], [ 76.233729956234953, 11.534368248094655 ], [ 76.234628271519071, 11.534368248094655 ], [ 76.234628271519071, 11.532571617526415 ], [ 76.236424902087322, 11.532571617526417 ], [ 76.236424902087322, 11.5316733022423 ], [ 76.23732321737144, 11.531673302242297 ], [ 76.23732321737144, 11.529876671674057 ], [ 76.238221532655558, 11.529876671674057 ], [ 76.238221532655558, 11.528080041105818 ], [ 76.236424902087322, 11.528080041105818 ], [ 76.236424902087322, 11.52897835638994 ], [ 76.235526586803189, 11.528978356389942 ], [ 76.235526586803189, 11.529876671674057 ], [ 76.232831640950835, 11.52987667167406 ], [ 76.232831640950835, 11.531673302242298 ], [ 76.23013669509848, 11.531673302242298 ], [ 76.23013669509848, 11.530774986958175 ], [ 76.229238379814362, 11.530774986958182 ], [ 76.229238379814362, 11.529876671674057 ], [ 76.23013669509848, 11.529876671674057 ], [ 76.23013669509848, 11.52808004110582 ], [ 76.226543433962007, 11.528080041105817 ], [ 76.226543433962007, 11.529876671674058 ], [ 76.223848488109638, 11.529876671674058 ], [ 76.223848488109638, 11.530774986958177 ], [ 76.22295017282552, 11.53077498695818 ], [ 76.22295017282552, 11.531673302242298 ], [ 76.221153542257284, 11.5316733022423 ], [ 76.221153542257284, 11.530774986958177 ] ], [ [ 76.22295017282552, 11.531673302242298 ], [ 76.223848488109638, 11.531673302242302 ], [ 76.223848488109638, 11.532571617526418 ], [ 76.22295017282552, 11.532571617526415 ], [ 76.22295017282552, 11.531673302242298 ] ], [ [ 76.219356911689047, 11.533469932810535 ], [ 76.219356911689047, 11.532571617526415 ], [ 76.220255226973165, 11.532571617526417 ], [ 76.220255226973165, 11.533469932810535 ], [ 76.219356911689047, 11.533469932810535 ] ] ], [ [ [ 76.221153542257284, 11.530774986958177 ], [ 76.222051857541402, 11.53077498695818 ], [ 76.222051857541402, 11.529876671674057 ], [ 76.221153542257284, 11.529876671674058 ], [ 76.221153542257284, 11.530774986958177 ] ] ], [ [ [ 76.226543433962007, 11.534368248094655 ], [ 76.226543433962007, 11.535266563378775 ], [ 76.225645118677875, 11.535266563378775 ], [ 76.225645118677875, 11.537063193947018 ], [ 76.226543433962007, 11.537063193947017 ], [ 76.226543433962007, 11.537961509231135 ], [ 76.228340064530244, 11.537961509231137 ], [ 76.228340064530244, 11.537063193947015 ], [ 76.227441749246125, 11.537063193947015 ], [ 76.227441749246125, 11.534368248094655 ], [ 76.226543433962007, 11.534368248094655 ] ] ] ] } },
{ "type": "Feature", "properties": { "hotspot_id": 29, "area_km2": 1.0499071428588518, "mean_risk": 0.3121, "max_risk": 0.3493, "built_area_km2": 0.0358 }, "geometry": { "type": "MultiPolygon", "coordinates": [ [ [ [ 76.019032603330388, 11.876626371344194 ], [ 76.021727549182756, 11.876626371344193 ], [ 76.021727549182756, 11.875728056060074 ], [ 76.023524179750993, 11.875728056060071 ], [ 76.023524179750993, 11.876626371344194 ], [ 76.025320810319229, 11.876626371344191 ], [ 76.025320810319229, 11.875728056060071 ], [ 76.026219125603347, 11.875728056060071 ], [ 76.026219125603347, 11.874829740775954 ], [ 76.027117440887466, 11.874829740775954 ], [ 76.027117440887466, 11.873931425491836 ], [ 76.028015756171584, 11.873931425491834 ], [ 76.028015756171584, 11.873033110207714 ], [ 76.028914071455702, 11.873033110207714 ], [ 76.028914071455702, 11.872134794923596 ], [ 76.027117440887466, 11.872134794923596 ], [ 76.027117440887466, 11.87123647963948 ], [ 76.028015756171584, 11.871236479639478 ], [ 76.028015756171584, 11.869439849071238 ], [ 76.030710702023939, 11.86943984907124 ], [ 76.030710702023939, 11.868541533787118 ], [ 76.031609017308071, 11.868541533787118 ], [ 76.031609017308071, 11.869439849071238 ], [ 76.033405647876307, 11.869439849071236 ], [ 76.033405647876307, 11.868541533787116 ], [ 76.032507332592189, 11.868541533787118 ], [ 76.032507332592189, 11.867643218503002 ], [ 76.033405647876307, 11.867643218503 ], [ 76.033405647876307, 11.865846587934758 ], [ 76.032507332592189, 11.865846587934758 ], [ 76.032507332592189, 11.864948272650642 ], [ 76.031609017308071, 11.864948272650636 ], [ 76.031609017308071, 11.865846587934758 ], [ 76.02981238673982, 11.86584658793476 ], [ 76.02981238673982, 11.867643218502996 ], [ 76.027117440887466, 11.867643218503 ], [ 76.027117440887466, 11.866744903218876 ], [ 76.025320810319229, 11.866744903218878 ], [ 76.025320810319229, 11.868541533787116 ], [ 76.026219125603347, 11.868541533787118 ], [ 76.026219125603347, 11.869439849071238 ], [ 76.027117440887466, 11.86943984907124 ], [ 76.027117440887466, 11.87033816435536 ], [ 76.026219125603347, 11.870338164355356 ], [ 76.026219125603347, 11.87123647963948 ], [ 76.024422495035111, 11.87123647963948 ], [ 76.024422495035111, 11.869439849071238 ], [ 76.022625864466875, 11.869439849071238 ], [ 76.022625864466875, 11.870338164355358 ], [ 76.021727549182756, 11.87033816435536 ], [ 76.021727549182756, 11.869439849071236 ], [ 76.020829233898624, 11.869439849071238 ], [ 76.020829233898624, 11.868541533787116 ], [ 76.019930918614506, 11.868541533787118 ], [ 76.019930918614506, 11.866744903218876 ], [ 76.020829233898624, 11.866744903218876 ], [ 76.020829233898624, 11.865846587934758 ], [ 76.021727549182756, 11.865846587934758 ], [ 76.021727549182756, 11.864948272650636 ], [ 76.019930918614506, 11.864948272650635 ], [ 76.019930918614506, 11.865846587934758 ], [ 76.018134288046269, 11.86584658793476 ], [ 76.018134288046269, 11.867643218502998 ], [ 76.017235972762151, 11.867643218503 ], [ 76.017235972762151, 11.869439849071238 ], [ 76.019032603330388, 11.869439849071236 ], [ 76.019032603330388, 11.873033110207716 ], [ 76.018134288046269, 11.873033110207716 ], [ 76.018134288046269, 11.875728056060071 ], [ 76.019032603330388, 11.875728056060074 ], [ 76.019032603330388, 11.876626371344194 ] ], [ [ 76.027117440887466, 11.872134794923596 ], [ 76.027117440887466, 11.873033110207714 ], [ 76.026219125603347, 11.873033110207714 ], [ 76.026219125603347, 11.873931425491834 ], [ 76.025320810319229, 11.873931425491834 ], [ 76.025320810319229, 11.874829740775954 ], [ 76.024422495035111, 11.874829740775954 ], [ 76.024422495035111, 11.872134794923593 ], [ 76.027117440887466, 11.872134794923596 ] ], [ [ 76.020829233898624, 11.873931425491834 ], [ 76.020829233898624, 11.872134794923594 ], [ 76.021727549182756, 11.872134794923596 ], [ 76.021727549182756, 11.873931425491838 ], [ 76.020829233898624, 11.873931425491834 ] ] ], [ [ [ 76.020829233898624, 11.868541533787116 ], [ 76.021727549182756, 11.868541533787116 ], [ 76.021727549182756, 11.867643218503 ], [ 76.020829233898624, 11.867643218503 ], [ 76.020829233898624, 11.868541533787116 ] ] ], [ [ [ 76.02981238673982, 11.86584658793476 ], [ 76.02981238673982, 11.86494827265064 ], [ 76.028914071455702, 11.864948272650638 ], [ 76.028914071455702, 11.863151642082402 ], [ 76.028015756171584, 11.8631516420824 ], [ 76.028015756171584, 11.864049957366522 ], [ 76.026219125603347, 11.864049957366523 ], [ 76.026219125603347, 11.864948272650636 ], [ 76.028015756171584, 11.864948272650638 ], [ 76.028015756171584, 11.865846587934756 ], [ 76.02981238673982, 11.86584658793476 ] ] ] ] } },
{ "type": "Feature", "properties": { "hotspot_id": 30, "area_km2": 0.97344002551413311, "mean_risk": 0.3109, "max_risk": 0.3385, "built_area_km2": 0.0344 }, "geometry": { "type": "MultiPolygon", "coordinates": [ [ [ [ 76.190610822597222, 11.521791834116982 ], [ 76.19150913788134, 11.521791834116984 ], [ 76.19150913788134, 11.520893518832864 ], [ 76.190610822597222, 11.520893518832866 ], [ 76.190610822597222, 11.521791834116982 ] ] ], [ [ [ 76.190610822597222, 11.521791834116982 ], [ 76.189712507313104, 11.521791834116984 ], [ 76.189712507313104, 11.522690149401102 ], [ 76.190610822597222, 11.5226901494011 ], [ 76.190610822597222, 11.521791834116982 ] ] ], [ [ [ 76.19150913788134, 11.520893518832864 ], [ 76.192407453165458, 11.52089351883286 ], [ 76.192407453165458, 11.522690149401102 ], [ 76.194204083733695, 11.522690149401102 ], [ 76.194204083733695, 11.523588464685224 ], [ 76.196000714301931, 11.523588464685222 ], [ 76.196000714301931, 11.524486779969342 ], [ 76.196899029586064, 11.524486779969342 ], [ 76.196899029586064, 11.525385095253462 ], [ 76.197797344870182, 11.525385095253462 ], [ 76.197797344870182, 11.526283410537578 ], [ 76.1986956601543, 11.52628341053758 ], [ 76.1986956601543, 11.528978356389938 ], [ 76.204085551859009, 11.528978356389937 ], [ 76.204085551859009, 11.528080041105818 ], [ 76.204983867143142, 11.52808004110582 ], [ 76.204983867143142, 11.5271817258217 ], [ 76.204085551859009, 11.5271817258217 ], [ 76.204085551859009, 11.525385095253462 ], [ 76.203187236574891, 11.52538509525346 ], [ 76.203187236574891, 11.52628341053758 ], [ 76.202288921290773, 11.526283410537578 ], [ 76.202288921290773, 11.527181725821698 ], [ 76.201390606006655, 11.527181725821697 ], [ 76.201390606006655, 11.525385095253462 ], [ 76.202288921290773, 11.525385095253462 ], [ 76.202288921290773, 11.5226901494011 ], [ 76.201390606006655, 11.5226901494011 ], [ 76.201390606006655, 11.520893518832862 ], [ 76.200492290722536, 11.520893518832862 ], [ 76.200492290722536, 11.519995203548746 ], [ 76.199593975438418, 11.519995203548746 ], [ 76.199593975438418, 11.520893518832864 ], [ 76.1986956601543, 11.520893518832862 ], [ 76.1986956601543, 11.519096888264624 ], [ 76.197797344870182, 11.519096888264626 ], [ 76.197797344870182, 11.519995203548744 ], [ 76.196000714301931, 11.519995203548746 ], [ 76.196000714301931, 11.519096888264624 ], [ 76.194204083733695, 11.519096888264624 ], [ 76.194204083733695, 11.518198572980506 ], [ 76.195102399017813, 11.518198572980502 ], [ 76.195102399017813, 11.51640194241226 ], [ 76.194204083733695, 11.516401942412267 ], [ 76.194204083733695, 11.515503627128147 ], [ 76.196000714301931, 11.515503627128147 ], [ 76.196000714301931, 11.513706996559909 ], [ 76.195102399017813, 11.513706996559907 ], [ 76.195102399017813, 11.512808681275787 ], [ 76.194204083733695, 11.512808681275789 ], [ 76.194204083733695, 11.514605311844027 ], [ 76.193305768449576, 11.514605311844026 ], [ 76.193305768449576, 11.515503627128149 ], [ 76.192407453165458, 11.515503627128149 ], [ 76.192407453165458, 11.517300257696384 ], [ 76.19150913788134, 11.517300257696382 ], [ 76.19150913788134, 11.520893518832864 ] ], [ [ 76.199593975438418, 11.525385095253462 ], [ 76.199593975438418, 11.524486779969342 ], [ 76.200492290722536, 11.524486779969342 ], [ 76.200492290722536, 11.525385095253462 ], [ 76.199593975438418, 11.525385095253462 ] ], [ [ 76.199593975438418, 11.52808004110582 ], [ 76.199593975438418, 11.527181725821698 ], [ 76.200492290722536, 11.527181725821698 ], [ 76.200492290722536, 11.52808004110582 ], [ 76.199593975438418, 11.52808004110582 ] ] ], [ [ [ 76.204983867143142, 11.52808004110582 ], [ 76.204983867143142, 11.52897835638994 ], [ 76.205882182427246, 11.528978356389937 ], [ 76.205882182427246, 11.52808004110582 ], [ 76.204983867143142, 11.52808004110582 ] ] ], [ [ [ 76.204085551859009, 11.528978356389937 ], [ 76.204085551859009, 11.52987667167406 ], [ 76.204983867143142, 11.529876671674057 ], [ 76.204983867143142, 11.52897835638994 ], [ 76.204085551859009, 11.528978356389937 ] ] ] ] } },
{ "type": "Feature", "properties": { "hotspot_id": 31, "area_km2": 0.7882612197425487, "mean_risk": 0.6133, "max_risk": 1.0, "built_area_km2": 0.0475 }, "geometry": { "type": "MultiPolygon", "coordinates": [ [ [ [ 76.181627669756026, 11.612521677813051 ], [ 76.183424300324262, 11.612521677813053 ], [ 76.183424300324262, 11.611623362528936 ], [ 76.18432261560838, 11.611623362528935 ], [ 76.18432261560838, 11.610725047244815 ], [ 76.183424300324262, 11.610725047244816 ], [ 76.183424300324262, 11.609826731960695 ], [ 76.181627669756026, 11.609826731960695 ], [ 76.181627669756026, 11.612521677813051 ] ] ], [ [ [ 76.183424300324262, 11.609826731960695 ], [ 76.18432261560838, 11.609826731960695 ], [ 76.18432261560838, 11.608030101392458 ], [ 76.183424300324262, 11.608030101392458 ], [ 76.183424300324262, 11.606233470824213 ], [ 76.185220930892498, 11.606233470824217 ], [ 76.185220930892498, 11.605335155540098 ], [ 76.186119246176617, 11.605335155540098 ], [ 76.186119246176617, 11.60353852497186 ], [ 76.185220930892498, 11.60353852497186 ], [ 76.185220930892498, 11.602640209687738 ], [ 76.186119246176617, 11.60264020968774 ], [ 76.186119246176617, 11.601741894403622 ], [ 76.188814192028985, 11.601741894403622 ], [ 76.188814192028985, 11.599046948551262 ], [ 76.187915876744867, 11.59904694855126 ], [ 76.187915876744867, 11.59814863326714 ], [ 76.190610822597222, 11.598148633267142 ], [ 76.190610822597222, 11.599046948551262 ], [ 76.19150913788134, 11.599046948551262 ], [ 76.19150913788134, 11.59814863326714 ], [ 76.192407453165458, 11.59814863326714 ], [ 76.192407453165458, 11.596352002698902 ], [ 76.19150913788134, 11.5963520026989 ], [ 76.19150913788134, 11.59545368741478 ], [ 76.190610822597222, 11.595453687414784 ], [ 76.190610822597222, 11.596352002698906 ], [ 76.188814192028985, 11.596352002698902 ], [ 76.188814192028985, 11.595453687414784 ], [ 76.186119246176617, 11.595453687414784 ], [ 76.186119246176617, 11.59814863326714 ], [ 76.182525985040144, 11.598148633267142 ], [ 76.182525985040144, 11.599046948551264 ], [ 76.181627669756026, 11.599046948551264 ], [ 76.181627669756026, 11.60174189440362 ], [ 76.182525985040144, 11.60174189440362 ], [ 76.182525985040144, 11.60264020968774 ], [ 76.181627669756026, 11.602640209687742 ], [ 76.181627669756026, 11.603538524971858 ], [ 76.182525985040144, 11.60353852497186 ], [ 76.182525985040144, 11.607131786108337 ], [ 76.181627669756026, 11.607131786108337 ], [ 76.181627669756026, 11.608030101392457 ], [ 76.182525985040144, 11.608030101392458 ], [ 76.182525985040144, 11.608928416676575 ], [ 76.183424300324262, 11.608928416676575 ], [ 76.183424300324262, 11.609826731960695 ] ] ] ] } },
{ "type": "Feature", "properties": { "hotspot_id": 32, "area_km2": 0.72960734453812692, "mean_risk": 0.6482, "max_risk": 1.0, "built_area_km2": 0.0623 }, "geometry": { "type": "Polygon", "coordinates": [ [ [ 76.126830437424729, 11.699658260372651 ], [ 76.129525383277098, 11.699658260372647 ], [ 76.129525383277098, 11.698759945088529 ], [ 76.130423698561216, 11.698759945088529 ], [ 76.130423698561216, 11.696963314520289 ], [ 76.132220329129453, 11.696963314520289 ], [ 76.132220329129453, 11.697861629804411 ], [ 76.133118644413571, 11.697861629804411 ], [ 76.133118644413571, 11.699658260372649 ], [ 76.135813590265926, 11.699658260372647 ], [ 76.135813590265926, 11.698759945088526 ], [ 76.137610220834162, 11.698759945088527 ], [ 76.137610220834162, 11.697861629804409 ], [ 76.136711905550044, 11.697861629804411 ], [ 76.136711905550044, 11.696963314520289 ], [ 76.134915274981807, 11.696963314520289 ], [ 76.134915274981807, 11.695166683952049 ], [ 76.133118644413571, 11.695166683952049 ], [ 76.133118644413571, 11.694268368667933 ], [ 76.135813590265926, 11.694268368667931 ], [ 76.135813590265926, 11.693370053383809 ], [ 76.137610220834162, 11.693370053383811 ], [ 76.137610220834162, 11.692471738099695 ], [ 76.139406851402413, 11.692471738099691 ], [ 76.139406851402413, 11.690675107531453 ], [ 76.141203481970649, 11.690675107531449 ], [ 76.141203481970649, 11.688878476963215 ], [ 76.140305166686531, 11.688878476963215 ], [ 76.140305166686531, 11.687980161679091 ], [ 76.139406851402413, 11.687980161679091 ], [ 76.139406851402413, 11.688878476963216 ], [ 76.138508536118295, 11.688878476963213 ], [ 76.138508536118295, 11.689776792247331 ], [ 76.137610220834162, 11.689776792247333 ], [ 76.137610220834162, 11.690675107531453 ], [ 76.136711905550044, 11.690675107531453 ], [ 76.136711905550044, 11.691573422815573 ], [ 76.130423698561216, 11.691573422815571 ], [ 76.130423698561216, 11.692471738099695 ], [ 76.129525383277098, 11.692471738099693 ], [ 76.129525383277098, 11.694268368667931 ], [ 76.130423698561216, 11.694268368667933 ], [ 76.130423698561216, 11.696064999236171 ], [ 76.128627067992966, 11.696064999236171 ], [ 76.128627067992966, 11.696963314520289 ], [ 76.127728752708848, 11.696963314520289 ], [ 76.127728752708848, 11.697861629804409 ], [ 76.126830437424729, 11.697861629804411 ], [ 76.126830437424729, 11.699658260372651 ] ] ] } },
{ "type": "Feature", "properties": { "hotspot_id": 33, "area_km2": 0.72009774680096528, "mean_risk": 0.308, "max_risk": 0.4992, "built_area_km2": 0.4513 }, "geometry": { "type": "MultiPolygon", "coordinates": [ [ [ [ 76.210373758847865, 11.626894722358967 ], [ 76.210373758847865, 11.625098091790731 ], [ 76.211272074131969, 11.625098091790731 ], [ 76.211272074131969, 11.624199776506611 ], [ 76.212170389416087, 11.624199776506611 ], [ 76.212170389416087, 11.622403145938369 ], [ 76.213068704700206, 11.622403145938371 ], [ 76.213068704700206, 11.623301461222489 ], [ 76.21576365055256, 11.623301461222491 ], [ 76.21576365055256, 11.622403145938371 ], [ 76.216661965836693, 11.622403145938369 ], [ 76.216661965836693, 11.621504830654247 ], [ 76.214865335268442, 11.621504830654249 ], [ 76.214865335268442, 11.620606515370131 ], [ 76.212170389416087, 11.620606515370127 ], [ 76.212170389416087, 11.619708200086009 ], [ 76.213068704700206, 11.619708200086011 ], [ 76.213068704700206, 11.618809884801891 ], [ 76.216661965836693, 11.618809884801889 ], [ 76.216661965836693, 11.617911569517771 ], [ 76.21576365055256, 11.617911569517773 ], [ 76.21576365055256, 11.616114938949531 ], [ 76.213068704700206, 11.616114938949531 ], [ 76.213068704700206, 11.617013254233653 ], [ 76.212170389416087, 11.617013254233651 ], [ 76.212170389416087, 11.617911569517773 ], [ 76.210373758847865, 11.617911569517773 ], [ 76.210373758847865, 11.618809884801891 ], [ 76.207678812995496, 11.618809884801893 ], [ 76.207678812995496, 11.619708200086011 ], [ 76.209475443563733, 11.619708200086011 ], [ 76.209475443563733, 11.620606515370131 ], [ 76.211272074131969, 11.620606515370129 ], [ 76.211272074131969, 11.622403145938371 ], [ 76.210373758847865, 11.622403145938369 ], [ 76.210373758847865, 11.623301461222489 ], [ 76.209475443563733, 11.623301461222489 ], [ 76.209475443563733, 11.624199776506609 ], [ 76.208577128279614, 11.624199776506611 ], [ 76.208577128279614, 11.625098091790729 ], [ 76.209475443563733, 11.625098091790731 ], [ 76.209475443563733, 11.626894722358964 ], [ 76.210373758847865, 11.626894722358967 ] ], [ [ 76.213068704700206, 11.617013254233653 ], [ 76.213967019984324, 11.617013254233653 ], [ 76.213967019984324, 11.617911569517771 ], [ 76.213068704700206, 11.617911569517773 ], [ 76.213068704700206, 11.617013254233653 ] ] ], [ [ [ 76.210373758847865, 11.628691352927204 ], [ 76.211272074131969, 11.628691352927204 ], [ 76.211272074131969, 11.631386298779566 ], [ 76.214865335268442, 11.631386298779566 ], [ 76.214865335268442, 11.632284614063684 ], [ 76.217560281120811, 11.632284614063686 ], [ 76.217560281120811, 11.628691352927202 ], [ 76.216661965836693, 11.628691352927206 ], [ 76.216661965836693, 11.627793037643087 ], [ 76.214865335268442, 11.627793037643082 ], [ 76.214865335268442, 11.626894722358964 ], [ 76.213967019984324, 11.626894722358967 ], [ 76.213967019984324, 11.628691352927204 ], [ 76.214865335268442, 11.628691352927206 ], [ 76.214865335268442, 11.629589668211324 ], [ 76.21576365055256, 11.629589668211327 ], [ 76.21576365055256, 11.630487983495446 ], [ 76.213068704700206, 11.630487983495446 ], [ 76.213068704700206, 11.628691352927206 ], [ 76.212170389416087, 11.628691352927206 ], [ 76.212170389416087, 11.627793037643086 ], [ 76.211272074131969, 11.627793037643086 ], [ 76.211272074131969, 11.626894722358966 ], [ 76.210373758847865, 11.626894722358967 ], [ 76.210373758847865, 11.628691352927204 ] ] ], [ [ [ 76.210373758847865, 11.628691352927204 ], [ 76.209475443563733, 11.628691352927206 ], [ 76.209475443563733, 11.629589668211324 ], [ 76.210373758847865, 11.629589668211326 ], [ 76.210373758847865, 11.628691352927204 ] ] ], [ [ [ 76.213967019984324, 11.626894722358967 ], [ 76.213967019984324, 11.625098091790729 ], [ 76.213068704700206, 11.625098091790731 ], [ 76.213068704700206, 11.626894722358966 ], [ 76.213967019984324, 11.626894722358967 ] ] ] ] } },
{ "type": "Feature", "properties": { "hotspot_id": 34, "area_km2": 0.67152800916060018, "mean_risk": 0.3158, "max_risk": 0.3505, "built_area_km2": 0.3451 }, "geometry": { "type": "MultiPolygon", "coordinates": [ [ [ [ 76.042388800717504, 11.564012652470598 ], [ 76.043287116001622, 11.5640126524706 ], [ 76.043287116001622, 11.563114337186484 ], [ 76.042388800717504, 11.563114337186482 ], [ 76.042388800717504, 11.564012652470598 ] ] ], [ [ [ 76.042388800717504, 11.563114337186482 ], [ 76.042388800717504, 11.561317706618242 ], [ 76.041490485433386, 11.56131770661824 ], [ 76.041490485433386, 11.559521076050002 ], [ 76.040592170149253, 11.559521076050002 ], [ 76.040592170149253, 11.558622760765882 ], [ 76.042388800717504, 11.558622760765887 ], [ 76.042388800717504, 11.557724445481762 ], [ 76.043287116001622, 11.557724445481762 ], [ 76.043287116001622, 11.556826130197644 ], [ 76.041490485433386, 11.556826130197644 ], [ 76.041490485433386, 11.557724445481762 ], [ 76.039693854865135, 11.557724445481764 ], [ 76.039693854865135, 11.556826130197646 ], [ 76.040592170149253, 11.556826130197642 ], [ 76.040592170149253, 11.554131184345286 ], [ 76.039693854865135, 11.554131184345286 ], [ 76.039693854865135, 11.552334553777047 ], [ 76.041490485433386, 11.552334553777046 ], [ 76.041490485433386, 11.550537923208802 ], [ 76.040592170149253, 11.550537923208806 ], [ 76.040592170149253, 11.548741292640567 ], [ 76.039693854865135, 11.548741292640569 ], [ 76.039693854865135, 11.547842977356451 ], [ 76.041490485433386, 11.547842977356449 ], [ 76.041490485433386, 11.548741292640569 ], [ 76.042388800717504, 11.548741292640567 ], [ 76.042388800717504, 11.546944662072326 ], [ 76.039693854865135, 11.546944662072328 ], [ 76.039693854865135, 11.546046346788209 ], [ 76.038795539581017, 11.546046346788209 ], [ 76.038795539581017, 11.546944662072329 ], [ 76.037897224296898, 11.546944662072328 ], [ 76.037897224296898, 11.550537923208807 ], [ 76.03699890901278, 11.550537923208804 ], [ 76.03699890901278, 11.551436238492926 ], [ 76.037897224296898, 11.551436238492927 ], [ 76.037897224296898, 11.555029499629404 ], [ 76.03699890901278, 11.555029499629406 ], [ 76.03699890901278, 11.555927814913522 ], [ 76.036100593728662, 11.555927814913526 ], [ 76.036100593728662, 11.556826130197644 ], [ 76.035202278444544, 11.556826130197646 ], [ 76.035202278444544, 11.557724445481762 ], [ 76.036100593728662, 11.557724445481762 ], [ 76.036100593728662, 11.558622760765887 ], [ 76.034303963160426, 11.558622760765886 ], [ 76.034303963160426, 11.559521076050004 ], [ 76.039693854865135, 11.559521076050002 ], [ 76.039693854865135, 11.561317706618242 ], [ 76.040592170149253, 11.561317706618242 ], [ 76.040592170149253, 11.562216021902362 ], [ 76.041490485433386, 11.562216021902362 ], [ 76.041490485433386, 11.563114337186482 ], [ 76.042388800717504, 11.563114337186482 ] ] ] ] } },
{ "type": "Feature", "properties": { "hotspot_id": 35, "area_km2": 0.63275880914095217, "mean_risk": 0.308, "max_risk": 0.3283, "built_area_km2": 0.022 }, "geometry": { "type": "MultiPolygon", "coordinates": [ [ [ [ 76.167254625210106, 11.512808681275789 ], [ 76.168152940494238, 11.512808681275789 ], [ 76.168152940494238, 11.511012050707546 ], [ 76.170847886346593, 11.511012050707548 ], [ 76.170847886346593, 11.510113735423428 ], [ 76.173542832198947, 11.510113735423428 ], [ 76.173542832198947, 11.507418789571073 ], [ 76.176237778051302, 11.507418789571073 ], [ 76.176237778051302, 11.505622159002829 ], [ 76.17713609333542, 11.505622159002829 ], [ 76.17713609333542, 11.506520474286951 ], [ 76.179831039187789, 11.506520474286949 ], [ 76.179831039187789, 11.503825528434591 ], [ 76.178932723903671, 11.503825528434593 ], [ 76.178932723903671, 11.502927213150471 ], [ 76.175339462767184, 11.502927213150475 ], [ 76.175339462767184, 11.503825528434595 ], [ 76.172644516914829, 11.503825528434593 ], [ 76.172644516914829, 11.504723843718713 ], [ 76.171746201630711, 11.504723843718711 ], [ 76.171746201630711, 11.505622159002829 ], [ 76.169949571062475, 11.505622159002829 ], [ 76.169949571062475, 11.506520474286951 ], [ 76.169051255778356, 11.506520474286951 ], [ 76.169051255778356, 11.507418789571071 ], [ 76.168152940494238, 11.507418789571071 ], [ 76.168152940494238, 11.510113735423429 ], [ 76.167254625210106, 11.510113735423429 ], [ 76.167254625210106, 11.511012050707548 ], [ 76.166356309925987, 11.511012050707549 ], [ 76.166356309925987, 11.511910365991669 ], [ 76.167254625210106, 11.511910365991671 ], [ 76.167254625210106, 11.512808681275789 ] ], [ [ 76.170847886346593, 11.509215420139309 ], [ 76.170847886346593, 11.508317104855191 ], [ 76.171746201630711, 11.508317104855191 ], [ 76.171746201630711, 11.509215420139308 ], [ 76.170847886346593, 11.509215420139309 ] ] ], [ [ [ 76.179831039187789, 11.506520474286949 ], [ 76.179831039187789, 11.508317104855189 ], [ 76.180729354471907, 11.508317104855191 ], [ 76.180729354471907, 11.506520474286951 ], [ 76.179831039187789, 11.506520474286949 ] ] ] ] } },
{ "type": "Feature", "properties": { "hotspot_id": 36, "area_km2": 0.60291965356888699, "mean_risk": 0.6224, "max_risk": 1.0, "built_area_km2": 0.0568 }, "geometry": { "type": "MultiPolygon", "coordinates": [ [ [ [ 76.038795539581017, 11.79128641935284 ], [ 76.040592170149253, 11.791286419352842 ], [ 76.040592170149253, 11.79038810406872 ], [ 76.041490485433386, 11.790388104068718 ], [ 76.041490485433386, 11.78859147350048 ], [ 76.039693854865135, 11.788591473500484 ], [ 76.039693854865135, 11.78769315821636 ], [ 76.038795539581017, 11.787693158216362 ], [ 76.038795539581017, 11.78859147350048 ], [ 76.037897224296898, 11.788591473500482 ], [ 76.037897224296898, 11.790388104068716 ], [ 76.038795539581017, 11.790388104068718 ], [ 76.038795539581017, 11.79128641935284 ] ] ], [ [ [ 76.038795539581017, 11.787693158216362 ], [ 76.038795539581017, 11.78589652764812 ], [ 76.039693854865135, 11.785896527648122 ], [ 76.039693854865135, 11.784099897079885 ], [ 76.041490485433386, 11.784099897079884 ], [ 76.041490485433386, 11.783201581795764 ], [ 76.042388800717504, 11.783201581795764 ], [ 76.042388800717504, 11.781404951227524 ], [ 76.041490485433386, 11.781404951227522 ], [ 76.041490485433386, 11.780506635943404 ], [ 76.040592170149253, 11.780506635943405 ], [ 76.040592170149253, 11.779608320659282 ], [ 76.039693854865135, 11.779608320659285 ], [ 76.039693854865135, 11.778710005375167 ], [ 76.038795539581017, 11.778710005375165 ], [ 76.038795539581017, 11.775116744238685 ], [ 76.039693854865135, 11.775116744238691 ], [ 76.039693854865135, 11.774218428954571 ], [ 76.038795539581017, 11.774218428954569 ], [ 76.038795539581017, 11.773320113670449 ], [ 76.037897224296898, 11.773320113670449 ], [ 76.037897224296898, 11.775116744238689 ], [ 76.03699890901278, 11.775116744238689 ], [ 76.03699890901278, 11.776015059522807 ], [ 76.036100593728662, 11.776015059522805 ], [ 76.036100593728662, 11.782303266511645 ], [ 76.037897224296898, 11.782303266511647 ], [ 76.037897224296898, 11.78769315821636 ], [ 76.038795539581017, 11.787693158216362 ] ] ] ] } },
{ "type": "Feature", "properties": { "hotspot_id": 37, "area_km2": 0.5936096561243287, "mean_risk": 0.5328, "max_risk": 1.0, "built_area_km2": 0.0383 }, "geometry": { "type": "MultiPolygon", "coordinates": [ [ [ [ 76.153779895948318, 11.611623362528936 ], [ 76.155576526516569, 11.611623362528936 ], [ 76.155576526516569, 11.610725047244816 ], [ 76.156474841800673, 11.610725047244816 ], [ 76.156474841800673, 11.609826731960698 ], [ 76.157373157084791, 11.609826731960695 ], [ 76.157373157084791, 11.608928416676576 ], [ 76.159169787653042, 11.608928416676576 ], [ 76.159169787653042, 11.608030101392457 ], [ 76.16006810293716, 11.608030101392457 ], [ 76.16006810293716, 11.607131786108338 ], [ 76.158271472368924, 11.607131786108337 ], [ 76.158271472368924, 11.606233470824217 ], [ 76.157373157084791, 11.606233470824218 ], [ 76.157373157084791, 11.605335155540097 ], [ 76.155576526516569, 11.605335155540098 ], [ 76.155576526516569, 11.604436840255977 ], [ 76.1528815806642, 11.604436840255978 ], [ 76.1528815806642, 11.606233470824218 ], [ 76.153779895948318, 11.60623347082422 ], [ 76.153779895948318, 11.607131786108337 ], [ 76.154678211232437, 11.607131786108338 ], [ 76.154678211232437, 11.609826731960695 ], [ 76.153779895948318, 11.609826731960695 ], [ 76.153779895948318, 11.611623362528936 ] ] ], [ [ [ 76.157373157084791, 11.605335155540097 ], [ 76.160966418221292, 11.605335155540098 ], [ 76.160966418221292, 11.60353852497186 ], [ 76.16006810293716, 11.603538524971858 ], [ 76.16006810293716, 11.599945263835384 ], [ 76.159169787653042, 11.59994526383538 ], [ 76.159169787653042, 11.599046948551262 ], [ 76.157373157084791, 11.599046948551258 ], [ 76.157373157084791, 11.599945263835382 ], [ 76.156474841800673, 11.59994526383538 ], [ 76.156474841800673, 11.601741894403618 ], [ 76.157373157084791, 11.601741894403617 ], [ 76.157373157084791, 11.602640209687742 ], [ 76.156474841800673, 11.602640209687738 ], [ 76.156474841800673, 11.60443684025598 ], [ 76.157373157084791, 11.604436840255977 ], [ 76.157373157084791, 11.605335155540097 ] ] ], [ [ [ 76.16006810293716, 11.608030101392457 ], [ 76.16006810293716, 11.608928416676576 ], [ 76.160966418221292, 11.608928416676575 ], [ 76.160966418221292, 11.609826731960695 ], [ 76.161864733505396, 11.609826731960696 ], [ 76.161864733505396, 11.608030101392455 ], [ 76.16006810293716, 11.608030101392457 ] ] ] ] } },
{ "type": "Feature", "properties": { "hotspot_id": 38, "area_km2": 0.58373902005962852, "mean_risk": 0.5837, "max_risk": 1.0, "built_area_km2": 0.0397 }, "geometry": { "type": "MultiPolygon", "coordinates": [ [ [ [ 76.047778692422213, 11.652047550314315 ], [ 76.047778692422213, 11.652945865598433 ], [ 76.045982061853977, 11.652945865598431 ], [ 76.045982061853977, 11.654742496166675 ], [ 76.046880377138095, 11.654742496166671 ], [ 76.046880377138095, 11.655640811450789 ], [ 76.050473638274568, 11.655640811450791 ], [ 76.050473638274568, 11.656539126734907 ], [ 76.0513719535587, 11.656539126734911 ], [ 76.0513719535587, 11.658335757303151 ], [ 76.053168584126936, 11.658335757303149 ], [ 76.053168584126936, 11.657437442019033 ], [ 76.05855847583166, 11.657437442019027 ], [ 76.05855847583166, 11.656539126734913 ], [ 76.059456791115764, 11.656539126734911 ], [ 76.059456791115764, 11.655640811450791 ], [ 76.054066899411055, 11.655640811450791 ], [ 76.054066899411055, 11.654742496166671 ], [ 76.052270268842818, 11.654742496166671 ], [ 76.052270268842818, 11.652945865598433 ], [ 76.054066899411055, 11.652945865598431 ], [ 76.054066899411055, 11.648454289177836 ], [ 76.052270268842818, 11.648454289177836 ], [ 76.052270268842818, 11.649352604461953 ], [ 76.0513719535587, 11.649352604461956 ], [ 76.0513719535587, 11.652047550314315 ], [ 76.050473638274568, 11.652047550314313 ], [ 76.050473638274568, 11.652945865598431 ], [ 76.049575322990449, 11.652945865598431 ], [ 76.049575322990449, 11.652047550314316 ], [ 76.047778692422213, 11.652047550314315 ] ] ], [ [ [ 76.047778692422213, 11.652047550314315 ], [ 76.047778692422213, 11.651149235030195 ], [ 76.046880377138095, 11.651149235030191 ], [ 76.046880377138095, 11.652047550314315 ], [ 76.047778692422213, 11.652047550314315 ] ] ] ] } },
{ "type": "Feature", "properties": { "hotspot_id": 39, "area_km2": 0.58371886950525065, "mean_risk": 0.5265, "max_risk": 1.0, "built_area_km2": 0.067 }, "geometry": { "type": "MultiPolygon", "coordinates": [ [ [ [ 76.039693854865135, 11.667318910144347 ], [ 76.040592170149253, 11.667318910144346 ], [ 76.040592170149253, 11.666420594860224 ], [ 76.04418543128574, 11.666420594860224 ], [ 76.04418543128574, 11.665522279576107 ], [ 76.043287116001622, 11.665522279576107 ], [ 76.043287116001622, 11.664623964291989 ], [ 76.045083746569858, 11.664623964291987 ], [ 76.045083746569858, 11.665522279576106 ], [ 76.047778692422213, 11.665522279576106 ], [ 76.047778692422213, 11.663725649007866 ], [ 76.046880377138095, 11.663725649007866 ], [ 76.046880377138095, 11.662827333723747 ], [ 76.045982061853977, 11.662827333723747 ], [ 76.045982061853977, 11.661929018439631 ], [ 76.045083746569858, 11.661929018439631 ], [ 76.045083746569858, 11.660132387871389 ], [ 76.04418543128574, 11.660132387871389 ], [ 76.04418543128574, 11.659234072587269 ], [ 76.045083746569858, 11.659234072587271 ], [ 76.045083746569858, 11.658335757303149 ], [ 76.04418543128574, 11.658335757303151 ], [ 76.04418543128574, 11.657437442019029 ], [ 76.043287116001622, 11.657437442019033 ], [ 76.043287116001622, 11.658335757303151 ], [ 76.042388800717504, 11.658335757303149 ], [ 76.042388800717504, 11.659234072587269 ], [ 76.041490485433386, 11.659234072587269 ], [ 76.041490485433386, 11.661929018439629 ], [ 76.042388800717504, 11.661929018439629 ], [ 76.042388800717504, 11.663725649007867 ], [ 76.039693854865135, 11.663725649007866 ], [ 76.039693854865135, 11.665522279576107 ], [ 76.038795539581017, 11.665522279576106 ], [ 76.038795539581017, 11.666420594860224 ], [ 76.039693854865135, 11.666420594860224 ], [ 76.039693854865135, 11.667318910144347 ] ] ], [ [ [ 76.047778692422213, 11.663725649007866 ], [ 76.048677007706331, 11.663725649007864 ], [ 76.048677007706331, 11.662827333723746 ], [ 76.049575322990449, 11.662827333723747 ], [ 76.049575322990449, 11.661929018439631 ], [ 76.048677007706331, 11.661929018439629 ], [ 76.048677007706331, 11.661030703155509 ], [ 76.047778692422213, 11.661030703155507 ], [ 76.047778692422213, 11.663725649007866 ] ] ], [ [ [ 76.049575322990449, 11.661929018439631 ], [ 76.0513719535587, 11.661929018439631 ], [ 76.0513719535587, 11.662827333723747 ], [ 76.053168584126936, 11.662827333723749 ], [ 76.053168584126936, 11.661030703155511 ], [ 76.052270268842818, 11.661030703155511 ], [ 76.052270268842818, 11.660132387871387 ], [ 76.049575322990449, 11.660132387871389 ], [ 76.049575322990449, 11.661929018439631 ] ] ] ] } },
{ "type": "Feature", "properties": { "hotspot_id": 40, "area_km2": 0.55467756372472898, "mean_risk": 0.5285, "max_risk": 1.0, "built_area_km2": 0.0399 }, "geometry": { "type": "MultiPolygon", "coordinates": [ [ [ [ 76.135813590265926, 11.60264020968774 ], [ 76.136711905550044, 11.60264020968774 ], [ 76.136711905550044, 11.603538524971858 ], [ 76.138508536118295, 11.603538524971858 ], [ 76.138508536118295, 11.602640209687738 ], [ 76.139406851402413, 11.602640209687738 ], [ 76.139406851402413, 11.60353852497186 ], [ 76.140305166686531, 11.60353852497186 ], [ 76.140305166686531, 11.605335155540097 ], [ 76.141203481970649, 11.605335155540095 ], [ 76.141203481970649, 11.60443684025598 ], [ 76.142101797254767, 11.604436840255978 ], [ 76.142101797254767, 11.60174189440362 ], [ 76.143000112538886, 11.60174189440362 ], [ 76.143000112538886, 11.599945263835382 ], [ 76.140305166686531, 11.599945263835382 ], [ 76.140305166686531, 11.6008435791195 ], [ 76.139406851402413, 11.600843579119504 ], [ 76.139406851402413, 11.60174189440362 ], [ 76.138508536118295, 11.60174189440362 ], [ 76.138508536118295, 11.600843579119502 ], [ 76.137610220834162, 11.600843579119502 ], [ 76.137610220834162, 11.599945263835378 ], [ 76.136711905550044, 11.599945263835384 ], [ 76.136711905550044, 11.600843579119504 ], [ 76.135813590265926, 11.6008435791195 ], [ 76.135813590265926, 11.60264020968774 ] ] ], [ [ [ 76.135813590265926, 11.60264020968774 ], [ 76.134915274981807, 11.60264020968774 ], [ 76.134915274981807, 11.603538524971862 ], [ 76.135813590265926, 11.60353852497186 ], [ 76.135813590265926, 11.60264020968774 ] ] ], [ [ [ 76.140305166686531, 11.605335155540097 ], [ 76.139406851402413, 11.605335155540098 ], [ 76.139406851402413, 11.606233470824218 ], [ 76.137610220834162, 11.606233470824218 ], [ 76.137610220834162, 11.605335155540097 ], [ 76.135813590265926, 11.605335155540098 ], [ 76.135813590265926, 11.608030101392457 ], [ 76.136711905550044, 11.608030101392458 ], [ 76.136711905550044, 11.608928416676578 ], [ 76.137610220834162, 11.608928416676575 ], [ 76.137610220834162, 11.610725047244816 ], [ 76.136711905550044, 11.610725047244816 ], [ 76.136711905550044, 11.612521677813053 ], [ 76.138508536118295, 11.612521677813055 ], [ 76.138508536118295, 11.611623362528935 ], [ 76.139406851402413, 11.611623362528936 ], [ 76.139406851402413, 11.610725047244816 ], [ 76.140305166686531, 11.610725047244815 ], [ 76.140305166686531, 11.608030101392458 ], [ 76.141203481970649, 11.608030101392458 ], [ 76.141203481970649, 11.606233470824217 ], [ 76.140305166686531, 11.60623347082422 ], [ 76.140305166686531, 11.605335155540097 ] ] ] ] } },
{ "type": "Feature", "properties": { "hotspot_id": 41, "area_km2": 0.54503096233648729, "mean_risk": 0.3068, "max_risk": 0.3306, "built_area_km2": 0.2544 }, "geometry": { "type": "MultiPolygon", "coordinates": [ [ [ [ 76.032507332592189, 11.542453085651731 ], [ 76.034303963160426, 11.542453085651729 ], [ 76.034303963160426, 11.541554770367611 ], [ 76.036100593728662, 11.541554770367615 ], [ 76.036100593728662, 11.540656455083493 ], [ 76.03699890901278, 11.540656455083491 ], [ 76.03699890901278, 11.542453085651733 ], [ 76.035202278444544, 11.542453085651733 ], [ 76.035202278444544, 11.543351400935849 ], [ 76.034303963160426, 11.543351400935851 ], [ 76.034303963160426, 11.544249716219971 ], [ 76.033405647876307, 11.544249716219971 ], [ 76.033405647876307, 11.545148031504095 ], [ 76.032507332592189, 11.545148031504089 ], [ 76.032507332592189, 11.546046346788209 ], [ 76.034303963160426, 11.546046346788213 ], [ 76.034303963160426, 11.545148031504095 ], [ 76.035202278444544, 11.545148031504089 ], [ 76.035202278444544, 11.544249716219971 ], [ 76.036100593728662, 11.544249716219971 ], [ 76.036100593728662, 11.545148031504093 ], [ 76.03699890901278, 11.545148031504089 ], [ 76.03699890901278, 11.544249716219973 ], [ 76.039693854865135, 11.544249716219971 ], [ 76.039693854865135, 11.543351400935848 ], [ 76.040592170149253, 11.543351400935848 ], [ 76.040592170149253, 11.542453085651733 ], [ 76.039693854865135, 11.542453085651729 ], [ 76.039693854865135, 11.541554770367609 ], [ 76.038795539581017, 11.541554770367611 ], [ 76.038795539581017, 11.539758139799371 ], [ 76.039693854865135, 11.539758139799371 ], [ 76.039693854865135, 11.537961509231133 ], [ 76.038795539581017, 11.537961509231137 ], [ 76.038795539581017, 11.538859824515256 ], [ 76.037897224296898, 11.538859824515253 ], [ 76.037897224296898, 11.539758139799373 ], [ 76.036100593728662, 11.539758139799371 ], [ 76.036100593728662, 11.538859824515255 ], [ 76.035202278444544, 11.538859824515253 ], [ 76.035202278444544, 11.537961509231133 ], [ 76.034303963160426, 11.537961509231135 ], [ 76.034303963160426, 11.537063193947015 ], [ 76.033405647876307, 11.537063193947015 ], [ 76.033405647876307, 11.541554770367615 ], [ 76.032507332592189, 11.541554770367613 ], [ 76.032507332592189, 11.542453085651731 ] ] ], [ [ [ 76.032507332592189, 11.542453085651731 ], [ 76.031609017308071, 11.542453085651731 ], [ 76.031609017308071, 11.543351400935849 ], [ 76.02981238673982, 11.543351400935853 ], [ 76.02981238673982, 11.544249716219968 ], [ 76.032507332592189, 11.544249716219969 ], [ 76.032507332592189, 11.542453085651731 ] ] ], [ [ [ 76.034303963160426, 11.537063193947015 ], [ 76.035202278444544, 11.537063193947015 ], [ 76.035202278444544, 11.536164878662895 ], [ 76.034303963160426, 11.536164878662895 ], [ 76.034303963160426, 11.537063193947015 ] ] ], [ [ [ 76.034303963160426, 11.536164878662895 ], [ 76.034303963160426, 11.535266563378775 ], [ 76.033405647876307, 11.535266563378777 ], [ 76.033405647876307, 11.536164878662897 ], [ 76.034303963160426, 11.536164878662895 ] ] ], [ [ [ 76.039693854865135, 11.537961509231133 ], [ 76.040592170149253, 11.537961509231133 ], [ 76.040592170149253, 11.537063193947015 ], [ 76.039693854865135, 11.537063193947017 ], [ 76.039693854865135, 11.537961509231133 ] ] ], [ [ [ 76.040592170149253, 11.537063193947015 ], [ 76.041490485433386, 11.537063193947018 ], [ 76.041490485433386, 11.536164878662895 ], [ 76.040592170149253, 11.536164878662897 ], [ 76.040592170149253, 11.537063193947015 ] ] ], [ [ [ 76.034303963160426, 11.546046346788213 ], [ 76.034303963160426, 11.546944662072328 ], [ 76.033405647876307, 11.546944662072328 ], [ 76.033405647876307, 11.548741292640567 ], [ 76.035202278444544, 11.548741292640567 ], [ 76.035202278444544, 11.547842977356449 ], [ 76.036100593728662, 11.547842977356453 ], [ 76.036100593728662, 11.546944662072328 ], [ 76.035202278444544, 11.546944662072329 ], [ 76.035202278444544, 11.546046346788208 ], [ 76.034303963160426, 11.546046346788213 ] ] ] ] } },
{ "type": "Feature", "properties": { "hotspot_id": 42, "area_km2": 0.53506416003452417, "mean_risk": 0.5891, "max_risk": 1.0, "built_area_km2": 0.035 }, "geometry": { "type": "MultiPolygon", "coordinates": [ [ [ [ 76.098084348332904, 11.684386900542616 ], [ 76.098982663617022, 11.684386900542616 ], [ 76.098982663617022, 11.683488585258495 ], [ 76.099880978901155, 11.683488585258496 ], [ 76.099880978901155, 11.681691954690258 ], [ 76.101677609469391, 11.681691954690256 ], [ 76.101677609469391, 11.682590269974378 ], [ 76.103474240037627, 11.682590269974375 ], [ 76.103474240037627, 11.681691954690258 ], [ 76.104372555321746, 11.681691954690256 ], [ 76.104372555321746, 11.680793639406138 ], [ 76.105270870605864, 11.680793639406138 ], [ 76.105270870605864, 11.679895324122018 ], [ 76.106169185889996, 11.679895324122016 ], [ 76.106169185889996, 11.678997008837896 ], [ 76.1070675011741, 11.6789970088379 ], [ 76.1070675011741, 11.678098693553778 ], [ 76.107965816458218, 11.678098693553778 ], [ 76.107965816458218, 11.67720037826966 ], [ 76.1070675011741, 11.677200378269658 ], [ 76.1070675011741, 11.675403747701422 ], [ 76.106169185889996, 11.67540374770142 ], [ 76.106169185889996, 11.674505432417302 ], [ 76.104372555321746, 11.674505432417304 ], [ 76.104372555321746, 11.673607117133178 ], [ 76.103474240037627, 11.67360711713318 ], [ 76.103474240037627, 11.674505432417302 ], [ 76.102575924753509, 11.674505432417304 ], [ 76.102575924753509, 11.67540374770142 ], [ 76.104372555321746, 11.67540374770142 ], [ 76.104372555321746, 11.67630206298554 ], [ 76.103474240037627, 11.67630206298554 ], [ 76.103474240037627, 11.6789970088379 ], [ 76.100779294185273, 11.6789970088379 ], [ 76.100779294185273, 11.679895324122015 ], [ 76.097186033048786, 11.679895324122015 ], [ 76.097186033048786, 11.683488585258498 ], [ 76.098084348332904, 11.683488585258496 ], [ 76.098084348332904, 11.684386900542616 ] ] ], [ [ [ 76.104372555321746, 11.673607117133178 ], [ 76.105270870605864, 11.67360711713318 ], [ 76.105270870605864, 11.671810486564942 ], [ 76.104372555321746, 11.671810486564944 ], [ 76.104372555321746, 11.673607117133178 ] ] ] ] } },
{ "type": "Feature", "properties": { "hotspot_id": 43, "area_km2": 0.53482185330436216, "mean_risk": 0.5752, "max_risk": 1.0, "built_area_km2": 0.0365 }, "geometry": { "type": "MultiPolygon", "coordinates": [ [ [ [ 76.091796141344076, 11.808354409751111 ], [ 76.096287717764667, 11.808354409751109 ], [ 76.096287717764667, 11.807456094466991 ], [ 76.097186033048786, 11.807456094466991 ], [ 76.097186033048786, 11.806557779182871 ], [ 76.098084348332904, 11.806557779182871 ], [ 76.098084348332904, 11.803862833330509 ], [ 76.098982663617022, 11.803862833330514 ], [ 76.098982663617022, 11.802964518046393 ], [ 76.095389402480549, 11.802964518046389 ], [ 76.095389402480549, 11.803862833330511 ], [ 76.093592771912313, 11.803862833330511 ], [ 76.093592771912313, 11.804761148614631 ], [ 76.090897826059958, 11.804761148614634 ], [ 76.090897826059958, 11.805659463898749 ], [ 76.088202880207589, 11.805659463898751 ], [ 76.088202880207589, 11.804761148614631 ], [ 76.087304564923471, 11.804761148614631 ], [ 76.087304564923471, 11.803862833330513 ], [ 76.086406249639353, 11.803862833330511 ], [ 76.086406249639353, 11.802066202762273 ], [ 76.084609619071117, 11.802066202762274 ], [ 76.084609619071117, 11.805659463898751 ], [ 76.086406249639353, 11.805659463898753 ], [ 76.086406249639353, 11.806557779182869 ], [ 76.08999951077584, 11.806557779182871 ], [ 76.08999951077584, 11.807456094466991 ], [ 76.091796141344076, 11.807456094466989 ], [ 76.091796141344076, 11.808354409751111 ] ] ], [ [ [ 76.098982663617022, 11.802964518046393 ], [ 76.099880978901155, 11.802964518046393 ], [ 76.099880978901155, 11.802066202762273 ], [ 76.098982663617022, 11.802066202762276 ], [ 76.098982663617022, 11.802964518046393 ] ] ] ] } },
{ "type": "Feature", "properties": { "hotspot_id": 44, "area_km2": 0.52487167418221048, "mean_risk": 0.5817, "max_risk": 1.0, "built_area_km2": 0.0274 }, "geometry": { "type": "Polygon", "coordinates": [ [ [ 76.033405647876307, 11.921542135550171 ], [ 76.036100593728662, 11.921542135550173 ], [ 76.036100593728662, 11.919745504981929 ], [ 76.037897224296898, 11.919745504981929 ], [ 76.037897224296898, 11.920643820266049 ], [ 76.040592170149253, 11.920643820266049 ], [ 76.040592170149253, 11.916152243845451 ], [ 76.042388800717504, 11.916152243845451 ], [ 76.042388800717504, 11.915253928561334 ], [ 76.043287116001622, 11.915253928561334 ], [ 76.043287116001622, 11.914355613277214 ], [ 76.045083746569858, 11.914355613277216 ], [ 76.045083746569858, 11.913457297993094 ], [ 76.045982061853977, 11.913457297993091 ], [ 76.045982061853977, 11.912558982708974 ], [ 76.046880377138095, 11.912558982708973 ], [ 76.046880377138095, 11.911660667424853 ], [ 76.045982061853977, 11.91166066742486 ], [ 76.045982061853977, 11.910762352140736 ], [ 76.045083746569858, 11.910762352140736 ], [ 76.045083746569858, 11.911660667424856 ], [ 76.043287116001622, 11.911660667424853 ], [ 76.043287116001622, 11.913457297993094 ], [ 76.039693854865135, 11.913457297993093 ], [ 76.039693854865135, 11.914355613277214 ], [ 76.038795539581017, 11.914355613277211 ], [ 76.038795539581017, 11.915253928561333 ], [ 76.037897224296898, 11.915253928561338 ], [ 76.037897224296898, 11.916152243845451 ], [ 76.03699890901278, 11.916152243845454 ], [ 76.03699890901278, 11.917050559129571 ], [ 76.036100593728662, 11.917050559129571 ], [ 76.036100593728662, 11.917948874413693 ], [ 76.035202278444544, 11.917948874413691 ], [ 76.035202278444544, 11.918847189697813 ], [ 76.034303963160426, 11.918847189697813 ], [ 76.034303963160426, 11.920643820266047 ], [ 76.033405647876307, 11.920643820266051 ], [ 76.033405647876307, 11.921542135550171 ] ] ] } },
{ "type": "Feature", "properties": { "hotspot_id": 45, "area_km2": 0.51578447874604438, "mean_risk": 0.6883, "max_risk": 1.0, "built_area_km2": 0.0246 }, "geometry": { "type": "Polygon", "coordinates": [ [ [ 76.155576526516569, 11.596352002698904 ], [ 76.16006810293716, 11.596352002698902 ], [ 76.16006810293716, 11.59545368741478 ], [ 76.160966418221292, 11.595453687414782 ], [ 76.160966418221292, 11.59455537213066 ], [ 76.16006810293716, 11.59455537213066 ], [ 76.16006810293716, 11.593657056846544 ], [ 76.159169787653042, 11.593657056846546 ], [ 76.159169787653042, 11.591860426278306 ], [ 76.158271472368924, 11.591860426278304 ], [ 76.158271472368924, 11.590063795710067 ], [ 76.159169787653042, 11.590063795710066 ], [ 76.159169787653042, 11.590962110994186 ], [ 76.161864733505396, 11.590962110994184 ], [ 76.161864733505396, 11.589165480425946 ], [ 76.160966418221292, 11.589165480425946 ], [ 76.160966418221292, 11.588267165141822 ], [ 76.159169787653042, 11.588267165141827 ], [ 76.159169787653042, 11.589165480425949 ], [ 76.157373157084791, 11.589165480425949 ], [ 76.157373157084791, 11.587368849857709 ], [ 76.154678211232437, 11.587368849857709 ], [ 76.154678211232437, 11.588267165141827 ], [ 76.1528815806642, 11.588267165141829 ], [ 76.1528815806642, 11.590962110994189 ], [ 76.154678211232437, 11.590962110994186 ], [ 76.154678211232437, 11.590063795710066 ], [ 76.155576526516569, 11.590063795710067 ], [ 76.155576526516569, 11.590962110994187 ], [ 76.156474841800673, 11.590962110994186 ], [ 76.156474841800673, 11.592758741562426 ], [ 76.155576526516569, 11.592758741562424 ], [ 76.155576526516569, 11.596352002698904 ] ] ] } },
{ "type": "Feature", "properties": { "hotspot_id": 46, "area_km2": 0.51564056181805407, "mean_risk": 0.5594, "max_risk": 1.0, "built_area_km2": 0.0517 }, "geometry": { "type": "MultiPolygon", "coordinates": [ [ [ [ 76.122338861004138, 11.669115540712587 ], [ 76.128627067992966, 11.669115540712584 ], [ 76.128627067992966, 11.668217225428464 ], [ 76.129525383277098, 11.668217225428464 ], [ 76.129525383277098, 11.666420594860224 ], [ 76.128627067992966, 11.666420594860224 ], [ 76.128627067992966, 11.665522279576107 ], [ 76.127728752708848, 11.665522279576104 ], [ 76.127728752708848, 11.663725649007862 ], [ 76.126830437424729, 11.663725649007866 ], [ 76.126830437424729, 11.660132387871389 ], [ 76.122338861004138, 11.660132387871389 ], [ 76.122338861004138, 11.661030703155509 ], [ 76.123237176288256, 11.661030703155511 ], [ 76.123237176288256, 11.661929018439631 ], [ 76.125033806856493, 11.661929018439631 ], [ 76.125033806856493, 11.663725649007864 ], [ 76.125932122140611, 11.663725649007867 ], [ 76.125932122140611, 11.666420594860224 ], [ 76.124135491572375, 11.666420594860224 ], [ 76.124135491572375, 11.665522279576106 ], [ 76.125033806856493, 11.665522279576104 ], [ 76.125033806856493, 11.664623964291987 ], [ 76.124135491572375, 11.664623964291989 ], [ 76.124135491572375, 11.663725649007864 ], [ 76.123237176288256, 11.663725649007867 ], [ 76.123237176288256, 11.664623964291987 ], [ 76.120542230435902, 11.664623964291989 ], [ 76.120542230435902, 11.666420594860224 ], [ 76.123237176288256, 11.666420594860226 ], [ 76.123237176288256, 11.667318910144344 ], [ 76.122338861004138, 11.667318910144344 ], [ 76.122338861004138, 11.669115540712587 ] ] ], [ [ [ 76.122338861004138, 11.660132387871389 ], [ 76.122338861004138, 11.659234072587269 ], [ 76.12144054572002, 11.659234072587271 ], [ 76.12144054572002, 11.660132387871389 ], [ 76.122338861004138, 11.660132387871389 ] ] ] ] } },
{ "type": "Feature", "properties": { "hotspot_id": 47, "area_km2": 0.50591631246781643, "mean_risk": 0.6009, "max_risk": 0.9933, "built_area_km2": 0.0187 }, "geometry": { "type": "Polygon", "coordinates": [ [ [ 75.957048848726146, 11.631386298779564 ], [ 75.956150533442027, 11.631386298779564 ], [ 75.956150533442027, 11.630487983495447 ], [ 75.955252218157909, 11.630487983495446 ], [ 75.955252218157909, 11.629589668211324 ], [ 75.954353902873791, 11.629589668211326 ], [ 75.954353902873791, 11.634081244631922 ], [ 75.955252218157909, 11.634081244631922 ], [ 75.955252218157909, 11.634979559916044 ], [ 75.953455587589673, 11.634979559916044 ], [ 75.953455587589673, 11.636776190484282 ], [ 75.95255727230554, 11.636776190484284 ], [ 75.95255727230554, 11.637674505768402 ], [ 75.957947164010264, 11.6376745057684 ], [ 75.957947164010264, 11.638572821052518 ], [ 75.958845479294382, 11.63857282105252 ], [ 75.958845479294382, 11.636776190484282 ], [ 75.957947164010264, 11.636776190484282 ], [ 75.957947164010264, 11.634979559916044 ], [ 75.957048848726146, 11.634979559916044 ], [ 75.957048848726146, 11.633182929347802 ], [ 75.963337055714987, 11.633182929347804 ], [ 75.963337055714987, 11.634081244631922 ], [ 75.964235370999106, 11.634081244631922 ], [ 75.964235370999106, 11.631386298779566 ], [ 75.961540425146737, 11.631386298779566 ], [ 75.961540425146737, 11.630487983495444 ], [ 75.959743794578515, 11.630487983495446 ], [ 75.959743794578515, 11.631386298779564 ], [ 75.958845479294382, 11.631386298779564 ], [ 75.958845479294382, 11.630487983495446 ], [ 75.957048848726146, 11.630487983495447 ], [ 75.957048848726146, 11.631386298779564 ] ], [ [ 75.957048848726146, 11.632284614063684 ], [ 75.957048848726146, 11.631386298779564 ], [ 75.957947164010264, 11.631386298779564 ], [ 75.957947164010264, 11.632284614063684 ], [ 75.957048848726146, 11.632284614063684 ] ] ] } },
{ "type": "Feature", "properties": { "hotspot_id": 48, "area_km2": 0.50571477572298995, "mean_risk": 0.3132, "max_risk": 0.3746, "built_area_km2": 0.0287 }, "geometry": { "type": "MultiPolygon", "coordinates": [ [ [ [ 75.881590364860102, 11.740980763442145 ], [ 75.884285310712457, 11.740980763442147 ], [ 75.884285310712457, 11.740082448158027 ], [ 75.881590364860102, 11.740082448158027 ], [ 75.881590364860102, 11.740980763442145 ] ] ], [ [ [ 75.884285310712457, 11.740082448158027 ], [ 75.887878571848944, 11.740082448158029 ], [ 75.887878571848944, 11.739184132873907 ], [ 75.884285310712457, 11.739184132873905 ], [ 75.884285310712457, 11.740082448158027 ] ] ], [ [ [ 75.887878571848944, 11.739184132873907 ], [ 75.888776887133062, 11.739184132873909 ], [ 75.888776887133062, 11.738285817589786 ], [ 75.892370148269535, 11.738285817589784 ], [ 75.892370148269535, 11.739184132873909 ], [ 75.893268463553653, 11.739184132873905 ], [ 75.893268463553653, 11.737387502305667 ], [ 75.894166778837771, 11.737387502305666 ], [ 75.894166778837771, 11.736489187021549 ], [ 75.895065094121904, 11.736489187021549 ], [ 75.895065094121904, 11.735590871737427 ], [ 75.894166778837771, 11.735590871737424 ], [ 75.894166778837771, 11.734692556453309 ], [ 75.892370148269535, 11.734692556453311 ], [ 75.892370148269535, 11.733794241169189 ], [ 75.88967520241718, 11.733794241169191 ], [ 75.88967520241718, 11.734692556453309 ], [ 75.886980256564826, 11.734692556453311 ], [ 75.886980256564826, 11.733794241169191 ], [ 75.887878571848944, 11.733794241169191 ], [ 75.887878571848944, 11.731099295316829 ], [ 75.886980256564826, 11.731099295316829 ], [ 75.886980256564826, 11.731997610600951 ], [ 75.886081941280707, 11.731997610600956 ], [ 75.886081941280707, 11.733794241169193 ], [ 75.885183625996589, 11.733794241169193 ], [ 75.885183625996589, 11.735590871737426 ], [ 75.888776887133062, 11.735590871737431 ], [ 75.888776887133062, 11.736489187021549 ], [ 75.887878571848944, 11.736489187021549 ], [ 75.887878571848944, 11.739184132873907 ] ], [ [ 75.88967520241718, 11.736489187021547 ], [ 75.88967520241718, 11.735590871737426 ], [ 75.891471832985417, 11.735590871737426 ], [ 75.891471832985417, 11.736489187021549 ], [ 75.88967520241718, 11.736489187021547 ] ], [ [ 75.891471832985417, 11.736489187021549 ], [ 75.892370148269535, 11.736489187021547 ], [ 75.892370148269535, 11.737387502305664 ], [ 75.891471832985417, 11.737387502305669 ], [ 75.891471832985417, 11.736489187021549 ] ] ], [ [ [ 75.887878571848944, 11.731099295316829 ], [ 75.888776887133062, 11.731099295316829 ], [ 75.888776887133062, 11.730200980032713 ], [ 75.887878571848944, 11.730200980032714 ], [ 75.887878571848944, 11.731099295316829 ] ] ], [ [ [ 75.888776887133062, 11.731099295316829 ], [ 75.888776887133062, 11.731997610600951 ], [ 75.891471832985417, 11.731997610600953 ], [ 75.891471832985417, 11.731099295316831 ], [ 75.888776887133062, 11.731099295316829 ] ] ], [ [ [ 75.891471832985417, 11.731997610600953 ], [ 75.891471832985417, 11.732895925885069 ], [ 75.893268463553653, 11.732895925885069 ], [ 75.893268463553653, 11.731997610600951 ], [ 75.891471832985417, 11.731997610600953 ] ] ] ] } },
{ "type": "Feature", "properties": { "hotspot_id": 49, "area_km2": 0.4861770642855136, "mean_risk": 0.3767, "max_risk": 0.8663, "built_area_km2": 0.1896 }, "geometry": { "type": "MultiPolygon", "coordinates": [ [ [ [ 75.988489883670326, 11.800269572194027 ], [ 75.988489883670326, 11.801167887478153 ], [ 75.990286514238562, 11.801167887478153 ], [ 75.990286514238562, 11.802066202762273 ], [ 75.992083144806799, 11.802066202762271 ], [ 75.992083144806799, 11.802964518046391 ], [ 75.987591568386208, 11.802964518046393 ], [ 75.987591568386208, 11.803862833330513 ], [ 75.988489883670326, 11.803862833330509 ], [ 75.988489883670326, 11.804761148614631 ], [ 75.99118482952268, 11.804761148614631 ], [ 75.99118482952268, 11.803862833330513 ], [ 75.992981460090931, 11.803862833330513 ], [ 75.992981460090931, 11.801167887478153 ], [ 75.995676405943286, 11.801167887478154 ], [ 75.995676405943286, 11.800269572194036 ], [ 75.994778090659167, 11.800269572194034 ], [ 75.994778090659167, 11.799371256909915 ], [ 75.993879775375049, 11.799371256909916 ], [ 75.993879775375049, 11.798472941625793 ], [ 75.992981460090931, 11.798472941625796 ], [ 75.992981460090931, 11.799371256909916 ], [ 75.990286514238562, 11.799371256909913 ], [ 75.990286514238562, 11.800269572194033 ], [ 75.988489883670326, 11.800269572194027 ] ] ], [ [ [ 75.988489883670326, 11.800269572194027 ], [ 75.988489883670326, 11.799371256909915 ], [ 75.989388198954444, 11.799371256909916 ], [ 75.989388198954444, 11.797574626341676 ], [ 75.988489883670326, 11.797574626341676 ], [ 75.988489883670326, 11.798472941625795 ], [ 75.986693253102089, 11.798472941625798 ], [ 75.986693253102089, 11.799371256909915 ], [ 75.985794937817971, 11.799371256909915 ], [ 75.985794937817971, 11.801167887478154 ], [ 75.987591568386208, 11.801167887478156 ], [ 75.987591568386208, 11.800269572194033 ], [ 75.988489883670326, 11.800269572194027 ] ] ], [ [ [ 75.992981460090931, 11.803862833330513 ], [ 75.992981460090931, 11.806557779182871 ], [ 75.997473036511522, 11.806557779182871 ], [ 75.997473036511522, 11.803862833330511 ], [ 75.994778090659167, 11.803862833330513 ], [ 75.994778090659167, 11.804761148614629 ], [ 75.993879775375049, 11.804761148614631 ], [ 75.993879775375049, 11.803862833330514 ], [ 75.992981460090931, 11.803862833330513 ] ] ] ] } },
{ "type": "Feature", "properties": { "hotspot_id": 50, "area_km2": 0.4767446599269643, "mean_risk": 0.3061, "max_risk": 0.3285, "built_area_km2": 0.3032 }, "geometry": { "type": "MultiPolygon", "coordinates": [ [ [ [ 76.165457994641869, 11.656539126734911 ], [ 76.165457994641869, 11.657437442019029 ], [ 76.166356309925987, 11.657437442019029 ], [ 76.166356309925987, 11.656539126734907 ], [ 76.165457994641869, 11.656539126734911 ] ] ], [ [ [ 76.165457994641869, 11.656539126734911 ], [ 76.165457994641869, 11.654742496166675 ], [ 76.164559679357751, 11.654742496166675 ], [ 76.164559679357751, 11.656539126734909 ], [ 76.165457994641869, 11.656539126734911 ] ] ], [ [ [ 76.166356309925987, 11.657437442019029 ], [ 76.166356309925987, 11.658335757303151 ], [ 76.167254625210106, 11.658335757303149 ], [ 76.167254625210106, 11.659234072587271 ], [ 76.161864733505396, 11.659234072587269 ], [ 76.161864733505396, 11.661929018439626 ], [ 76.164559679357751, 11.661929018439631 ], [ 76.164559679357751, 11.662827333723747 ], [ 76.165457994641869, 11.662827333723747 ], [ 76.165457994641869, 11.663725649007866 ], [ 76.166356309925987, 11.663725649007869 ], [ 76.166356309925987, 11.664623964291989 ], [ 76.167254625210106, 11.664623964291986 ], [ 76.167254625210106, 11.665522279576107 ], [ 76.168152940494238, 11.665522279576107 ], [ 76.168152940494238, 11.663725649007867 ], [ 76.167254625210106, 11.663725649007866 ], [ 76.167254625210106, 11.661929018439631 ], [ 76.166356309925987, 11.661929018439629 ], [ 76.166356309925987, 11.661030703155511 ], [ 76.165457994641869, 11.661030703155509 ], [ 76.165457994641869, 11.660132387871387 ], [ 76.168152940494238, 11.660132387871389 ], [ 76.168152940494238, 11.659234072587269 ], [ 76.171746201630711, 11.659234072587269 ], [ 76.171746201630711, 11.657437442019031 ], [ 76.170847886346593, 11.657437442019033 ], [ 76.170847886346593, 11.658335757303151 ], [ 76.168152940494238, 11.658335757303151 ], [ 76.168152940494238, 11.657437442019029 ], [ 76.166356309925987, 11.657437442019029 ] ] ], [ [ [ 76.168152940494238, 11.665522279576107 ], [ 76.168152940494238, 11.666420594860226 ], [ 76.169051255778356, 11.666420594860226 ], [ 76.169051255778356, 11.667318910144346 ], [ 76.169949571062475, 11.667318910144344 ], [ 76.169949571062475, 11.665522279576107 ], [ 76.168152940494238, 11.665522279576107 ] ] ], [ [ [ 76.171746201630711, 11.659234072587269 ], [ 76.171746201630711, 11.660132387871389 ], [ 76.172644516914829, 11.660132387871389 ], [ 76.172644516914829, 11.661030703155511 ], [ 76.173542832198947, 11.661030703155511 ], [ 76.173542832198947, 11.660132387871389 ], [ 76.178932723903671, 11.660132387871389 ], [ 76.178932723903671, 11.659234072587269 ], [ 76.171746201630711, 11.659234072587269 ] ] ], [ [ [ 76.170847886346593, 11.657437442019033 ], [ 76.170847886346593, 11.655640811450791 ], [ 76.169949571062475, 11.655640811450793 ], [ 76.169949571062475, 11.657437442019029 ], [ 76.170847886346593, 11.657437442019033 ] ] ] ] } },
{ "type": "Feature", "properties": { "hotspot_id": 51, "area_km2": 0.47652260183367656, "mean_risk": 0.3101, "max_risk": 0.3986, "built_area_km2": 0.2959 }, "geometry": { "type": "MultiPolygon", "coordinates": [ [ [ [ 76.164559679357751, 11.800269572194038 ], [ 76.165457994641869, 11.800269572194033 ], [ 76.165457994641869, 11.797574626341673 ], [ 76.164559679357751, 11.797574626341676 ], [ 76.164559679357751, 11.795777995773438 ], [ 76.165457994641869, 11.795777995773438 ], [ 76.165457994641869, 11.793083049921076 ], [ 76.166356309925987, 11.793083049921076 ], [ 76.166356309925987, 11.792184734636958 ], [ 76.169949571062475, 11.79218473463696 ], [ 76.169949571062475, 11.791286419352838 ], [ 76.168152940494238, 11.791286419352842 ], [ 76.168152940494238, 11.790388104068716 ], [ 76.167254625210106, 11.79038810406872 ], [ 76.167254625210106, 11.788591473500484 ], [ 76.168152940494238, 11.78859147350048 ], [ 76.168152940494238, 11.78769315821636 ], [ 76.167254625210106, 11.787693158216365 ], [ 76.167254625210106, 11.785896527648122 ], [ 76.166356309925987, 11.78589652764812 ], [ 76.166356309925987, 11.78679484293224 ], [ 76.165457994641869, 11.786794842932242 ], [ 76.165457994641869, 11.78859147350048 ], [ 76.164559679357751, 11.788591473500482 ], [ 76.164559679357751, 11.7894897887846 ], [ 76.165457994641869, 11.789489788784598 ], [ 76.165457994641869, 11.790388104068718 ], [ 76.166356309925987, 11.790388104068718 ], [ 76.166356309925987, 11.79128641935284 ], [ 76.163661364073633, 11.791286419352842 ], [ 76.163661364073633, 11.79218473463696 ], [ 76.161864733505396, 11.79218473463696 ], [ 76.161864733505396, 11.793083049921075 ], [ 76.16006810293716, 11.793083049921076 ], [ 76.16006810293716, 11.793981365205198 ], [ 76.162763048789515, 11.793981365205196 ], [ 76.162763048789515, 11.79487968048932 ], [ 76.161864733505396, 11.794879680489316 ], [ 76.161864733505396, 11.795777995773436 ], [ 76.163661364073633, 11.795777995773438 ], [ 76.163661364073633, 11.798472941625796 ], [ 76.162763048789515, 11.798472941625796 ], [ 76.162763048789515, 11.799371256909916 ], [ 76.164559679357751, 11.799371256909916 ], [ 76.164559679357751, 11.800269572194038 ] ] ], [ [ [ 76.167254625210106, 11.785896527648122 ], [ 76.168152940494238, 11.785896527648118 ], [ 76.168152940494238, 11.784998212364005 ], [ 76.167254625210106, 11.784998212364004 ], [ 76.167254625210106, 11.785896527648122 ] ] ], [ [ [ 76.168152940494238, 11.78769315821636 ], [ 76.169949571062475, 11.787693158216364 ], [ 76.169949571062475, 11.786794842932244 ], [ 76.168152940494238, 11.786794842932242 ], [ 76.168152940494238, 11.78769315821636 ] ] ] ] } },
{ "type": "Feature", "properties": { "hotspot_id": 52, "area_km2": 0.46690681511915066, "mean_risk": 0.6329, "max_risk": 1.0, "built_area_km2": 0.0252 }, "geometry": { "type": "Polygon", "coordinates": [ [ [ 76.010049450489191, 11.703251521509127 ], [ 76.011846081057442, 11.703251521509126 ], [ 76.011846081057442, 11.701454890940887 ], [ 76.01274439634156, 11.701454890940886 ], [ 76.01274439634156, 11.699658260372647 ], [ 76.013642711625678, 11.699658260372647 ], [ 76.013642711625678, 11.698759945088526 ], [ 76.01274439634156, 11.698759945088529 ], [ 76.01274439634156, 11.697861629804411 ], [ 76.014541026909811, 11.697861629804411 ], [ 76.014541026909811, 11.696064999236169 ], [ 76.013642711625678, 11.696064999236169 ], [ 76.013642711625678, 11.695166683952049 ], [ 76.010947765773309, 11.695166683952049 ], [ 76.010947765773309, 11.694268368667931 ], [ 76.009151135205087, 11.694268368667931 ], [ 76.009151135205087, 11.695166683952049 ], [ 76.008252819920955, 11.695166683952049 ], [ 76.008252819920955, 11.696064999236169 ], [ 76.007354504636837, 11.696064999236169 ], [ 76.007354504636837, 11.697861629804409 ], [ 76.010049450489191, 11.697861629804411 ], [ 76.010049450489191, 11.698759945088529 ], [ 76.009151135205087, 11.698759945088527 ], [ 76.009151135205087, 11.699658260372647 ], [ 76.008252819920955, 11.699658260372651 ], [ 76.008252819920955, 11.700556575656767 ], [ 76.007354504636837, 11.700556575656769 ], [ 76.007354504636837, 11.701454890940887 ], [ 76.009151135205087, 11.701454890940887 ], [ 76.009151135205087, 11.702353206225007 ], [ 76.010049450489191, 11.702353206225007 ], [ 76.010049450489191, 11.703251521509127 ] ] ] } },
{ "type": "Feature", "properties": { "hotspot_id": 53, "area_km2": 0.45749587060639246, "mean_risk": 0.3088, "max_risk": 0.3436, "built_area_km2": 0.2496 }, "geometry": { "type": "Polygon", "coordinates": [ [ [ 76.171746201630711, 11.535266563378775 ], [ 76.174441147483066, 11.535266563378777 ], [ 76.174441147483066, 11.533469932810535 ], [ 76.175339462767184, 11.533469932810537 ], [ 76.175339462767184, 11.532571617526417 ], [ 76.17713609333542, 11.532571617526418 ], [ 76.17713609333542, 11.533469932810537 ], [ 76.178034408619553, 11.533469932810538 ], [ 76.178034408619553, 11.532571617526415 ], [ 76.179831039187789, 11.532571617526417 ], [ 76.179831039187789, 11.528978356389938 ], [ 76.178034408619553, 11.528978356389938 ], [ 76.178034408619553, 11.52808004110582 ], [ 76.17713609333542, 11.528080041105818 ], [ 76.17713609333542, 11.5271817258217 ], [ 76.176237778051302, 11.527181725821698 ], [ 76.176237778051302, 11.52628341053758 ], [ 76.175339462767184, 11.526283410537582 ], [ 76.175339462767184, 11.525385095253462 ], [ 76.173542832198947, 11.525385095253462 ], [ 76.173542832198947, 11.527181725821698 ], [ 76.175339462767184, 11.527181725821698 ], [ 76.175339462767184, 11.528080041105822 ], [ 76.176237778051302, 11.528080041105822 ], [ 76.176237778051302, 11.52987667167406 ], [ 76.175339462767184, 11.529876671674057 ], [ 76.175339462767184, 11.53077498695818 ], [ 76.173542832198947, 11.53077498695818 ], [ 76.173542832198947, 11.532571617526415 ], [ 76.172644516914829, 11.532571617526417 ], [ 76.172644516914829, 11.530774986958177 ], [ 76.171746201630711, 11.530774986958177 ], [ 76.171746201630711, 11.531673302242298 ], [ 76.170847886346593, 11.531673302242297 ], [ 76.170847886346593, 11.533469932810538 ], [ 76.171746201630711, 11.533469932810535 ], [ 76.171746201630711, 11.535266563378775 ] ] ] } },
{ "type": "Feature", "properties": { "hotspot_id": 54, "area_km2": 0.45708596750669994, "mean_risk": 0.5136, "max_risk": 1.0, "built_area_km2": 0.0345 }, "geometry": { "type": "Polygon", "coordinates": [ [ [ 76.091796141344076, 11.774218428954567 ], [ 76.093592771912313, 11.774218428954571 ], [ 76.093592771912313, 11.773320113670447 ], [ 76.096287717764667, 11.773320113670447 ], [ 76.096287717764667, 11.772421798386326 ], [ 76.098084348332904, 11.772421798386327 ], [ 76.098084348332904, 11.771523483102211 ], [ 76.098982663617022, 11.771523483102213 ], [ 76.098982663617022, 11.772421798386329 ], [ 76.099880978901155, 11.772421798386327 ], [ 76.099880978901155, 11.771523483102211 ], [ 76.101677609469391, 11.771523483102211 ], [ 76.101677609469391, 11.769726852533969 ], [ 76.100779294185273, 11.769726852533973 ], [ 76.100779294185273, 11.768828537249849 ], [ 76.099880978901155, 11.768828537249849 ], [ 76.099880978901155, 11.767930221965733 ], [ 76.098982663617022, 11.767930221965733 ], [ 76.098982663617022, 11.770625167818089 ], [ 76.097186033048786, 11.770625167818093 ], [ 76.097186033048786, 11.769726852533969 ], [ 76.095389402480549, 11.769726852533969 ], [ 76.095389402480549, 11.770625167818089 ], [ 76.093592771912313, 11.770625167818091 ], [ 76.093592771912313, 11.771523483102211 ], [ 76.092694456628195, 11.771523483102211 ], [ 76.092694456628195, 11.768828537249849 ], [ 76.091796141344076, 11.768828537249851 ], [ 76.091796141344076, 11.767930221965731 ], [ 76.08999951077584, 11.767930221965733 ], [ 76.08999951077584, 11.769726852533969 ], [ 76.089101195491708, 11.769726852533969 ], [ 76.089101195491708, 11.770625167818087 ], [ 76.08999951077584, 11.770625167818091 ], [ 76.08999951077584, 11.772421798386329 ], [ 76.090897826059958, 11.772421798386329 ], [ 76.090897826059958, 11.773320113670451 ], [ 76.091796141344076, 11.773320113670449 ], [ 76.091796141344076, 11.774218428954567 ] ] ] } },
{ "type": "Feature", "properties": { "hotspot_id": 55, "area_km2": 0.44744335870781093, "mean_risk": 0.3162, "max_risk": 0.4316, "built_area_km2": 0.1182 }, "geometry": { "type": "Polygon", "coordinates": [ [ [ 76.241814793792031, 11.75086223156746 ], [ 76.242713109076149, 11.750862231567464 ], [ 76.242713109076149, 11.749963916283338 ], [ 76.243611424360267, 11.749963916283342 ], [ 76.243611424360267, 11.750862231567464 ], [ 76.244509739644386, 11.750862231567464 ], [ 76.244509739644386, 11.749963916283344 ], [ 76.245408054928504, 11.74996391628334 ], [ 76.245408054928504, 11.749065600999222 ], [ 76.244509739644386, 11.749065600999222 ], [ 76.244509739644386, 11.745472339862744 ], [ 76.245408054928504, 11.745472339862744 ], [ 76.245408054928504, 11.742777394010384 ], [ 76.244509739644386, 11.742777394010384 ], [ 76.244509739644386, 11.743675709294505 ], [ 76.243611424360267, 11.743675709294504 ], [ 76.243611424360267, 11.744574024578622 ], [ 76.241814793792031, 11.744574024578625 ], [ 76.241814793792031, 11.743675709294504 ], [ 76.240916478507913, 11.743675709294504 ], [ 76.240916478507913, 11.745472339862744 ], [ 76.240018163223795, 11.745472339862744 ], [ 76.240018163223795, 11.747268970430984 ], [ 76.236424902087322, 11.747268970430984 ], [ 76.236424902087322, 11.74906560099922 ], [ 76.238221532655558, 11.749065600999224 ], [ 76.238221532655558, 11.749963916283342 ], [ 76.241814793792031, 11.74996391628334 ], [ 76.241814793792031, 11.75086223156746 ] ], [ [ 76.240916478507913, 11.749065600999222 ], [ 76.240916478507913, 11.748167285715105 ], [ 76.241814793792031, 11.748167285715104 ], [ 76.241814793792031, 11.74906560099922 ], [ 76.240916478507913, 11.749065600999222 ] ] ] } },
{ "type": "Feature", "properties": { "hotspot_id": 56, "area_km2": 0.44732835584981073, "mean_risk": 0.4954, "max_risk": 0.9898, "built_area_km2": 0.0304 }, "geometry": { "type": "Polygon", "coordinates": [ [ [ 76.057660160547528, 11.791286419352838 ], [ 76.062151736968147, 11.791286419352838 ], [ 76.062151736968147, 11.789489788784596 ], [ 76.059456791115764, 11.7894897887846 ], [ 76.059456791115764, 11.787693158216364 ], [ 76.060355106399882, 11.787693158216358 ], [ 76.060355106399882, 11.78589652764812 ], [ 76.062151736968147, 11.785896527648122 ], [ 76.062151736968147, 11.784998212364004 ], [ 76.061253421684015, 11.784998212364004 ], [ 76.061253421684015, 11.781404951227524 ], [ 76.059456791115764, 11.781404951227524 ], [ 76.059456791115764, 11.779608320659287 ], [ 76.05855847583166, 11.779608320659285 ], [ 76.05855847583166, 11.778710005375165 ], [ 76.057660160547528, 11.778710005375164 ], [ 76.057660160547528, 11.779608320659284 ], [ 76.056761845263424, 11.779608320659285 ], [ 76.056761845263424, 11.781404951227524 ], [ 76.057660160547528, 11.781404951227525 ], [ 76.057660160547528, 11.791286419352838 ] ], [ [ 76.060355106399882, 11.78589652764812 ], [ 76.059456791115764, 11.785896527648118 ], [ 76.059456791115764, 11.784099897079884 ], [ 76.060355106399882, 11.784099897079885 ], [ 76.060355106399882, 11.78589652764812 ] ] ] } },
{ "type": "Feature", "properties": { "hotspot_id": 57, "area_km2": 0.42818339143354295, "mean_risk": 0.6577, "max_risk": 1.0, "built_area_km2": 0.0229 }, "geometry": { "type": "Polygon", "coordinates": [ [ [ 76.19150913788134, 11.613419993097173 ], [ 76.192407453165458, 11.613419993097173 ], [ 76.192407453165458, 11.612521677813053 ], [ 76.193305768449576, 11.612521677813053 ], [ 76.193305768449576, 11.611623362528936 ], [ 76.192407453165458, 11.611623362528933 ], [ 76.192407453165458, 11.610725047244815 ], [ 76.19150913788134, 11.610725047244816 ], [ 76.19150913788134, 11.609826731960695 ], [ 76.190610822597222, 11.609826731960696 ], [ 76.190610822597222, 11.608928416676578 ], [ 76.189712507313104, 11.608928416676575 ], [ 76.189712507313104, 11.608030101392458 ], [ 76.190610822597222, 11.608030101392457 ], [ 76.190610822597222, 11.607131786108338 ], [ 76.192407453165458, 11.607131786108335 ], [ 76.192407453165458, 11.606233470824215 ], [ 76.194204083733695, 11.606233470824218 ], [ 76.194204083733695, 11.604436840255982 ], [ 76.193305768449576, 11.60443684025598 ], [ 76.193305768449576, 11.60353852497186 ], [ 76.190610822597222, 11.60353852497186 ], [ 76.190610822597222, 11.60443684025598 ], [ 76.189712507313104, 11.604436840255978 ], [ 76.189712507313104, 11.606233470824218 ], [ 76.187017561460735, 11.606233470824218 ], [ 76.187017561460735, 11.608030101392457 ], [ 76.186119246176617, 11.608030101392457 ], [ 76.186119246176617, 11.608928416676576 ], [ 76.187017561460735, 11.608928416676578 ], [ 76.187017561460735, 11.609826731960696 ], [ 76.187915876744867, 11.609826731960695 ], [ 76.187915876744867, 11.611623362528935 ], [ 76.190610822597222, 11.611623362528935 ], [ 76.190610822597222, 11.612521677813053 ], [ 76.19150913788134, 11.612521677813051 ], [ 76.19150913788134, 11.613419993097173 ] ] ] } },
{ "type": "Feature", "properties": { "hotspot_id": 58, "area_km2": 0.41837733722899517, "mean_risk": 0.4342, "max_risk": 0.9753, "built_area_km2": 0.097 }, "geometry": { "type": "MultiPolygon", "coordinates": [ [ [ [ 76.016337657478033, 11.630487983495442 ], [ 76.017235972762151, 11.630487983495444 ], [ 76.017235972762151, 11.629589668211326 ], [ 76.018134288046269, 11.629589668211326 ], [ 76.018134288046269, 11.628691352927204 ], [ 76.019032603330388, 11.628691352927204 ], [ 76.019032603330388, 11.627793037643089 ], [ 76.019930918614506, 11.627793037643084 ], [ 76.019930918614506, 11.625996407074846 ], [ 76.019032603330388, 11.625996407074846 ], [ 76.019032603330388, 11.625098091790731 ], [ 76.018134288046269, 11.625098091790729 ], [ 76.018134288046269, 11.625996407074846 ], [ 76.017235972762151, 11.625996407074847 ], [ 76.017235972762151, 11.628691352927204 ], [ 76.016337657478033, 11.628691352927204 ], [ 76.016337657478033, 11.630487983495442 ] ] ], [ [ [ 76.019930918614506, 11.625996407074846 ], [ 76.020829233898624, 11.625996407074847 ], [ 76.020829233898624, 11.625098091790729 ], [ 76.021727549182756, 11.625098091790729 ], [ 76.021727549182756, 11.624199776506611 ], [ 76.019930918614506, 11.624199776506611 ], [ 76.019930918614506, 11.625996407074846 ] ] ], [ [ [ 76.019930918614506, 11.624199776506611 ], [ 76.019930918614506, 11.623301461222489 ], [ 76.014541026909811, 11.623301461222489 ], [ 76.014541026909811, 11.624199776506607 ], [ 76.01274439634156, 11.624199776506611 ], [ 76.01274439634156, 11.625996407074847 ], [ 76.013642711625678, 11.625996407074846 ], [ 76.013642711625678, 11.626894722358966 ], [ 76.011846081057442, 11.626894722358966 ], [ 76.011846081057442, 11.628691352927204 ], [ 76.01274439634156, 11.628691352927206 ], [ 76.01274439634156, 11.629589668211324 ], [ 76.014541026909811, 11.629589668211324 ], [ 76.014541026909811, 11.6286913529272 ], [ 76.015439342193915, 11.628691352927204 ], [ 76.015439342193915, 11.626894722358967 ], [ 76.016337657478033, 11.626894722358969 ], [ 76.016337657478033, 11.625098091790731 ], [ 76.017235972762151, 11.625098091790731 ], [ 76.017235972762151, 11.624199776506611 ], [ 76.019930918614506, 11.624199776506611 ] ] ] ] } },
{ "type": "Feature", "properties": { "hotspot_id": 59, "area_km2": 0.40868749572059831, "mean_risk": 0.3084, "max_risk": 0.3262, "built_area_km2": 0.0124 }, "geometry": { "type": "MultiPolygon", "coordinates": [ [ [ [ 75.957947164010264, 11.592758741562426 ], [ 75.957947164010264, 11.593657056846544 ], [ 75.958845479294382, 11.593657056846542 ], [ 75.958845479294382, 11.594555372130662 ], [ 75.959743794578515, 11.594555372130662 ], [ 75.959743794578515, 11.593657056846544 ], [ 75.960642109862619, 11.593657056846544 ], [ 75.960642109862619, 11.594555372130662 ], [ 75.962438740430855, 11.59455537213066 ], [ 75.962438740430855, 11.592758741562427 ], [ 75.961540425146737, 11.592758741562427 ], [ 75.961540425146737, 11.591860426278306 ], [ 75.963337055714987, 11.591860426278307 ], [ 75.963337055714987, 11.590962110994184 ], [ 75.961540425146737, 11.590962110994186 ], [ 75.961540425146737, 11.587368849857709 ], [ 75.962438740430855, 11.587368849857709 ], [ 75.962438740430855, 11.585572219289469 ], [ 75.963337055714987, 11.585572219289471 ], [ 75.963337055714987, 11.584673904005347 ], [ 75.962438740430855, 11.584673904005349 ], [ 75.962438740430855, 11.581978958152989 ], [ 75.961540425146737, 11.581978958152989 ], [ 75.961540425146737, 11.583775588721231 ], [ 75.960642109862619, 11.583775588721227 ], [ 75.960642109862619, 11.584673904005347 ], [ 75.959743794578515, 11.584673904005347 ], [ 75.959743794578515, 11.585572219289469 ], [ 75.960642109862619, 11.585572219289469 ], [ 75.960642109862619, 11.586470534573589 ], [ 75.959743794578515, 11.586470534573589 ], [ 75.959743794578515, 11.590063795710067 ], [ 75.958845479294382, 11.590063795710067 ], [ 75.958845479294382, 11.592758741562426 ], [ 75.957947164010264, 11.592758741562426 ] ] ], [ [ [ 75.957947164010264, 11.592758741562426 ], [ 75.957947164010264, 11.590962110994184 ], [ 75.956150533442027, 11.590962110994189 ], [ 75.956150533442027, 11.592758741562426 ], [ 75.957947164010264, 11.592758741562426 ] ] ] ] } },
{ "type": "Feature", "properties": { "hotspot_id": 60, "area_km2": 0.3987922955446373, "mean_risk": 0.5754, "max_risk": 1.0, "built_area_km2": 0.0491 }, "geometry": { "type": "Polygon", "coordinates": [ [ [ 75.977710100260893, 11.71313298963444 ], [ 75.980405046113248, 11.713132989634442 ], [ 75.980405046113248, 11.712234674350322 ], [ 75.981303361397366, 11.712234674350324 ], [ 75.981303361397366, 11.7113363590662 ], [ 75.983099991965616, 11.711336359066202 ], [ 75.983099991965616, 11.709539728497962 ], [ 75.982201676681484, 11.709539728497964 ], [ 75.982201676681484, 11.708641413213842 ], [ 75.980405046113248, 11.708641413213847 ], [ 75.980405046113248, 11.709539728497964 ], [ 75.978608415545011, 11.709539728497964 ], [ 75.978608415545011, 11.708641413213844 ], [ 75.979506730829129, 11.708641413213845 ], [ 75.979506730829129, 11.706844782645604 ], [ 75.976811784976775, 11.706844782645604 ], [ 75.976811784976775, 11.708641413213844 ], [ 75.97411683912442, 11.708641413213844 ], [ 75.97411683912442, 11.709539728497962 ], [ 75.973218523840302, 11.709539728497964 ], [ 75.973218523840302, 11.710438043782084 ], [ 75.97411683912442, 11.710438043782084 ], [ 75.97411683912442, 11.7113363590662 ], [ 75.977710100260893, 11.7113363590662 ], [ 75.977710100260893, 11.71313298963444 ] ] ] } },
{ "type": "Feature", "properties": { "hotspot_id": 61, "area_km2": 0.39860074110340588, "mean_risk": 0.3101, "max_risk": 0.3658, "built_area_km2": 0.2331 }, "geometry": { "type": "Polygon", "coordinates": [ [ [ 75.945370750032595, 11.845185336400013 ], [ 75.947167380600831, 11.845185336400011 ], [ 75.947167380600831, 11.843388705831774 ], [ 75.948964011169068, 11.843388705831771 ], [ 75.948964011169068, 11.842490390547651 ], [ 75.949862326453186, 11.842490390547653 ], [ 75.949862326453186, 11.838897129411176 ], [ 75.950760641737304, 11.838897129411174 ], [ 75.950760641737304, 11.836202183558814 ], [ 75.944472434748477, 11.836202183558813 ], [ 75.944472434748477, 11.837998814127053 ], [ 75.945370750032595, 11.837998814127051 ], [ 75.945370750032595, 11.839795444695293 ], [ 75.947167380600831, 11.839795444695296 ], [ 75.947167380600831, 11.837998814127054 ], [ 75.948065695884949, 11.837998814127054 ], [ 75.948065695884949, 11.839795444695293 ], [ 75.948964011169068, 11.839795444695293 ], [ 75.948964011169068, 11.840693759979413 ], [ 75.948065695884949, 11.840693759979413 ], [ 75.948065695884949, 11.841592075263529 ], [ 75.947167380600831, 11.841592075263531 ], [ 75.947167380600831, 11.842490390547654 ], [ 75.946269065316713, 11.842490390547653 ], [ 75.946269065316713, 11.841592075263531 ], [ 75.945370750032595, 11.841592075263529 ], [ 75.945370750032595, 11.842490390547653 ], [ 75.944472434748477, 11.842490390547654 ], [ 75.944472434748477, 11.843388705831771 ], [ 75.943574119464358, 11.843388705831773 ], [ 75.943574119464358, 11.844287021115893 ], [ 75.945370750032595, 11.844287021115889 ], [ 75.945370750032595, 11.845185336400013 ] ] ] } },
{ "type": "Feature", "properties": { "hotspot_id": 62, "area_km2": 0.38916983648472353, "mean_risk": 0.4783, "max_risk": 1.0, "built_area_km2": 0.0314 }, "geometry": { "type": "MultiPolygon", "coordinates": [ [ [ [ 76.133118644413571, 11.666420594860226 ], [ 76.135813590265926, 11.666420594860226 ], [ 76.135813590265926, 11.663725649007866 ], [ 76.134915274981807, 11.663725649007866 ], [ 76.134915274981807, 11.662827333723744 ], [ 76.135813590265926, 11.662827333723747 ], [ 76.135813590265926, 11.661929018439631 ], [ 76.134016959697689, 11.661929018439629 ], [ 76.134016959697689, 11.660132387871389 ], [ 76.134915274981807, 11.660132387871389 ], [ 76.134915274981807, 11.661030703155507 ], [ 76.136711905550044, 11.661030703155509 ], [ 76.136711905550044, 11.660132387871389 ], [ 76.135813590265926, 11.660132387871389 ], [ 76.135813590265926, 11.659234072587271 ], [ 76.134915274981807, 11.659234072587271 ], [ 76.134915274981807, 11.658335757303149 ], [ 76.134016959697689, 11.658335757303149 ], [ 76.134016959697689, 11.657437442019031 ], [ 76.132220329129453, 11.657437442019027 ], [ 76.132220329129453, 11.658335757303149 ], [ 76.131322013845335, 11.658335757303149 ], [ 76.131322013845335, 11.657437442019029 ], [ 76.128627067992966, 11.657437442019031 ], [ 76.128627067992966, 11.659234072587269 ], [ 76.130423698561216, 11.659234072587269 ], [ 76.130423698561216, 11.660132387871389 ], [ 76.132220329129453, 11.660132387871389 ], [ 76.132220329129453, 11.659234072587271 ], [ 76.133118644413571, 11.659234072587269 ], [ 76.133118644413571, 11.661030703155511 ], [ 76.132220329129453, 11.661030703155513 ], [ 76.132220329129453, 11.664623964291989 ], [ 76.133118644413571, 11.664623964291989 ], [ 76.133118644413571, 11.666420594860226 ] ] ], [ [ [ 76.136711905550044, 11.660132387871389 ], [ 76.137610220834162, 11.660132387871386 ], [ 76.137610220834162, 11.659234072587269 ], [ 76.136711905550044, 11.659234072587271 ], [ 76.136711905550044, 11.660132387871389 ] ] ] ] } },
{ "type": "Feature", "properties": { "hotspot_id": 63, "area_km2": 0.36963844240973365, "mean_risk": 0.3039, "max_risk": 0.3426, "built_area_km2": 0.1179 }, "geometry": { "type": "MultiPolygon", "coordinates": [ [ [ [ 76.240018163223795, 11.742777394010385 ], [ 76.240916478507913, 11.742777394010384 ], [ 76.240916478507913, 11.741879078726265 ], [ 76.241814793792031, 11.741879078726264 ], [ 76.241814793792031, 11.740082448158025 ], [ 76.242713109076149, 11.740082448158027 ], [ 76.242713109076149, 11.738285817589786 ], [ 76.241814793792031, 11.738285817589786 ], [ 76.241814793792031, 11.739184132873905 ], [ 76.240916478507913, 11.739184132873907 ], [ 76.240916478507913, 11.740082448158025 ], [ 76.240018163223795, 11.740082448158031 ], [ 76.240018163223795, 11.742777394010385 ] ] ], [ [ [ 76.242713109076149, 11.740082448158027 ], [ 76.242713109076149, 11.740980763442145 ], [ 76.243611424360267, 11.740980763442147 ], [ 76.243611424360267, 11.741879078726264 ], [ 76.244509739644386, 11.741879078726264 ], [ 76.244509739644386, 11.740980763442144 ], [ 76.245408054928504, 11.740980763442147 ], [ 76.245408054928504, 11.741879078726265 ], [ 76.248103000780873, 11.741879078726264 ], [ 76.248103000780873, 11.742777394010385 ], [ 76.249899631349109, 11.742777394010385 ], [ 76.249899631349109, 11.740082448158027 ], [ 76.249001316064991, 11.740082448158025 ], [ 76.249001316064991, 11.740980763442147 ], [ 76.247204685496754, 11.740980763442145 ], [ 76.247204685496754, 11.740082448158027 ], [ 76.245408054928504, 11.740082448158029 ], [ 76.245408054928504, 11.739184132873905 ], [ 76.244509739644386, 11.739184132873907 ], [ 76.244509739644386, 11.736489187021549 ], [ 76.245408054928504, 11.736489187021549 ], [ 76.245408054928504, 11.735590871737426 ], [ 76.244509739644386, 11.735590871737429 ], [ 76.244509739644386, 11.734692556453311 ], [ 76.243611424360267, 11.734692556453309 ], [ 76.243611424360267, 11.735590871737427 ], [ 76.242713109076149, 11.735590871737429 ], [ 76.242713109076149, 11.737387502305667 ], [ 76.243611424360267, 11.737387502305666 ], [ 76.243611424360267, 11.740082448158027 ], [ 76.242713109076149, 11.740082448158027 ] ] ], [ [ [ 76.249001316064991, 11.740082448158025 ], [ 76.249001316064991, 11.739184132873907 ], [ 76.249899631349109, 11.739184132873907 ], [ 76.249899631349109, 11.738285817589786 ], [ 76.247204685496754, 11.738285817589786 ], [ 76.247204685496754, 11.739184132873904 ], [ 76.248103000780873, 11.739184132873905 ], [ 76.248103000780873, 11.740082448158027 ], [ 76.249001316064991, 11.740082448158025 ] ] ], [ [ [ 76.244509739644386, 11.734692556453311 ], [ 76.245408054928504, 11.734692556453311 ], [ 76.245408054928504, 11.733794241169191 ], [ 76.244509739644386, 11.733794241169191 ], [ 76.244509739644386, 11.734692556453311 ] ] ], [ [ [ 76.245408054928504, 11.733794241169191 ], [ 76.246306370212636, 11.733794241169191 ], [ 76.246306370212636, 11.732895925885069 ], [ 76.245408054928504, 11.732895925885069 ], [ 76.245408054928504, 11.733794241169191 ] ] ] ] } },
{ "type": "Feature", "properties": { "hotspot_id": 64, "area_km2": 0.36006255036708484, "mean_risk": 0.4966, "max_risk": 0.9224, "built_area_km2": 0.012 }, "geometry": { "type": "Polygon", "coordinates": [ [ [ 76.166356309925987, 11.608030101392457 ], [ 76.169051255778356, 11.608030101392457 ], [ 76.169051255778356, 11.606233470824217 ], [ 76.169949571062475, 11.606233470824217 ], [ 76.169949571062475, 11.605335155540097 ], [ 76.170847886346593, 11.605335155540097 ], [ 76.170847886346593, 11.606233470824218 ], [ 76.173542832198947, 11.606233470824217 ], [ 76.173542832198947, 11.605335155540098 ], [ 76.172644516914829, 11.605335155540098 ], [ 76.172644516914829, 11.604436840255978 ], [ 76.171746201630711, 11.604436840255977 ], [ 76.171746201630711, 11.60353852497186 ], [ 76.169949571062475, 11.603538524971858 ], [ 76.169949571062475, 11.604436840255978 ], [ 76.168152940494238, 11.60443684025598 ], [ 76.168152940494238, 11.603538524971862 ], [ 76.166356309925987, 11.603538524971858 ], [ 76.166356309925987, 11.6008435791195 ], [ 76.164559679357751, 11.600843579119504 ], [ 76.164559679357751, 11.599945263835382 ], [ 76.163661364073633, 11.599945263835384 ], [ 76.163661364073633, 11.600843579119504 ], [ 76.162763048789515, 11.600843579119502 ], [ 76.162763048789515, 11.60264020968774 ], [ 76.163661364073633, 11.602640209687737 ], [ 76.163661364073633, 11.604436840255984 ], [ 76.165457994641869, 11.604436840255977 ], [ 76.165457994641869, 11.605335155540098 ], [ 76.168152940494238, 11.605335155540098 ], [ 76.168152940494238, 11.606233470824217 ], [ 76.167254625210106, 11.60623347082422 ], [ 76.167254625210106, 11.607131786108338 ], [ 76.166356309925987, 11.607131786108337 ], [ 76.166356309925987, 11.608030101392457 ] ] ] } },
{ "type": "Feature", "properties": { "hotspot_id": 65, "area_km2": 0.35027581920124962, "mean_risk": 0.3016, "max_risk": 0.3144, "built_area_km2": 0.2252 }, "geometry": { "type": "Polygon", "coordinates": [ [ [ 76.104372555321746, 11.642166082189 ], [ 76.106169185889996, 11.642166082188997 ], [ 76.106169185889996, 11.639471136336638 ], [ 76.103474240037627, 11.639471136336637 ], [ 76.103474240037627, 11.6376745057684 ], [ 76.104372555321746, 11.6376745057684 ], [ 76.104372555321746, 11.63677619048428 ], [ 76.103474240037627, 11.636776190484282 ], [ 76.103474240037627, 11.634979559916042 ], [ 76.102575924753509, 11.634979559916042 ], [ 76.102575924753509, 11.634081244631922 ], [ 76.103474240037627, 11.634081244631922 ], [ 76.103474240037627, 11.632284614063682 ], [ 76.102575924753509, 11.632284614063684 ], [ 76.102575924753509, 11.633182929347804 ], [ 76.101677609469391, 11.633182929347802 ], [ 76.101677609469391, 11.632284614063684 ], [ 76.100779294185273, 11.632284614063684 ], [ 76.100779294185273, 11.633182929347804 ], [ 76.098084348332904, 11.633182929347802 ], [ 76.098084348332904, 11.634081244631922 ], [ 76.098982663617022, 11.634081244631922 ], [ 76.098982663617022, 11.634979559916044 ], [ 76.099880978901155, 11.634979559916042 ], [ 76.099880978901155, 11.636776190484282 ], [ 76.100779294185273, 11.636776190484282 ], [ 76.100779294185273, 11.637674505768402 ], [ 76.101677609469391, 11.637674505768402 ], [ 76.101677609469391, 11.63857282105252 ], [ 76.102575924753509, 11.63857282105252 ], [ 76.102575924753509, 11.64036945162076 ], [ 76.103474240037627, 11.64036945162076 ], [ 76.103474240037627, 11.64126776690488 ], [ 76.104372555321746, 11.64126776690488 ], [ 76.104372555321746, 11.642166082189 ] ] ] } },
{ "type": "Feature", "properties": { "hotspot_id": 66, "area_km2": 0.34050923834290958, "mean_risk": 0.6395, "max_risk": 0.9749, "built_area_km2": 0.0216 }, "geometry": { "type": "Polygon", "coordinates": [ [ [ 76.024422495035111, 11.658335757303149 ], [ 76.02981238673982, 11.658335757303149 ], [ 76.02981238673982, 11.656539126734909 ], [ 76.028914071455702, 11.656539126734907 ], [ 76.028914071455702, 11.655640811450793 ], [ 76.02981238673982, 11.655640811450791 ], [ 76.02981238673982, 11.654742496166669 ], [ 76.030710702023939, 11.654742496166675 ], [ 76.030710702023939, 11.648454289177836 ], [ 76.02981238673982, 11.648454289177836 ], [ 76.02981238673982, 11.649352604461956 ], [ 76.028914071455702, 11.649352604461955 ], [ 76.028914071455702, 11.652945865598429 ], [ 76.028015756171584, 11.652945865598429 ], [ 76.028015756171584, 11.653844180882549 ], [ 76.027117440887466, 11.653844180882549 ], [ 76.027117440887466, 11.655640811450793 ], [ 76.026219125603347, 11.655640811450791 ], [ 76.026219125603347, 11.656539126734909 ], [ 76.025320810319229, 11.656539126734909 ], [ 76.025320810319229, 11.655640811450791 ], [ 76.024422495035111, 11.655640811450791 ], [ 76.024422495035111, 11.658335757303149 ] ] ] } },
{ "type": "Feature", "properties": { "hotspot_id": 67, "area_km2": 0.34050853073438653, "mean_risk": 0.5811, "max_risk": 1.0, "built_area_km2": 0.0184 }, "geometry": { "type": "Polygon", "coordinates": [ [ [ 76.11425402344706, 11.673607117133184 ], [ 76.118745599867651, 11.67360711713318 ], [ 76.118745599867651, 11.672708801849064 ], [ 76.119643915151784, 11.672708801849064 ], [ 76.119643915151784, 11.670013855996702 ], [ 76.118745599867651, 11.670013855996702 ], [ 76.118745599867651, 11.669115540712585 ], [ 76.119643915151784, 11.669115540712585 ], [ 76.119643915151784, 11.667318910144344 ], [ 76.117847284583533, 11.667318910144347 ], [ 76.117847284583533, 11.668217225428462 ], [ 76.116948969299415, 11.668217225428467 ], [ 76.116948969299415, 11.669115540712587 ], [ 76.117847284583533, 11.669115540712584 ], [ 76.117847284583533, 11.670013855996704 ], [ 76.116948969299415, 11.670013855996705 ], [ 76.116948969299415, 11.670912171280822 ], [ 76.116050654015297, 11.670912171280825 ], [ 76.116050654015297, 11.671810486564944 ], [ 76.115152338731178, 11.671810486564942 ], [ 76.115152338731178, 11.670912171280822 ], [ 76.113355708162942, 11.670912171280824 ], [ 76.113355708162942, 11.669115540712585 ], [ 76.11425402344706, 11.669115540712582 ], [ 76.11425402344706, 11.668217225428464 ], [ 76.113355708162942, 11.668217225428466 ], [ 76.113355708162942, 11.667318910144346 ], [ 76.112457392878824, 11.667318910144342 ], [ 76.112457392878824, 11.670912171280825 ], [ 76.11155907759472, 11.670912171280822 ], [ 76.11155907759472, 11.671810486564942 ], [ 76.112457392878824, 11.671810486564944 ], [ 76.112457392878824, 11.672708801849064 ], [ 76.11425402344706, 11.672708801849064 ], [ 76.11425402344706, 11.673607117133184 ] ] ] } },
{ "type": "Feature", "properties": { "hotspot_id": 68, "area_km2": 0.34040259266068551, "mean_risk": 0.3088, "max_risk": 0.3297, "built_area_km2": 0.2006 }, "geometry": { "type": "MultiPolygon", "coordinates": [ [ [ [ 75.979506730829129, 11.739184132873907 ], [ 75.981303361397366, 11.739184132873905 ], [ 75.981303361397366, 11.738285817589784 ], [ 75.980405046113248, 11.738285817589786 ], [ 75.980405046113248, 11.737387502305667 ], [ 75.978608415545011, 11.737387502305667 ], [ 75.978608415545011, 11.738285817589782 ], [ 75.979506730829129, 11.738285817589787 ], [ 75.979506730829129, 11.739184132873907 ] ] ], [ [ [ 75.980405046113248, 11.737387502305667 ], [ 75.982201676681484, 11.737387502305666 ], [ 75.982201676681484, 11.736489187021551 ], [ 75.980405046113248, 11.736489187021546 ], [ 75.980405046113248, 11.737387502305667 ] ] ], [ [ [ 75.982201676681484, 11.736489187021551 ], [ 75.983099991965616, 11.736489187021549 ], [ 75.983099991965616, 11.738285817589782 ], [ 75.984896622533853, 11.738285817589787 ], [ 75.984896622533853, 11.737387502305669 ], [ 75.986693253102089, 11.737387502305666 ], [ 75.986693253102089, 11.736489187021551 ], [ 75.985794937817971, 11.736489187021549 ], [ 75.985794937817971, 11.735590871737426 ], [ 75.984896622533853, 11.735590871737426 ], [ 75.984896622533853, 11.734692556453311 ], [ 75.986693253102089, 11.734692556453307 ], [ 75.986693253102089, 11.733794241169189 ], [ 75.985794937817971, 11.733794241169193 ], [ 75.985794937817971, 11.731099295316833 ], [ 75.986693253102089, 11.731099295316829 ], [ 75.986693253102089, 11.730200980032713 ], [ 75.984896622533853, 11.730200980032713 ], [ 75.984896622533853, 11.731997610600949 ], [ 75.983998307249735, 11.731997610600949 ], [ 75.983998307249735, 11.732895925885069 ], [ 75.983099991965616, 11.732895925885069 ], [ 75.983099991965616, 11.733794241169191 ], [ 75.983998307249735, 11.733794241169191 ], [ 75.983998307249735, 11.734692556453311 ], [ 75.983099991965616, 11.734692556453311 ], [ 75.983099991965616, 11.735590871737431 ], [ 75.982201676681484, 11.735590871737427 ], [ 75.982201676681484, 11.736489187021551 ] ] ], [ [ [ 75.986693253102089, 11.737387502305666 ], [ 75.986693253102089, 11.738285817589784 ], [ 75.987591568386208, 11.738285817589786 ], [ 75.987591568386208, 11.739184132873909 ], [ 75.989388198954444, 11.739184132873907 ], [ 75.989388198954444, 11.738285817589786 ], [ 75.988489883670326, 11.738285817589786 ], [ 75.988489883670326, 11.737387502305666 ], [ 75.986693253102089, 11.737387502305666 ] ] ], [ [ [ 75.984896622533853, 11.738285817589787 ], [ 75.984896622533853, 11.739184132873907 ], [ 75.986693253102089, 11.739184132873904 ], [ 75.986693253102089, 11.738285817589784 ], [ 75.984896622533853, 11.738285817589787 ] ] ] ] } },
{ "type": "Feature", "properties": { "hotspot_id": 69, "area_km2": 0.34040176248864257, "mean_risk": 0.3069, "max_risk": 0.3277, "built_area_km2": 0.0127 }, "geometry": { "type": "MultiPolygon", "coordinates": [ [ [ [ 76.257086153622069, 11.78679484293224 ], [ 76.257086153622069, 11.788591473500478 ], [ 76.257984468906201, 11.788591473500482 ], [ 76.257984468906201, 11.790388104068716 ], [ 76.258882784190305, 11.790388104068718 ], [ 76.258882784190305, 11.791286419352842 ], [ 76.265170991179147, 11.791286419352843 ], [ 76.265170991179147, 11.787693158216364 ], [ 76.263374360610896, 11.787693158216358 ], [ 76.263374360610896, 11.786794842932238 ], [ 76.260679414758542, 11.786794842932242 ], [ 76.260679414758542, 11.78769315821636 ], [ 76.262476045326778, 11.78769315821636 ], [ 76.262476045326778, 11.789489788784598 ], [ 76.260679414758542, 11.789489788784598 ], [ 76.260679414758542, 11.78859147350048 ], [ 76.259781099474438, 11.78859147350048 ], [ 76.259781099474438, 11.787693158216365 ], [ 76.257984468906201, 11.787693158216362 ], [ 76.257984468906201, 11.78679484293224 ], [ 76.257086153622069, 11.78679484293224 ] ], [ [ 76.262476045326778, 11.789489788784598 ], [ 76.264272675895015, 11.789489788784596 ], [ 76.264272675895015, 11.790388104068718 ], [ 76.262476045326778, 11.79038810406872 ], [ 76.262476045326778, 11.789489788784598 ] ] ], [ [ [ 76.257086153622069, 11.78679484293224 ], [ 76.257086153622069, 11.785896527648118 ], [ 76.256187838337951, 11.785896527648118 ], [ 76.256187838337951, 11.784998212364004 ], [ 76.255289523053818, 11.784998212364005 ], [ 76.255289523053818, 11.786794842932242 ], [ 76.257086153622069, 11.78679484293224 ] ] ], [ [ [ 76.257086153622069, 11.785896527648118 ], [ 76.259781099474438, 11.785896527648122 ], [ 76.259781099474438, 11.784998212364004 ], [ 76.257086153622069, 11.784998212364002 ], [ 76.257086153622069, 11.785896527648118 ] ] ] ] } },
{ "type": "Feature", "properties": { "hotspot_id": 70, "area_km2": 0.34034938117783065, "mean_risk": 0.3071, "max_risk": 0.3401, "built_area_km2": 0.0201 }, "geometry": { "type": "MultiPolygon", "coordinates": [ [ [ [ 75.869013950882433, 11.766133591397493 ], [ 75.869912266166551, 11.766133591397491 ], [ 75.869912266166551, 11.764336960829256 ], [ 75.869013950882433, 11.764336960829255 ], [ 75.869013950882433, 11.766133591397493 ] ] ], [ [ [ 75.869912266166551, 11.764336960829256 ], [ 75.870810581450669, 11.764336960829255 ], [ 75.870810581450669, 11.763438645545131 ], [ 75.872607212018906, 11.763438645545135 ], [ 75.872607212018906, 11.765235276113374 ], [ 75.873505527303024, 11.765235276113374 ], [ 75.873505527303024, 11.766133591397493 ], [ 75.875302157871275, 11.766133591397493 ], [ 75.875302157871275, 11.765235276113373 ], [ 75.876200473155393, 11.765235276113373 ], [ 75.876200473155393, 11.761642014976895 ], [ 75.875302157871275, 11.761642014976895 ], [ 75.875302157871275, 11.760743699692773 ], [ 75.876200473155393, 11.760743699692775 ], [ 75.876200473155393, 11.759845384408656 ], [ 75.874403842587142, 11.759845384408658 ], [ 75.874403842587142, 11.760743699692775 ], [ 75.870810581450669, 11.760743699692775 ], [ 75.870810581450669, 11.762540330261015 ], [ 75.869912266166551, 11.762540330261013 ], [ 75.869912266166551, 11.764336960829256 ] ], [ [ 75.873505527303024, 11.764336960829255 ], [ 75.873505527303024, 11.761642014976896 ], [ 75.874403842587142, 11.761642014976895 ], [ 75.874403842587142, 11.764336960829255 ], [ 75.873505527303024, 11.764336960829255 ] ] ], [ [ [ 75.870810581450669, 11.760743699692775 ], [ 75.870810581450669, 11.759845384408658 ], [ 75.869912266166551, 11.759845384408656 ], [ 75.869912266166551, 11.760743699692773 ], [ 75.870810581450669, 11.760743699692775 ] ] ], [ [ [ 75.870810581450669, 11.759845384408658 ], [ 75.871708896734788, 11.759845384408656 ], [ 75.871708896734788, 11.758947069124538 ], [ 75.870810581450669, 11.758947069124538 ], [ 75.870810581450669, 11.759845384408658 ] ] ], [ [ [ 75.876200473155393, 11.759845384408656 ], [ 75.877098788439511, 11.759845384408656 ], [ 75.877098788439511, 11.758947069124536 ], [ 75.876200473155393, 11.758947069124536 ], [ 75.876200473155393, 11.759845384408656 ] ] ], [ [ [ 75.876200473155393, 11.760743699692775 ], [ 75.876200473155393, 11.761642014976895 ], [ 75.877098788439511, 11.761642014976895 ], [ 75.877098788439511, 11.760743699692775 ], [ 75.876200473155393, 11.760743699692775 ] ] ], [ [ [ 75.872607212018906, 11.765235276113374 ], [ 75.871708896734788, 11.765235276113374 ], [ 75.871708896734788, 11.766133591397487 ], [ 75.872607212018906, 11.766133591397494 ], [ 75.872607212018906, 11.765235276113374 ] ] ] ] } },
{ "type": "Feature", "properties": { "hotspot_id": 71, "area_km2": 0.33094423245596494, "mean_risk": 0.306, "max_risk": 0.3278, "built_area_km2": 0.1628 }, "geometry": { "type": "MultiPolygon", "coordinates": [ [ [ [ 76.163661364073633, 11.536164878662895 ], [ 76.163661364073633, 11.539758139799371 ], [ 76.166356309925987, 11.539758139799369 ], [ 76.166356309925987, 11.540656455083489 ], [ 76.165457994641869, 11.540656455083493 ], [ 76.165457994641869, 11.541554770367609 ], [ 76.168152940494238, 11.541554770367611 ], [ 76.168152940494238, 11.539758139799371 ], [ 76.169051255778356, 11.539758139799373 ], [ 76.169051255778356, 11.538859824515256 ], [ 76.170847886346593, 11.538859824515253 ], [ 76.170847886346593, 11.537961509231137 ], [ 76.171746201630711, 11.537961509231135 ], [ 76.171746201630711, 11.536164878662895 ], [ 76.169949571062475, 11.536164878662895 ], [ 76.169949571062475, 11.537063193947015 ], [ 76.167254625210106, 11.537063193947018 ], [ 76.167254625210106, 11.536164878662897 ], [ 76.165457994641869, 11.536164878662895 ], [ 76.165457994641869, 11.537063193947015 ], [ 76.164559679357751, 11.537063193947018 ], [ 76.164559679357751, 11.536164878662897 ], [ 76.163661364073633, 11.536164878662895 ] ], [ [ 76.165457994641869, 11.538859824515256 ], [ 76.165457994641869, 11.537961509231133 ], [ 76.166356309925987, 11.537961509231131 ], [ 76.166356309925987, 11.538859824515256 ], [ 76.165457994641869, 11.538859824515256 ] ] ], [ [ [ 76.163661364073633, 11.536164878662895 ], [ 76.163661364073633, 11.535266563378777 ], [ 76.162763048789515, 11.535266563378778 ], [ 76.162763048789515, 11.536164878662897 ], [ 76.163661364073633, 11.536164878662895 ] ] ], [ [ [ 76.163661364073633, 11.535266563378777 ], [ 76.164559679357751, 11.535266563378775 ], [ 76.164559679357751, 11.534368248094658 ], [ 76.163661364073633, 11.534368248094653 ], [ 76.163661364073633, 11.535266563378777 ] ] ] ] } },
{ "type": "Feature", "properties": { "hotspot_id": 72, "area_km2": 0.32105095415351914, "mean_risk": 0.5929, "max_risk": 1.0, "built_area_km2": 0.0254 }, "geometry": { "type": "Polygon", "coordinates": [ [ [ 76.103474240037627, 11.670912171280824 ], [ 76.105270870605864, 11.670912171280822 ], [ 76.105270870605864, 11.667318910144344 ], [ 76.102575924753509, 11.667318910144344 ], [ 76.102575924753509, 11.668217225428466 ], [ 76.101677609469391, 11.668217225428462 ], [ 76.101677609469391, 11.667318910144346 ], [ 76.099880978901155, 11.667318910144346 ], [ 76.099880978901155, 11.666420594860224 ], [ 76.098982663617022, 11.666420594860227 ], [ 76.098982663617022, 11.663725649007864 ], [ 76.097186033048786, 11.663725649007867 ], [ 76.097186033048786, 11.664623964291989 ], [ 76.096287717764667, 11.664623964291989 ], [ 76.096287717764667, 11.666420594860224 ], [ 76.097186033048786, 11.666420594860224 ], [ 76.097186033048786, 11.667318910144344 ], [ 76.098084348332904, 11.667318910144344 ], [ 76.098084348332904, 11.669115540712584 ], [ 76.099880978901155, 11.669115540712584 ], [ 76.099880978901155, 11.670013855996705 ], [ 76.100779294185273, 11.670013855996704 ], [ 76.100779294185273, 11.669115540712585 ], [ 76.101677609469391, 11.669115540712584 ], [ 76.101677609469391, 11.670013855996707 ], [ 76.103474240037627, 11.670013855996704 ], [ 76.103474240037627, 11.670912171280824 ] ] ] } },
{ "type": "Feature", "properties": { "hotspot_id": 73, "area_km2": 0.31135940120569661, "mean_risk": 0.3102, "max_risk": 0.3379, "built_area_km2": 0.1767 }, "geometry": { "type": "Polygon", "coordinates": [ [ [ 76.023524179750993, 11.625996407074847 ], [ 76.024422495035111, 11.625996407074846 ], [ 76.024422495035111, 11.625098091790731 ], [ 76.025320810319229, 11.625098091790731 ], [ 76.025320810319229, 11.624199776506609 ], [ 76.024422495035111, 11.624199776506609 ], [ 76.024422495035111, 11.623301461222489 ], [ 76.025320810319229, 11.623301461222487 ], [ 76.025320810319229, 11.621504830654253 ], [ 76.026219125603347, 11.621504830654247 ], [ 76.026219125603347, 11.620606515370131 ], [ 76.027117440887466, 11.620606515370131 ], [ 76.027117440887466, 11.618809884801891 ], [ 76.028015756171584, 11.618809884801893 ], [ 76.028015756171584, 11.617911569517771 ], [ 76.028914071455702, 11.617911569517771 ], [ 76.028914071455702, 11.616114938949531 ], [ 76.028015756171584, 11.616114938949531 ], [ 76.028015756171584, 11.617013254233655 ], [ 76.026219125603347, 11.617013254233653 ], [ 76.026219125603347, 11.616114938949531 ], [ 76.024422495035111, 11.616114938949531 ], [ 76.024422495035111, 11.617911569517773 ], [ 76.023524179750993, 11.617911569517775 ], [ 76.023524179750993, 11.618809884801891 ], [ 76.025320810319229, 11.618809884801891 ], [ 76.025320810319229, 11.619708200086009 ], [ 76.024422495035111, 11.619708200086011 ], [ 76.024422495035111, 11.620606515370129 ], [ 76.022625864466875, 11.620606515370129 ], [ 76.022625864466875, 11.623301461222489 ], [ 76.023524179750993, 11.623301461222489 ], [ 76.023524179750993, 11.625996407074847 ] ] ] } },
{ "type": "Feature", "properties": { "hotspot_id": 74, "area_km2": 0.31133817588070573, "mean_risk": 0.3066, "max_risk": 0.3218, "built_area_km2": 0.191 }, "geometry": { "type": "MultiPolygon", "coordinates": [ [ [ [ 76.101677609469391, 11.657437442019029 ], [ 76.101677609469391, 11.658335757303151 ], [ 76.100779294185273, 11.658335757303151 ], [ 76.100779294185273, 11.660132387871391 ], [ 76.101677609469391, 11.660132387871389 ], [ 76.101677609469391, 11.659234072587271 ], [ 76.102575924753509, 11.659234072587269 ], [ 76.102575924753509, 11.657437442019031 ], [ 76.101677609469391, 11.657437442019029 ] ] ], [ [ [ 76.101677609469391, 11.657437442019029 ], [ 76.101677609469391, 11.652945865598433 ], [ 76.100779294185273, 11.652945865598435 ], [ 76.100779294185273, 11.653844180882553 ], [ 76.099880978901155, 11.653844180882549 ], [ 76.099880978901155, 11.656539126734913 ], [ 76.100779294185273, 11.656539126734909 ], [ 76.100779294185273, 11.657437442019029 ], [ 76.101677609469391, 11.657437442019029 ] ] ], [ [ [ 76.101677609469391, 11.652945865598433 ], [ 76.102575924753509, 11.652945865598433 ], [ 76.102575924753509, 11.652047550314316 ], [ 76.104372555321746, 11.652047550314315 ], [ 76.104372555321746, 11.650250919746073 ], [ 76.105270870605864, 11.650250919746075 ], [ 76.105270870605864, 11.649352604461958 ], [ 76.103474240037627, 11.649352604461955 ], [ 76.103474240037627, 11.650250919746075 ], [ 76.102575924753509, 11.650250919746076 ], [ 76.102575924753509, 11.649352604461955 ], [ 76.101677609469391, 11.649352604461955 ], [ 76.101677609469391, 11.646657658609596 ], [ 76.100779294185273, 11.646657658609596 ], [ 76.100779294185273, 11.647555973893716 ], [ 76.098982663617022, 11.647555973893718 ], [ 76.098982663617022, 11.648454289177836 ], [ 76.099880978901155, 11.648454289177836 ], [ 76.099880978901155, 11.649352604461953 ], [ 76.100779294185273, 11.649352604461955 ], [ 76.100779294185273, 11.650250919746075 ], [ 76.101677609469391, 11.650250919746073 ], [ 76.101677609469391, 11.652945865598433 ] ] ], [ [ [ 76.102575924753509, 11.659234072587269 ], [ 76.102575924753509, 11.661030703155511 ], [ 76.104372555321746, 11.661030703155511 ], [ 76.104372555321746, 11.660132387871389 ], [ 76.103474240037627, 11.660132387871389 ], [ 76.103474240037627, 11.659234072587271 ], [ 76.102575924753509, 11.659234072587269 ] ] ] ] } },
{ "type": "Feature", "properties": { "hotspot_id": 75, "area_km2": 0.31124139874818579, "mean_risk": 0.3068, "max_risk": 0.325, "built_area_km2": 0.0104 }, "geometry": { "type": "Polygon", "coordinates": [ [ [ 75.879793734291866, 11.709539728497964 ], [ 75.880692049575984, 11.709539728497962 ], [ 75.880692049575984, 11.708641413213845 ], [ 75.883386995428339, 11.708641413213847 ], [ 75.883386995428339, 11.705048152077365 ], [ 75.881590364860102, 11.705048152077365 ], [ 75.881590364860102, 11.702353206225007 ], [ 75.88248868014422, 11.702353206225006 ], [ 75.88248868014422, 11.700556575656767 ], [ 75.880692049575984, 11.700556575656764 ], [ 75.880692049575984, 11.701454890940887 ], [ 75.879793734291866, 11.701454890940886 ], [ 75.879793734291866, 11.702353206225004 ], [ 75.878895419007748, 11.702353206225004 ], [ 75.878895419007748, 11.706844782645602 ], [ 75.880692049575984, 11.706844782645604 ], [ 75.880692049575984, 11.707743097929722 ], [ 75.879793734291866, 11.707743097929724 ], [ 75.879793734291866, 11.709539728497964 ] ] ] } },
{ "type": "Feature", "properties": { "hotspot_id": 76, "area_km2": 0.30154724500054214, "mean_risk": 0.3012, "max_risk": 0.3225, "built_area_km2": 0.0214 }, "geometry": { "type": "Polygon", "coordinates": [ [ [ 76.256187838337951, 11.746370655146864 ], [ 76.257984468906201, 11.746370655146862 ], [ 76.257984468906201, 11.744574024578624 ], [ 76.257086153622069, 11.744574024578622 ], [ 76.257086153622069, 11.743675709294507 ], [ 76.257984468906201, 11.743675709294505 ], [ 76.257984468906201, 11.742777394010385 ], [ 76.257086153622069, 11.742777394010385 ], [ 76.257086153622069, 11.741879078726264 ], [ 76.259781099474438, 11.741879078726265 ], [ 76.259781099474438, 11.742777394010385 ], [ 76.26157773004266, 11.742777394010385 ], [ 76.26157773004266, 11.741879078726264 ], [ 76.260679414758542, 11.741879078726265 ], [ 76.260679414758542, 11.740980763442145 ], [ 76.259781099474438, 11.740980763442145 ], [ 76.259781099474438, 11.739184132873907 ], [ 76.257086153622069, 11.739184132873907 ], [ 76.257086153622069, 11.740082448158027 ], [ 76.256187838337951, 11.740082448158025 ], [ 76.256187838337951, 11.738285817589784 ], [ 76.254391207769714, 11.738285817589787 ], [ 76.254391207769714, 11.739184132873905 ], [ 76.255289523053818, 11.739184132873907 ], [ 76.255289523053818, 11.745472339862744 ], [ 76.256187838337951, 11.745472339862742 ], [ 76.256187838337951, 11.746370655146864 ] ] ] } },
{ "type": "Feature", "properties": { "hotspot_id": 77, "area_km2": 0.29195297702875855, "mean_risk": 0.3104, "max_risk": 0.3283, "built_area_km2": 0.1786 }, "geometry": { "type": "MultiPolygon", "coordinates": [ [ [ [ 76.052270268842818, 11.572995805311795 ], [ 76.052270268842818, 11.573894120595915 ], [ 76.054965214695173, 11.573894120595915 ], [ 76.054965214695173, 11.574792435880036 ], [ 76.055863529979291, 11.574792435880036 ], [ 76.055863529979291, 11.573894120595915 ], [ 76.057660160547528, 11.573894120595915 ], [ 76.057660160547528, 11.574792435880036 ], [ 76.060355106399882, 11.574792435880036 ], [ 76.060355106399882, 11.575690751164155 ], [ 76.063050052252251, 11.575690751164155 ], [ 76.063050052252251, 11.573894120595915 ], [ 76.062151736968147, 11.573894120595915 ], [ 76.062151736968147, 11.572995805311795 ], [ 76.061253421684015, 11.572995805311795 ], [ 76.061253421684015, 11.572097490027675 ], [ 76.05855847583166, 11.572097490027675 ], [ 76.05855847583166, 11.571199174743558 ], [ 76.057660160547528, 11.571199174743557 ], [ 76.057660160547528, 11.572097490027675 ], [ 76.055863529979291, 11.572097490027678 ], [ 76.055863529979291, 11.572995805311795 ], [ 76.054965214695173, 11.572995805311795 ], [ 76.054965214695173, 11.572097490027675 ], [ 76.053168584126936, 11.572097490027677 ], [ 76.053168584126936, 11.572995805311795 ], [ 76.052270268842818, 11.572995805311795 ] ], [ [ 76.061253421684015, 11.572995805311795 ], [ 76.061253421684015, 11.573894120595915 ], [ 76.060355106399882, 11.573894120595915 ], [ 76.060355106399882, 11.572995805311795 ], [ 76.061253421684015, 11.572995805311795 ] ] ], [ [ [ 76.052270268842818, 11.572995805311795 ], [ 76.052270268842818, 11.572097490027678 ], [ 76.0513719535587, 11.572097490027677 ], [ 76.0513719535587, 11.572995805311797 ], [ 76.052270268842818, 11.572995805311795 ] ] ] ] } },
{ "type": "Feature", "properties": { "hotspot_id": 78, "area_km2": 0.29193152155355401, "mean_risk": 0.3053, "max_risk": 0.3238, "built_area_km2": 0.1846 }, "geometry": { "type": "Polygon", "coordinates": [ [ [ 76.08999951077584, 11.60443684025598 ], [ 76.091796141344076, 11.60443684025598 ], [ 76.091796141344076, 11.602640209687738 ], [ 76.093592771912313, 11.602640209687742 ], [ 76.093592771912313, 11.60174189440362 ], [ 76.092694456628195, 11.60174189440362 ], [ 76.092694456628195, 11.600843579119502 ], [ 76.08999951077584, 11.600843579119504 ], [ 76.08999951077584, 11.598148633267142 ], [ 76.090897826059958, 11.598148633267142 ], [ 76.090897826059958, 11.597250317983022 ], [ 76.091796141344076, 11.597250317983022 ], [ 76.091796141344076, 11.596352002698902 ], [ 76.092694456628195, 11.596352002698902 ], [ 76.092694456628195, 11.595453687414784 ], [ 76.090897826059958, 11.595453687414782 ], [ 76.090897826059958, 11.596352002698902 ], [ 76.088202880207589, 11.5963520026989 ], [ 76.088202880207589, 11.599046948551262 ], [ 76.089101195491708, 11.599046948551262 ], [ 76.089101195491708, 11.59994526383538 ], [ 76.088202880207589, 11.599945263835382 ], [ 76.088202880207589, 11.60264020968774 ], [ 76.089101195491708, 11.602640209687738 ], [ 76.089101195491708, 11.603538524971857 ], [ 76.08999951077584, 11.603538524971858 ], [ 76.08999951077584, 11.60443684025598 ] ] ] } },
{ "type": "Feature", "properties": { "hotspot_id": 79, "area_km2": 0.291929688747597, "mean_risk": 0.4395, "max_risk": 0.9034, "built_area_km2": 0.0466 }, "geometry": { "type": "MultiPolygon", "coordinates": [ [ [ [ 76.163661364073633, 11.617013254233655 ], [ 76.163661364073633, 11.617911569517775 ], [ 76.164559679357751, 11.617911569517775 ], [ 76.164559679357751, 11.618809884801893 ], [ 76.166356309925987, 11.618809884801889 ], [ 76.166356309925987, 11.617911569517773 ], [ 76.169051255778356, 11.617911569517773 ], [ 76.169051255778356, 11.617013254233653 ], [ 76.169949571062475, 11.617013254233651 ], [ 76.169949571062475, 11.616114938949531 ], [ 76.169051255778356, 11.616114938949533 ], [ 76.169051255778356, 11.615216623665415 ], [ 76.167254625210106, 11.615216623665413 ], [ 76.167254625210106, 11.616114938949533 ], [ 76.164559679357751, 11.616114938949533 ], [ 76.164559679357751, 11.617013254233655 ], [ 76.163661364073633, 11.617013254233655 ] ] ], [ [ [ 76.163661364073633, 11.617013254233655 ], [ 76.163661364073633, 11.615216623665415 ], [ 76.160966418221292, 11.615216623665411 ], [ 76.160966418221292, 11.614318308381295 ], [ 76.159169787653042, 11.614318308381295 ], [ 76.159169787653042, 11.616114938949533 ], [ 76.16006810293716, 11.616114938949531 ], [ 76.16006810293716, 11.617013254233651 ], [ 76.163661364073633, 11.617013254233655 ] ] ], [ [ [ 76.167254625210106, 11.615216623665413 ], [ 76.167254625210106, 11.614318308381295 ], [ 76.165457994641869, 11.614318308381295 ], [ 76.165457994641869, 11.615216623665411 ], [ 76.167254625210106, 11.615216623665413 ] ] ], [ [ [ 76.167254625210106, 11.614318308381295 ], [ 76.168152940494238, 11.614318308381295 ], [ 76.168152940494238, 11.613419993097173 ], [ 76.167254625210106, 11.613419993097171 ], [ 76.167254625210106, 11.614318308381295 ] ] ] ] } },
{ "type": "Feature", "properties": { "hotspot_id": 80, "area_km2": 0.29189511285209907, "mean_risk": 0.3085, "max_risk": 0.3287, "built_area_km2": 0.1758 }, "geometry": { "type": "MultiPolygon", "coordinates": [ [ [ [ 76.143000112538886, 11.649352604461955 ], [ 76.144796743107122, 11.649352604461951 ], [ 76.144796743107122, 11.647555973893713 ], [ 76.147491688959477, 11.647555973893716 ], [ 76.147491688959477, 11.648454289177835 ], [ 76.150186634811845, 11.648454289177838 ], [ 76.150186634811845, 11.647555973893718 ], [ 76.149288319527727, 11.647555973893718 ], [ 76.149288319527727, 11.646657658609595 ], [ 76.147491688959477, 11.646657658609595 ], [ 76.147491688959477, 11.645759343325475 ], [ 76.146593373675358, 11.645759343325476 ], [ 76.146593373675358, 11.644861028041356 ], [ 76.14569505839124, 11.644861028041356 ], [ 76.14569505839124, 11.643962712757236 ], [ 76.146593373675358, 11.643962712757238 ], [ 76.146593373675358, 11.642166082189 ], [ 76.14569505839124, 11.642166082189002 ], [ 76.14569505839124, 11.641267766904877 ], [ 76.144796743107122, 11.641267766904878 ], [ 76.144796743107122, 11.644861028041356 ], [ 76.143898427823004, 11.644861028041358 ], [ 76.143898427823004, 11.645759343325476 ], [ 76.143000112538886, 11.645759343325475 ], [ 76.143000112538886, 11.644861028041355 ], [ 76.142101797254767, 11.644861028041358 ], [ 76.142101797254767, 11.646657658609596 ], [ 76.143000112538886, 11.646657658609595 ], [ 76.143000112538886, 11.649352604461955 ] ], [ [ 76.146593373675358, 11.645759343325476 ], [ 76.146593373675358, 11.646657658609595 ], [ 76.144796743107122, 11.646657658609595 ], [ 76.144796743107122, 11.645759343325475 ], [ 76.146593373675358, 11.645759343325476 ] ] ], [ [ [ 76.142101797254767, 11.651149235030198 ], [ 76.143000112538886, 11.651149235030195 ], [ 76.143000112538886, 11.649352604461955 ], [ 76.142101797254767, 11.649352604461953 ], [ 76.142101797254767, 11.651149235030198 ] ] ] ] } },
{ "type": "Feature", "properties": { "hotspot_id": 81, "area_km2": 0.29185131233143824, "mean_risk": 0.5678, "max_risk": 0.984, "built_area_km2": 0.0376 }, "geometry": { "type": "MultiPolygon", "coordinates": [ [ [ [ 76.01274439634156, 11.668217225428467 ], [ 76.015439342193915, 11.668217225428464 ], [ 76.015439342193915, 11.667318910144347 ], [ 76.017235972762151, 11.667318910144346 ], [ 76.017235972762151, 11.668217225428464 ], [ 76.019930918614506, 11.668217225428466 ], [ 76.019930918614506, 11.667318910144344 ], [ 76.020829233898624, 11.667318910144342 ], [ 76.020829233898624, 11.666420594860224 ], [ 76.019032603330388, 11.666420594860224 ], [ 76.019032603330388, 11.665522279576107 ], [ 76.016337657478033, 11.665522279576106 ], [ 76.016337657478033, 11.664623964291989 ], [ 76.014541026909811, 11.664623964291989 ], [ 76.014541026909811, 11.665522279576106 ], [ 76.013642711625678, 11.665522279576107 ], [ 76.013642711625678, 11.667318910144344 ], [ 76.01274439634156, 11.667318910144346 ], [ 76.01274439634156, 11.668217225428467 ] ] ], [ [ [ 76.019032603330388, 11.665522279576107 ], [ 76.020829233898624, 11.665522279576106 ], [ 76.020829233898624, 11.663725649007866 ], [ 76.021727549182756, 11.663725649007867 ], [ 76.021727549182756, 11.662827333723747 ], [ 76.020829233898624, 11.662827333723746 ], [ 76.020829233898624, 11.661929018439627 ], [ 76.019930918614506, 11.661929018439631 ], [ 76.019930918614506, 11.662827333723749 ], [ 76.019032603330388, 11.662827333723747 ], [ 76.019032603330388, 11.665522279576107 ] ] ] ] } },
{ "type": "Feature", "properties": { "hotspot_id": 82, "area_km2": 0.29173980462994331, "mean_risk": 0.576, "max_risk": 0.9892, "built_area_km2": 0.0477 }, "geometry": { "type": "Polygon", "coordinates": [ [ [ 76.049575322990449, 11.783201581795764 ], [ 76.0513719535587, 11.783201581795764 ], [ 76.0513719535587, 11.781404951227524 ], [ 76.052270268842818, 11.781404951227524 ], [ 76.052270268842818, 11.780506635943405 ], [ 76.054066899411055, 11.780506635943409 ], [ 76.054066899411055, 11.779608320659284 ], [ 76.054965214695173, 11.779608320659282 ], [ 76.054965214695173, 11.778710005375164 ], [ 76.053168584126936, 11.778710005375167 ], [ 76.053168584126936, 11.777811690091049 ], [ 76.0513719535587, 11.777811690091049 ], [ 76.0513719535587, 11.776913374806925 ], [ 76.050473638274568, 11.776913374806925 ], [ 76.050473638274568, 11.776015059522805 ], [ 76.049575322990449, 11.776015059522807 ], [ 76.049575322990449, 11.776913374806925 ], [ 76.048677007706331, 11.776913374806924 ], [ 76.048677007706331, 11.777811690091049 ], [ 76.049575322990449, 11.777811690091049 ], [ 76.049575322990449, 11.778710005375167 ], [ 76.050473638274568, 11.778710005375165 ], [ 76.050473638274568, 11.779608320659284 ], [ 76.047778692422213, 11.779608320659285 ], [ 76.047778692422213, 11.781404951227524 ], [ 76.048677007706331, 11.781404951227524 ], [ 76.048677007706331, 11.782303266511644 ], [ 76.049575322990449, 11.782303266511644 ], [ 76.049575322990449, 11.783201581795764 ] ] ] } },
{ "type": "Feature", "properties": { "hotspot_id": 83, "area_km2": 0.29170533229165596, "mean_risk": 0.5045, "max_risk": 0.8197, "built_area_km2": 0.0155 }, "geometry": { "type": "Polygon", "coordinates": [ [ [ 76.095389402480549, 11.8263207154335 ], [ 76.096287717764667, 11.826320715433503 ], [ 76.096287717764667, 11.821829139012904 ], [ 76.097186033048786, 11.821829139012902 ], [ 76.097186033048786, 11.820930823728785 ], [ 76.098084348332904, 11.820930823728782 ], [ 76.098084348332904, 11.817337562592304 ], [ 76.097186033048786, 11.817337562592302 ], [ 76.097186033048786, 11.816439247308187 ], [ 76.095389402480549, 11.816439247308187 ], [ 76.095389402480549, 11.818235877876425 ], [ 76.094491087196431, 11.818235877876424 ], [ 76.094491087196431, 11.819134193160545 ], [ 76.095389402480549, 11.819134193160545 ], [ 76.095389402480549, 11.820930823728785 ], [ 76.094491087196431, 11.820930823728785 ], [ 76.094491087196431, 11.821829139012902 ], [ 76.093592771912313, 11.821829139012905 ], [ 76.093592771912313, 11.824524084865264 ], [ 76.094491087196431, 11.824524084865264 ], [ 76.094491087196431, 11.825422400149378 ], [ 76.095389402480549, 11.825422400149378 ], [ 76.095389402480549, 11.8263207154335 ] ] ] } },
{ "type": "Feature", "properties": { "hotspot_id": 84, "area_km2": 0.2916641051494549, "mean_risk": 0.3091, "max_risk": 0.3362, "built_area_km2": 0.1236 }, "geometry": { "type": "MultiPolygon", "coordinates": [ [ [ [ 75.995676405943286, 11.847880282252365 ], [ 75.996574721227404, 11.847880282252371 ], [ 75.996574721227404, 11.846981966968251 ], [ 75.995676405943286, 11.846981966968247 ], [ 75.995676405943286, 11.847880282252365 ] ] ], [ [ [ 75.995676405943286, 11.846981966968247 ], [ 75.995676405943286, 11.846083651684129 ], [ 75.996574721227404, 11.846083651684133 ], [ 75.996574721227404, 11.845185336400013 ], [ 75.99837135179564, 11.845185336400011 ], [ 75.99837135179564, 11.846083651684133 ], [ 76.000167982363877, 11.846083651684131 ], [ 76.000167982363877, 11.843388705831771 ], [ 75.999269667079759, 11.843388705831771 ], [ 75.999269667079759, 11.844287021115891 ], [ 75.99837135179564, 11.844287021115891 ], [ 75.99837135179564, 11.843388705831773 ], [ 75.997473036511522, 11.843388705831773 ], [ 75.997473036511522, 11.842490390547651 ], [ 75.99837135179564, 11.842490390547651 ], [ 75.99837135179564, 11.841592075263529 ], [ 75.999269667079759, 11.841592075263533 ], [ 75.999269667079759, 11.840693759979414 ], [ 75.99837135179564, 11.840693759979413 ], [ 75.99837135179564, 11.839795444695294 ], [ 75.997473036511522, 11.839795444695293 ], [ 75.997473036511522, 11.840693759979413 ], [ 75.996574721227404, 11.840693759979413 ], [ 75.996574721227404, 11.841592075263533 ], [ 75.993879775375049, 11.841592075263533 ], [ 75.993879775375049, 11.844287021115891 ], [ 75.995676405943286, 11.844287021115891 ], [ 75.995676405943286, 11.845185336400011 ], [ 75.994778090659167, 11.845185336400013 ], [ 75.994778090659167, 11.846981966968249 ], [ 75.995676405943286, 11.846981966968247 ] ] ] ] } },
{ "type": "Feature", "properties": { "hotspot_id": 85, "area_km2": 0.28207655179396984, "mean_risk": 0.5426, "max_risk": 0.9944, "built_area_km2": 0.016 }, "geometry": { "type": "Polygon", "coordinates": [ [ [ 76.027117440887466, 11.718522881339156 ], [ 76.028914071455702, 11.718522881339155 ], [ 76.028914071455702, 11.717624566055036 ], [ 76.028015756171584, 11.717624566055035 ], [ 76.028015756171584, 11.713132989634444 ], [ 76.028914071455702, 11.713132989634442 ], [ 76.028914071455702, 11.709539728497964 ], [ 76.027117440887466, 11.709539728497964 ], [ 76.027117440887466, 11.711336359066202 ], [ 76.026219125603347, 11.711336359066198 ], [ 76.026219125603347, 11.71223467435032 ], [ 76.025320810319229, 11.712234674350322 ], [ 76.025320810319229, 11.715827935486798 ], [ 76.024422495035111, 11.7158279354868 ], [ 76.024422495035111, 11.717624566055038 ], [ 76.025320810319229, 11.717624566055036 ], [ 76.025320810319229, 11.71672625077092 ], [ 76.026219125603347, 11.716726250770922 ], [ 76.026219125603347, 11.717624566055038 ], [ 76.027117440887466, 11.717624566055038 ], [ 76.027117440887466, 11.718522881339156 ] ] ] } },
{ "type": "Feature", "properties": { "hotspot_id": 86, "area_km2": 0.27249636632838153, "mean_risk": 0.3125, "max_risk": 0.3407, "built_area_km2": 0.0997 }, "geometry": { "type": "Polygon", "coordinates": [ [ [ 76.083711303786998, 11.573894120595915 ], [ 76.086406249639353, 11.573894120595916 ], [ 76.086406249639353, 11.572995805311795 ], [ 76.087304564923471, 11.572995805311795 ], [ 76.087304564923471, 11.571199174743557 ], [ 76.086406249639353, 11.571199174743555 ], [ 76.086406249639353, 11.572097490027675 ], [ 76.083711303786998, 11.572097490027675 ], [ 76.083711303786998, 11.571199174743555 ], [ 76.08281298850288, 11.571199174743555 ], [ 76.08281298850288, 11.570300859459435 ], [ 76.083711303786998, 11.570300859459437 ], [ 76.083711303786998, 11.569402544175317 ], [ 76.08281298850288, 11.569402544175317 ], [ 76.08281298850288, 11.568504228891198 ], [ 76.083711303786998, 11.568504228891197 ], [ 76.083711303786998, 11.567605913607077 ], [ 76.08281298850288, 11.567605913607077 ], [ 76.08281298850288, 11.566707598322958 ], [ 76.081914673218762, 11.56670759832296 ], [ 76.081914673218762, 11.567605913607077 ], [ 76.080118042650525, 11.567605913607075 ], [ 76.080118042650525, 11.569402544175318 ], [ 76.081016357934644, 11.569402544175315 ], [ 76.081016357934644, 11.570300859459438 ], [ 76.080118042650525, 11.570300859459438 ], [ 76.080118042650525, 11.571199174743558 ], [ 76.079219727366393, 11.571199174743555 ], [ 76.079219727366393, 11.572097490027677 ], [ 76.08281298850288, 11.572097490027675 ], [ 76.08281298850288, 11.572995805311795 ], [ 76.083711303786998, 11.572995805311795 ], [ 76.083711303786998, 11.573894120595915 ] ] ] } },
{ "type": "Feature", "properties": { "hotspot_id": 87, "area_km2": 0.27249384384152059, "mean_risk": 0.3085, "max_risk": 0.3256, "built_area_km2": 0.1478 }, "geometry": { "type": "MultiPolygon", "coordinates": [ [ [ [ 76.092694456628195, 11.572995805311795 ], [ 76.092694456628195, 11.573894120595916 ], [ 76.094491087196431, 11.573894120595915 ], [ 76.094491087196431, 11.574792435880033 ], [ 76.093592771912313, 11.574792435880036 ], [ 76.093592771912313, 11.575690751164153 ], [ 76.095389402480549, 11.575690751164149 ], [ 76.095389402480549, 11.576589066448275 ], [ 76.094491087196431, 11.576589066448273 ], [ 76.094491087196431, 11.577487381732393 ], [ 76.093592771912313, 11.577487381732391 ], [ 76.093592771912313, 11.579284012300633 ], [ 76.094491087196431, 11.579284012300633 ], [ 76.094491087196431, 11.578385697016513 ], [ 76.098084348332904, 11.578385697016515 ], [ 76.098084348332904, 11.577487381732391 ], [ 76.098982663617022, 11.577487381732396 ], [ 76.098982663617022, 11.574792435880036 ], [ 76.098084348332904, 11.574792435880036 ], [ 76.098084348332904, 11.575690751164155 ], [ 76.097186033048786, 11.575690751164155 ], [ 76.097186033048786, 11.574792435880033 ], [ 76.096287717764667, 11.574792435880036 ], [ 76.096287717764667, 11.573894120595915 ], [ 76.095389402480549, 11.573894120595915 ], [ 76.095389402480549, 11.572995805311795 ], [ 76.092694456628195, 11.572995805311795 ] ] ], [ [ [ 76.092694456628195, 11.572995805311795 ], [ 76.092694456628195, 11.572097490027675 ], [ 76.091796141344076, 11.572097490027677 ], [ 76.091796141344076, 11.571199174743555 ], [ 76.090897826059958, 11.571199174743553 ], [ 76.090897826059958, 11.572995805311795 ], [ 76.092694456628195, 11.572995805311795 ] ] ] ] } },
{ "type": "Feature", "properties": { "hotspot_id": 88, "area_km2": 0.27249376668591857, "mean_risk": 0.3163, "max_risk": 0.4104, "built_area_km2": 0.1371 }, "geometry": { "type": "Polygon", "coordinates": [ [ [ 76.02981238673982, 11.567605913607078 ], [ 76.031609017308071, 11.567605913607077 ], [ 76.031609017308071, 11.566707598322958 ], [ 76.034303963160426, 11.566707598322962 ], [ 76.034303963160426, 11.56580928303884 ], [ 76.035202278444544, 11.56580928303884 ], [ 76.035202278444544, 11.564012652470602 ], [ 76.036100593728662, 11.564012652470598 ], [ 76.036100593728662, 11.562216021902362 ], [ 76.035202278444544, 11.562216021902362 ], [ 76.035202278444544, 11.563114337186484 ], [ 76.034303963160426, 11.563114337186482 ], [ 76.034303963160426, 11.56131770661824 ], [ 76.032507332592189, 11.561317706618242 ], [ 76.032507332592189, 11.562216021902362 ], [ 76.031609017308071, 11.562216021902362 ], [ 76.031609017308071, 11.564012652470602 ], [ 76.02981238673982, 11.564012652470602 ], [ 76.02981238673982, 11.56491096775472 ], [ 76.030710702023939, 11.564910967754718 ], [ 76.030710702023939, 11.566707598322962 ], [ 76.02981238673982, 11.56670759832296 ], [ 76.02981238673982, 11.567605913607078 ] ] ] } },
{ "type": "Feature", "properties": { "hotspot_id": 89, "area_km2": 0.27230399839184438, "mean_risk": 0.3079, "max_risk": 0.3411, "built_area_km2": 0.1178 }, "geometry": { "type": "MultiPolygon", "coordinates": [ [ [ [ 75.917522976224888, 11.749065600999224 ], [ 75.918421291509006, 11.749065600999222 ], [ 75.918421291509006, 11.748167285715104 ], [ 75.919319606793124, 11.748167285715104 ], [ 75.919319606793124, 11.746370655146864 ], [ 75.918421291509006, 11.746370655146862 ], [ 75.918421291509006, 11.747268970430985 ], [ 75.917522976224888, 11.747268970430985 ], [ 75.917522976224888, 11.749065600999224 ] ] ], [ [ [ 75.919319606793124, 11.746370655146864 ], [ 75.920217922077242, 11.746370655146864 ], [ 75.920217922077242, 11.745472339862744 ], [ 75.922912867929597, 11.745472339862744 ], [ 75.922912867929597, 11.744574024578625 ], [ 75.92111623736136, 11.744574024578625 ], [ 75.92111623736136, 11.743675709294507 ], [ 75.919319606793124, 11.743675709294505 ], [ 75.919319606793124, 11.746370655146864 ] ] ], [ [ [ 75.922912867929597, 11.744574024578625 ], [ 75.924709498497847, 11.744574024578625 ], [ 75.924709498497847, 11.745472339862742 ], [ 75.926506129066084, 11.745472339862744 ], [ 75.926506129066084, 11.746370655146864 ], [ 75.929201074918439, 11.746370655146864 ], [ 75.929201074918439, 11.744574024578625 ], [ 75.92830275963432, 11.744574024578625 ], [ 75.92830275963432, 11.743675709294507 ], [ 75.927404444350202, 11.743675709294504 ], [ 75.927404444350202, 11.742777394010385 ], [ 75.924709498497847, 11.742777394010385 ], [ 75.924709498497847, 11.743675709294505 ], [ 75.922912867929597, 11.743675709294504 ], [ 75.922912867929597, 11.744574024578625 ] ] ] ] } },
{ "type": "Feature", "properties": { "hotspot_id": 90, "area_km2": 0.26268848514516668, "mean_risk": 0.6507, "max_risk": 1.0, "built_area_km2": 0.0237 }, "geometry": { "type": "Polygon", "coordinates": [ [ [ 76.136711905550044, 11.666420594860226 ], [ 76.140305166686531, 11.666420594860224 ], [ 76.140305166686531, 11.665522279576107 ], [ 76.142101797254767, 11.665522279576107 ], [ 76.142101797254767, 11.664623964291989 ], [ 76.143000112538886, 11.664623964291987 ], [ 76.143000112538886, 11.661929018439631 ], [ 76.142101797254767, 11.661929018439629 ], [ 76.142101797254767, 11.661030703155511 ], [ 76.140305166686531, 11.661030703155511 ], [ 76.140305166686531, 11.661929018439631 ], [ 76.139406851402413, 11.661929018439631 ], [ 76.139406851402413, 11.662827333723746 ], [ 76.138508536118295, 11.662827333723747 ], [ 76.138508536118295, 11.663725649007866 ], [ 76.137610220834162, 11.663725649007866 ], [ 76.137610220834162, 11.664623964291991 ], [ 76.136711905550044, 11.664623964291987 ], [ 76.136711905550044, 11.666420594860226 ] ] ] } },
{ "type": "Feature", "properties": { "hotspot_id": 91, "area_km2": 0.25310679295696115, "mean_risk": 0.3076, "max_risk": 0.3328, "built_area_km2": 0.1221 }, "geometry": { "type": "Polygon", "coordinates": [ [ [ 76.155576526516569, 11.502927213150475 ], [ 76.157373157084791, 11.502927213150475 ], [ 76.157373157084791, 11.502028897866353 ], [ 76.159169787653042, 11.502028897866353 ], [ 76.159169787653042, 11.502927213150471 ], [ 76.161864733505396, 11.502927213150473 ], [ 76.161864733505396, 11.501130582582235 ], [ 76.16006810293716, 11.501130582582235 ], [ 76.16006810293716, 11.496639006161635 ], [ 76.159169787653042, 11.496639006161638 ], [ 76.159169787653042, 11.494842375593395 ], [ 76.158271472368924, 11.494842375593398 ], [ 76.158271472368924, 11.497537321445755 ], [ 76.159169787653042, 11.497537321445757 ], [ 76.159169787653042, 11.499333952013995 ], [ 76.156474841800673, 11.499333952013995 ], [ 76.156474841800673, 11.501130582582235 ], [ 76.155576526516569, 11.501130582582237 ], [ 76.155576526516569, 11.502927213150475 ] ] ] } },
{ "type": "Feature", "properties": { "hotspot_id": 92, "area_km2": 0.25304918856431752, "mean_risk": 0.6907, "max_risk": 1.0, "built_area_km2": 0.0092 }, "geometry": { "type": "Polygon", "coordinates": [ [ [ 76.284035612145644, 11.59455537213066 ], [ 76.288527188566249, 11.594555372130664 ], [ 76.288527188566249, 11.593657056846544 ], [ 76.289425503850367, 11.59365705684654 ], [ 76.289425503850367, 11.590063795710066 ], [ 76.286730557998013, 11.590063795710067 ], [ 76.286730557998013, 11.590962110994187 ], [ 76.284933927429776, 11.590962110994186 ], [ 76.284933927429776, 11.591860426278306 ], [ 76.284035612145644, 11.591860426278306 ], [ 76.284035612145644, 11.592758741562427 ], [ 76.283137296861526, 11.592758741562426 ], [ 76.283137296861526, 11.593657056846542 ], [ 76.284035612145644, 11.593657056846544 ], [ 76.284035612145644, 11.59455537213066 ] ] ] } },
{ "type": "Feature", "properties": { "hotspot_id": 93, "area_km2": 0.25293281784095928, "mean_risk": 0.5031, "max_risk": 1.0, "built_area_km2": 0.0411 }, "geometry": { "type": "Polygon", "coordinates": [ [ [ 76.040592170149253, 11.680793639406138 ], [ 76.041490485433386, 11.680793639406136 ], [ 76.041490485433386, 11.67720037826966 ], [ 76.042388800717504, 11.67720037826966 ], [ 76.042388800717504, 11.67630206298554 ], [ 76.043287116001622, 11.676302062985542 ], [ 76.043287116001622, 11.67540374770142 ], [ 76.04418543128574, 11.67540374770142 ], [ 76.04418543128574, 11.67630206298554 ], [ 76.045982061853977, 11.67630206298554 ], [ 76.045982061853977, 11.674505432417304 ], [ 76.045083746569858, 11.6745054324173 ], [ 76.045083746569858, 11.67360711713318 ], [ 76.04418543128574, 11.673607117133182 ], [ 76.04418543128574, 11.674505432417302 ], [ 76.042388800717504, 11.674505432417302 ], [ 76.042388800717504, 11.673607117133178 ], [ 76.041490485433386, 11.67360711713318 ], [ 76.041490485433386, 11.67270880184906 ], [ 76.039693854865135, 11.672708801849064 ], [ 76.039693854865135, 11.67720037826966 ], [ 76.040592170149253, 11.67720037826966 ], [ 76.040592170149253, 11.680793639406138 ] ] ] } },
{ "type": "Feature", "properties": { "hotspot_id": 94, "area_km2": 0.25289292609177583, "mean_risk": 0.4724, "max_risk": 0.9794, "built_area_km2": 0.0118 }, "geometry": { "type": "MultiPolygon", "coordinates": [ [ [ [ 75.995676405943286, 11.7113363590662 ], [ 75.997473036511522, 11.711336359066202 ], [ 75.997473036511522, 11.709539728497964 ], [ 75.995676405943286, 11.709539728497964 ], [ 75.995676405943286, 11.7113363590662 ] ] ], [ [ [ 75.995676405943286, 11.7113363590662 ], [ 75.994778090659167, 11.7113363590662 ], [ 75.994778090659167, 11.71223467435032 ], [ 75.993879775375049, 11.712234674350324 ], [ 75.993879775375049, 11.713132989634444 ], [ 75.994778090659167, 11.713132989634445 ], [ 75.994778090659167, 11.71403130491856 ], [ 75.995676405943286, 11.71403130491856 ], [ 75.995676405943286, 11.714929620202682 ], [ 75.996574721227404, 11.71492962020268 ], [ 75.996574721227404, 11.715827935486798 ], [ 75.99837135179564, 11.715827935486798 ], [ 75.99837135179564, 11.714929620202678 ], [ 76.000167982363877, 11.714929620202676 ], [ 76.000167982363877, 11.71313298963444 ], [ 76.001066297647995, 11.713132989634442 ], [ 76.001066297647995, 11.711336359066198 ], [ 75.999269667079759, 11.7113363590662 ], [ 75.999269667079759, 11.713132989634442 ], [ 75.996574721227404, 11.713132989634442 ], [ 75.996574721227404, 11.712234674350322 ], [ 75.995676405943286, 11.712234674350324 ], [ 75.995676405943286, 11.7113363590662 ] ] ], [ [ [ 75.997473036511522, 11.709539728497964 ], [ 75.99837135179564, 11.709539728497964 ], [ 75.99837135179564, 11.708641413213842 ], [ 75.997473036511522, 11.708641413213845 ], [ 75.997473036511522, 11.709539728497964 ] ] ] ] } },
{ "type": "Feature", "properties": { "hotspot_id": 95, "area_km2": 0.25280946827932566, "mean_risk": 0.3113, "max_risk": 0.3398, "built_area_km2": 0.0087 }, "geometry": { "type": "MultiPolygon", "coordinates": [ [ [ [ 75.850149329915922, 11.78769315821636 ], [ 75.853742591052395, 11.787693158216356 ], [ 75.853742591052395, 11.784998212364002 ], [ 75.852844275768277, 11.784998212364004 ], [ 75.852844275768277, 11.784099897079882 ], [ 75.853742591052395, 11.784099897079884 ], [ 75.853742591052395, 11.782303266511645 ], [ 75.852844275768277, 11.782303266511647 ], [ 75.852844275768277, 11.780506635943407 ], [ 75.851945960484159, 11.780506635943409 ], [ 75.851945960484159, 11.781404951227524 ], [ 75.848352699347686, 11.781404951227525 ], [ 75.848352699347686, 11.782303266511644 ], [ 75.849251014631804, 11.782303266511644 ], [ 75.849251014631804, 11.784998212364005 ], [ 75.850149329915922, 11.784998212364005 ], [ 75.850149329915922, 11.783201581795762 ], [ 75.85104764520004, 11.783201581795764 ], [ 75.85104764520004, 11.784998212364004 ], [ 75.851945960484159, 11.784998212364005 ], [ 75.851945960484159, 11.78589652764812 ], [ 75.852844275768277, 11.785896527648116 ], [ 75.852844275768277, 11.786794842932242 ], [ 75.850149329915922, 11.786794842932242 ], [ 75.850149329915922, 11.78769315821636 ] ], [ [ 75.852844275768277, 11.784099897079882 ], [ 75.851945960484159, 11.784099897079884 ], [ 75.851945960484159, 11.783201581795764 ], [ 75.852844275768277, 11.783201581795762 ], [ 75.852844275768277, 11.784099897079882 ] ] ], [ [ [ 75.851945960484159, 11.780506635943409 ], [ 75.851945960484159, 11.779608320659285 ], [ 75.85104764520004, 11.779608320659284 ], [ 75.85104764520004, 11.780506635943405 ], [ 75.851945960484159, 11.780506635943409 ] ] ], [ [ [ 75.853742591052395, 11.782303266511645 ], [ 75.854640906336513, 11.782303266511645 ], [ 75.854640906336513, 11.781404951227524 ], [ 75.853742591052395, 11.781404951227525 ], [ 75.853742591052395, 11.782303266511645 ] ] ] ] } },
{ "type": "Feature", "properties": { "hotspot_id": 96, "area_km2": 0.25279721338518668, "mean_risk": 0.3123, "max_risk": 0.3463, "built_area_km2": 0.1231 }, "geometry": { "type": "MultiPolygon", "coordinates": [ [ [ [ 76.019930918614506, 11.821829139012904 ], [ 76.019930918614506, 11.82362576958114 ], [ 76.019032603330388, 11.82362576958114 ], [ 76.019032603330388, 11.824524084865264 ], [ 76.020829233898624, 11.82452408486526 ], [ 76.020829233898624, 11.825422400149378 ], [ 76.022625864466875, 11.825422400149382 ], [ 76.022625864466875, 11.826320715433503 ], [ 76.024422495035111, 11.826320715433503 ], [ 76.024422495035111, 11.825422400149382 ], [ 76.025320810319229, 11.825422400149382 ], [ 76.025320810319229, 11.824524084865258 ], [ 76.028914071455702, 11.82452408486526 ], [ 76.028914071455702, 11.822727454297024 ], [ 76.028015756171584, 11.822727454297018 ], [ 76.028015756171584, 11.821829139012902 ], [ 76.027117440887466, 11.8218291390129 ], [ 76.027117440887466, 11.822727454297022 ], [ 76.026219125603347, 11.822727454297022 ], [ 76.026219125603347, 11.82362576958114 ], [ 76.021727549182756, 11.823625769581142 ], [ 76.021727549182756, 11.82272745429702 ], [ 76.020829233898624, 11.822727454297022 ], [ 76.020829233898624, 11.8218291390129 ], [ 76.019930918614506, 11.821829139012904 ] ] ], [ [ [ 76.019930918614506, 11.821829139012904 ], [ 76.019930918614506, 11.820930823728785 ], [ 76.019032603330388, 11.820930823728785 ], [ 76.019032603330388, 11.821829139012902 ], [ 76.019930918614506, 11.821829139012904 ] ] ] ] } },
{ "type": "Feature", "properties": { "hotspot_id": 97, "area_km2": 0.24329404152746567, "mean_risk": 0.3015, "max_risk": 0.3116, "built_area_km2": 0.1376 }, "geometry": { "type": "Polygon", "coordinates": [ [ [ 76.105270870605864, 11.584673904005347 ], [ 76.105270870605864, 11.585572219289469 ], [ 76.106169185889996, 11.585572219289469 ], [ 76.106169185889996, 11.586470534573591 ], [ 76.107965816458218, 11.586470534573593 ], [ 76.107965816458218, 11.585572219289469 ], [ 76.1070675011741, 11.585572219289469 ], [ 76.1070675011741, 11.583775588721227 ], [ 76.107965816458218, 11.583775588721229 ], [ 76.107965816458218, 11.581978958152989 ], [ 76.108864131742337, 11.581978958152989 ], [ 76.108864131742337, 11.580182327584755 ], [ 76.1070675011741, 11.580182327584756 ], [ 76.1070675011741, 11.579284012300635 ], [ 76.106169185889996, 11.579284012300633 ], [ 76.106169185889996, 11.578385697016513 ], [ 76.104372555321746, 11.578385697016515 ], [ 76.104372555321746, 11.579284012300635 ], [ 76.105270870605864, 11.579284012300633 ], [ 76.105270870605864, 11.581080642868871 ], [ 76.106169185889996, 11.581080642868868 ], [ 76.106169185889996, 11.581978958152988 ], [ 76.104372555321746, 11.581978958152989 ], [ 76.104372555321746, 11.582877273437109 ], [ 76.103474240037627, 11.582877273437111 ], [ 76.103474240037627, 11.583775588721229 ], [ 76.104372555321746, 11.583775588721233 ], [ 76.104372555321746, 11.584673904005349 ], [ 76.105270870605864, 11.584673904005347 ] ], [ [ 76.105270870605864, 11.584673904005347 ], [ 76.105270870605864, 11.582877273437113 ], [ 76.106169185889996, 11.582877273437111 ], [ 76.106169185889996, 11.584673904005349 ], [ 76.105270870605864, 11.584673904005347 ] ] ] } },
{ "type": "Feature", "properties": { "hotspot_id": 98, "area_km2": 0.24310530983607612, "mean_risk": 0.4152, "max_risk": 0.6856, "built_area_km2": 0.0245 }, "geometry": { "type": "MultiPolygon", "coordinates": [ [ [ [ 76.015439342193915, 11.789489788784604 ], [ 76.018134288046269, 11.7894897887846 ], [ 76.018134288046269, 11.788591473500482 ], [ 76.019032603330388, 11.78859147350048 ], [ 76.019032603330388, 11.78769315821636 ], [ 76.020829233898624, 11.787693158216353 ], [ 76.020829233898624, 11.78859147350048 ], [ 76.021727549182756, 11.788591473500478 ], [ 76.021727549182756, 11.78679484293224 ], [ 76.017235972762151, 11.786794842932238 ], [ 76.017235972762151, 11.787693158216356 ], [ 76.015439342193915, 11.787693158216364 ], [ 76.015439342193915, 11.78589652764812 ], [ 76.014541026909811, 11.78589652764812 ], [ 76.014541026909811, 11.78679484293224 ], [ 76.013642711625678, 11.786794842932242 ], [ 76.013642711625678, 11.78859147350048 ], [ 76.015439342193915, 11.788591473500482 ], [ 76.015439342193915, 11.789489788784604 ] ] ], [ [ [ 76.015439342193915, 11.78589652764812 ], [ 76.016337657478033, 11.785896527648122 ], [ 76.016337657478033, 11.784998212364005 ], [ 76.017235972762151, 11.784998212364005 ], [ 76.017235972762151, 11.782303266511645 ], [ 76.015439342193915, 11.782303266511645 ], [ 76.015439342193915, 11.78589652764812 ] ] ] ] } },
{ "type": "Feature", "properties": { "hotspot_id": 99, "area_km2": 0.2335849524183107, "mean_risk": 0.5941, "max_risk": 0.9765, "built_area_km2": 0.0098 }, "geometry": { "type": "Polygon", "coordinates": [ [ [ 76.302900233112155, 11.597250317983024 ], [ 76.305595178964523, 11.597250317983022 ], [ 76.305595178964523, 11.594555372130662 ], [ 76.304696863680405, 11.594555372130662 ], [ 76.304696863680405, 11.593657056846546 ], [ 76.303798548396273, 11.593657056846542 ], [ 76.303798548396273, 11.592758741562426 ], [ 76.302900233112155, 11.592758741562424 ], [ 76.302900233112155, 11.591860426278309 ], [ 76.299306971975682, 11.591860426278304 ], [ 76.299306971975682, 11.593657056846544 ], [ 76.3002052872598, 11.593657056846542 ], [ 76.3002052872598, 11.594555372130666 ], [ 76.302001917828051, 11.594555372130664 ], [ 76.302001917828051, 11.595453687414784 ], [ 76.302900233112155, 11.595453687414782 ], [ 76.302900233112155, 11.597250317983024 ] ] ] } },
{ "type": "Feature", "properties": { "hotspot_id": 100, "area_km2": 0.23354732573050607, "mean_risk": 0.5251, "max_risk": 0.9703, "built_area_km2": 0.0142 }, "geometry": { "type": "Polygon", "coordinates": [ [ [ 76.178932723903671, 11.617911569517771 ], [ 76.183424300324262, 11.617911569517775 ], [ 76.183424300324262, 11.616114938949531 ], [ 76.180729354471907, 11.616114938949531 ], [ 76.180729354471907, 11.614318308381295 ], [ 76.181627669756026, 11.614318308381293 ], [ 76.181627669756026, 11.613419993097175 ], [ 76.180729354471907, 11.613419993097173 ], [ 76.180729354471907, 11.612521677813053 ], [ 76.179831039187789, 11.612521677813053 ], [ 76.179831039187789, 11.610725047244816 ], [ 76.178932723903671, 11.610725047244816 ], [ 76.178932723903671, 11.612521677813055 ], [ 76.178034408619553, 11.612521677813055 ], [ 76.178034408619553, 11.614318308381293 ], [ 76.178932723903671, 11.614318308381295 ], [ 76.178932723903671, 11.616114938949529 ], [ 76.178034408619553, 11.616114938949535 ], [ 76.178034408619553, 11.617013254233651 ], [ 76.178932723903671, 11.617013254233653 ], [ 76.178932723903671, 11.617911569517771 ] ] ] } },
{ "type": "Feature", "properties": { "hotspot_id": 101, "area_km2": 0.22387092165411943, "mean_risk": 0.3125, "max_risk": 0.3353, "built_area_km2": 0.1237 }, "geometry": { "type": "Polygon", "coordinates": [ [ [ 76.175339462767184, 11.547842977356447 ], [ 76.176237778051302, 11.547842977356447 ], [ 76.176237778051302, 11.546944662072329 ], [ 76.17713609333542, 11.546944662072328 ], [ 76.17713609333542, 11.545148031504093 ], [ 76.178034408619553, 11.545148031504091 ], [ 76.178034408619553, 11.544249716219971 ], [ 76.17713609333542, 11.544249716219969 ], [ 76.17713609333542, 11.542453085651733 ], [ 76.176237778051302, 11.542453085651731 ], [ 76.176237778051302, 11.541554770367609 ], [ 76.17713609333542, 11.541554770367611 ], [ 76.17713609333542, 11.540656455083491 ], [ 76.175339462767184, 11.540656455083491 ], [ 76.175339462767184, 11.541554770367609 ], [ 76.173542832198947, 11.541554770367613 ], [ 76.173542832198947, 11.542453085651733 ], [ 76.172644516914829, 11.542453085651733 ], [ 76.172644516914829, 11.543351400935851 ], [ 76.173542832198947, 11.543351400935849 ], [ 76.173542832198947, 11.544249716219969 ], [ 76.174441147483066, 11.544249716219971 ], [ 76.174441147483066, 11.545148031504091 ], [ 76.175339462767184, 11.545148031504089 ], [ 76.175339462767184, 11.547842977356447 ] ] ] } },
{ "type": "Feature", "properties": { "hotspot_id": 102, "area_km2": 0.22383843684042887, "mean_risk": 0.3084, "max_risk": 0.3281, "built_area_km2": 0.1415 }, "geometry": { "type": "MultiPolygon", "coordinates": [ [ [ [ 76.253492892485582, 11.605335155540098 ], [ 76.254391207769714, 11.605335155540098 ], [ 76.254391207769714, 11.603538524971862 ], [ 76.255289523053818, 11.603538524971862 ], [ 76.255289523053818, 11.602640209687738 ], [ 76.256187838337951, 11.602640209687737 ], [ 76.256187838337951, 11.601741894403618 ], [ 76.257984468906201, 11.60174189440362 ], [ 76.257984468906201, 11.600843579119502 ], [ 76.258882784190305, 11.600843579119504 ], [ 76.258882784190305, 11.599945263835382 ], [ 76.257984468906201, 11.59994526383538 ], [ 76.257984468906201, 11.599046948551262 ], [ 76.257086153622069, 11.59904694855126 ], [ 76.257086153622069, 11.599945263835382 ], [ 76.253492892485582, 11.599945263835384 ], [ 76.253492892485582, 11.601741894403622 ], [ 76.252594577201478, 11.601741894403618 ], [ 76.252594577201478, 11.603538524971862 ], [ 76.253492892485582, 11.603538524971862 ], [ 76.253492892485582, 11.605335155540098 ] ] ], [ [ [ 76.257984468906201, 11.60174189440362 ], [ 76.257984468906201, 11.60264020968774 ], [ 76.258882784190305, 11.60264020968774 ], [ 76.258882784190305, 11.60174189440362 ], [ 76.257984468906201, 11.60174189440362 ] ] ], [ [ [ 76.258882784190305, 11.60264020968774 ], [ 76.258882784190305, 11.60353852497186 ], [ 76.259781099474438, 11.603538524971858 ], [ 76.259781099474438, 11.60264020968774 ], [ 76.258882784190305, 11.60264020968774 ] ] ] ] } },
{ "type": "Feature", "properties": { "hotspot_id": 103, "area_km2": 0.22381409843240549, "mean_risk": 0.3188, "max_risk": 0.3585, "built_area_km2": 0.0982 }, "geometry": { "type": "Polygon", "coordinates": [ [ [ 76.017235972762151, 11.590063795710067 ], [ 76.021727549182756, 11.590063795710069 ], [ 76.021727549182756, 11.589165480425947 ], [ 76.023524179750993, 11.589165480425949 ], [ 76.023524179750993, 11.587368849857709 ], [ 76.020829233898624, 11.587368849857709 ], [ 76.020829233898624, 11.586470534573589 ], [ 76.019032603330388, 11.586470534573591 ], [ 76.019032603330388, 11.585572219289469 ], [ 76.018134288046269, 11.585572219289469 ], [ 76.018134288046269, 11.586470534573591 ], [ 76.017235972762151, 11.586470534573591 ], [ 76.017235972762151, 11.590063795710067 ] ], [ [ 76.019032603330388, 11.589165480425949 ], [ 76.019032603330388, 11.588267165141827 ], [ 76.019930918614506, 11.588267165141827 ], [ 76.019930918614506, 11.589165480425947 ], [ 76.019032603330388, 11.589165480425949 ] ] ] } },
{ "type": "Feature", "properties": { "hotspot_id": 104, "area_km2": 0.22378683114472969, "mean_risk": 0.3046, "max_risk": 0.3267, "built_area_km2": 0.1359 }, "geometry": { "type": "MultiPolygon", "coordinates": [ [ [ [ 76.232831640950835, 11.667318910144344 ], [ 76.233729956234953, 11.667318910144346 ], [ 76.233729956234953, 11.666420594860224 ], [ 76.232831640950835, 11.666420594860224 ], [ 76.232831640950835, 11.667318910144344 ] ] ], [ [ [ 76.233729956234953, 11.666420594860224 ], [ 76.234628271519071, 11.666420594860224 ], [ 76.234628271519071, 11.665522279576107 ], [ 76.235526586803189, 11.665522279576107 ], [ 76.235526586803189, 11.664623964291989 ], [ 76.236424902087322, 11.664623964291989 ], [ 76.236424902087322, 11.666420594860224 ], [ 76.23732321737144, 11.666420594860226 ], [ 76.23732321737144, 11.661030703155509 ], [ 76.234628271519071, 11.661030703155511 ], [ 76.234628271519071, 11.660132387871389 ], [ 76.233729956234953, 11.660132387871391 ], [ 76.233729956234953, 11.666420594860224 ] ] ] ] } },
{ "type": "Feature", "properties": { "hotspot_id": 105, "area_km2": 0.21404324989525428, "mean_risk": 0.3208, "max_risk": 0.4384, "built_area_km2": 0.1081 }, "geometry": { "type": "Polygon", "coordinates": [ [ [ 76.003761243500364, 11.642166082189 ], [ 76.004659558784482, 11.642166082188998 ], [ 76.004659558784482, 11.64126776690488 ], [ 76.0055578740686, 11.641267766904877 ], [ 76.0055578740686, 11.640369451620758 ], [ 76.010049450489191, 11.64036945162076 ], [ 76.010049450489191, 11.639471136336638 ], [ 76.010947765773309, 11.63947113633664 ], [ 76.010947765773309, 11.638572821052518 ], [ 76.011846081057442, 11.638572821052518 ], [ 76.011846081057442, 11.63677619048428 ], [ 76.009151135205087, 11.636776190484282 ], [ 76.009151135205087, 11.637674505768402 ], [ 76.007354504636837, 11.6376745057684 ], [ 76.007354504636837, 11.63947113633664 ], [ 76.003761243500364, 11.639471136336638 ], [ 76.003761243500364, 11.642166082189 ] ] ] } },
{ "type": "Feature", "properties": { "hotspot_id": 106, "area_km2": 0.21389864137548537, "mean_risk": 0.308, "max_risk": 0.3315, "built_area_km2": 0.1099 }, "geometry": { "type": "MultiPolygon", "coordinates": [ [ [ [ 76.151084950095964, 11.859558380945922 ], [ 76.151983265380082, 11.859558380945924 ], [ 76.151983265380082, 11.858660065661804 ], [ 76.1528815806642, 11.858660065661804 ], [ 76.1528815806642, 11.856863435093565 ], [ 76.153779895948318, 11.856863435093565 ], [ 76.153779895948318, 11.857761750377684 ], [ 76.155576526516569, 11.857761750377682 ], [ 76.155576526516569, 11.856863435093565 ], [ 76.157373157084791, 11.856863435093565 ], [ 76.157373157084791, 11.855965119809445 ], [ 76.153779895948318, 11.855965119809444 ], [ 76.153779895948318, 11.855066804525325 ], [ 76.1528815806642, 11.855066804525324 ], [ 76.1528815806642, 11.854168489241209 ], [ 76.151983265380082, 11.854168489241207 ], [ 76.151983265380082, 11.856863435093565 ], [ 76.151084950095964, 11.856863435093565 ], [ 76.151084950095964, 11.859558380945922 ] ] ], [ [ [ 76.157373157084791, 11.855965119809445 ], [ 76.158271472368924, 11.855965119809445 ], [ 76.158271472368924, 11.855066804525324 ], [ 76.159169787653042, 11.855066804525324 ], [ 76.159169787653042, 11.853270173957087 ], [ 76.157373157084791, 11.853270173957087 ], [ 76.157373157084791, 11.854168489241204 ], [ 76.156474841800673, 11.854168489241205 ], [ 76.156474841800673, 11.855066804525325 ], [ 76.157373157084791, 11.855066804525324 ], [ 76.157373157084791, 11.855965119809445 ] ] ] ] } },
{ "type": "Feature", "properties": { "hotspot_id": 107, "area_km2": 0.21389340834915074, "mean_risk": 0.3164, "max_risk": 0.3413, "built_area_km2": 0.1138 }, "geometry": { "type": "MultiPolygon", "coordinates": [ [ [ [ 76.060355106399882, 11.849676912820609 ], [ 76.061253421684015, 11.849676912820607 ], [ 76.061253421684015, 11.848778597536489 ], [ 76.060355106399882, 11.848778597536489 ], [ 76.060355106399882, 11.849676912820609 ] ] ], [ [ [ 76.061253421684015, 11.848778597536489 ], [ 76.065744998104606, 11.848778597536489 ], [ 76.065744998104606, 11.846981966968251 ], [ 76.064846682820487, 11.846981966968249 ], [ 76.064846682820487, 11.846083651684131 ], [ 76.065744998104606, 11.846083651684133 ], [ 76.065744998104606, 11.844287021115893 ], [ 76.064846682820487, 11.844287021115891 ], [ 76.064846682820487, 11.843388705831771 ], [ 76.063948367536383, 11.843388705831771 ], [ 76.063948367536383, 11.845185336400013 ], [ 76.063050052252251, 11.845185336400013 ], [ 76.063050052252251, 11.846083651684133 ], [ 76.061253421684015, 11.846083651684131 ], [ 76.061253421684015, 11.848778597536489 ] ] ], [ [ [ 76.065744998104606, 11.848778597536489 ], [ 76.065744998104606, 11.849676912820613 ], [ 76.066643313388724, 11.849676912820609 ], [ 76.066643313388724, 11.848778597536489 ], [ 76.065744998104606, 11.848778597536489 ] ] ] ] } },
{ "type": "Feature", "properties": { "hotspot_id": 108, "area_km2": 0.21383102843279184, "mean_risk": 0.5543, "max_risk": 1.0, "built_area_km2": 0.0103 }, "geometry": { "type": "Polygon", "coordinates": [ [ [ 76.047778692422213, 11.928728657823124 ], [ 76.049575322990449, 11.928728657823127 ], [ 76.049575322990449, 11.927830342539009 ], [ 76.0513719535587, 11.927830342539005 ], [ 76.0513719535587, 11.926932027254884 ], [ 76.050473638274568, 11.926932027254885 ], [ 76.050473638274568, 11.926033711970765 ], [ 76.0513719535587, 11.926033711970764 ], [ 76.0513719535587, 11.924237081402529 ], [ 76.050473638274568, 11.924237081402524 ], [ 76.050473638274568, 11.922440450834291 ], [ 76.048677007706331, 11.922440450834291 ], [ 76.048677007706331, 11.923338766118409 ], [ 76.047778692422213, 11.923338766118407 ], [ 76.047778692422213, 11.928728657823124 ] ] ] } },
{ "type": "Feature", "properties": { "hotspot_id": 109, "area_km2": 0.20434307061607185, "mean_risk": 0.4335, "max_risk": 0.7076, "built_area_km2": 0.0115 }, "geometry": { "type": "Polygon", "coordinates": [ [ [ 76.293917080270958, 11.657437442019029 ], [ 76.294815395555091, 11.657437442019029 ], [ 76.294815395555091, 11.656539126734909 ], [ 76.295713710839209, 11.656539126734911 ], [ 76.295713710839209, 11.655640811450789 ], [ 76.294815395555091, 11.655640811450791 ], [ 76.294815395555091, 11.654742496166673 ], [ 76.295713710839209, 11.654742496166673 ], [ 76.295713710839209, 11.653844180882553 ], [ 76.296612026123327, 11.653844180882551 ], [ 76.296612026123327, 11.654742496166669 ], [ 76.297510341407445, 11.654742496166673 ], [ 76.297510341407445, 11.653844180882549 ], [ 76.298408656691564, 11.653844180882551 ], [ 76.298408656691564, 11.652047550314313 ], [ 76.297510341407445, 11.652047550314313 ], [ 76.297510341407445, 11.651149235030193 ], [ 76.296612026123327, 11.651149235030191 ], [ 76.296612026123327, 11.652047550314311 ], [ 76.293917080270958, 11.652047550314315 ], [ 76.293917080270958, 11.652945865598431 ], [ 76.29301876498684, 11.652945865598431 ], [ 76.29301876498684, 11.654742496166673 ], [ 76.293917080270958, 11.654742496166669 ], [ 76.293917080270958, 11.655640811450791 ], [ 76.29301876498684, 11.655640811450789 ], [ 76.29301876498684, 11.656539126734911 ], [ 76.293917080270958, 11.656539126734911 ], [ 76.293917080270958, 11.657437442019029 ] ] ] } },
{ "type": "Feature", "properties": { "hotspot_id": 110, "area_km2": 0.20426755118423223, "mean_risk": 0.557, "max_risk": 1.0, "built_area_km2": 0.0177 }, "geometry": { "type": "MultiPolygon", "coordinates": [ [ [ [ 75.966032001567342, 11.700556575656764 ], [ 75.967828632135578, 11.700556575656767 ], [ 75.967828632135578, 11.698759945088529 ], [ 75.966032001567342, 11.698759945088529 ], [ 75.966032001567342, 11.700556575656764 ] ] ], [ [ [ 75.967828632135578, 11.698759945088529 ], [ 75.970523577987933, 11.698759945088526 ], [ 75.970523577987933, 11.696963314520289 ], [ 75.971421893272051, 11.696963314520289 ], [ 75.971421893272051, 11.696064999236173 ], [ 75.970523577987933, 11.696064999236169 ], [ 75.970523577987933, 11.695166683952051 ], [ 75.968726947419697, 11.695166683952051 ], [ 75.968726947419697, 11.694268368667931 ], [ 75.967828632135578, 11.694268368667931 ], [ 75.967828632135578, 11.695166683952051 ], [ 75.96693031685146, 11.695166683952049 ], [ 75.96693031685146, 11.697861629804411 ], [ 75.967828632135578, 11.697861629804411 ], [ 75.967828632135578, 11.698759945088529 ] ] ] ] } },
{ "type": "Feature", "properties": { "hotspot_id": 111, "area_km2": 0.20419682393321467, "mean_risk": 0.4839, "max_risk": 0.8815, "built_area_km2": 0.0172 }, "geometry": { "type": "MultiPolygon", "coordinates": [ [ [ [ 75.967828632135578, 11.797574626341675 ], [ 75.968726947419697, 11.797574626341673 ], [ 75.968726947419697, 11.796676311057558 ], [ 75.970523577987933, 11.796676311057556 ], [ 75.970523577987933, 11.795777995773438 ], [ 75.971421893272051, 11.795777995773438 ], [ 75.971421893272051, 11.797574626341673 ], [ 75.97232020855617, 11.797574626341673 ], [ 75.97232020855617, 11.796676311057556 ], [ 75.973218523840302, 11.796676311057556 ], [ 75.973218523840302, 11.793981365205198 ], [ 75.969625262703815, 11.793981365205196 ], [ 75.969625262703815, 11.794879680489318 ], [ 75.968726947419697, 11.794879680489318 ], [ 75.968726947419697, 11.79577799577344 ], [ 75.96693031685146, 11.795777995773438 ], [ 75.96693031685146, 11.796676311057558 ], [ 75.967828632135578, 11.796676311057556 ], [ 75.967828632135578, 11.797574626341675 ] ] ], [ [ [ 75.969625262703815, 11.793981365205196 ], [ 75.969625262703815, 11.79218473463696 ], [ 75.967828632135578, 11.792184734636958 ], [ 75.967828632135578, 11.7939813652052 ], [ 75.969625262703815, 11.793981365205196 ] ] ] ] } },
{ "type": "Feature", "properties": { "hotspot_id": 112, "area_km2": 0.19459614231794684, "mean_risk": 0.3055, "max_risk": 0.3236, "built_area_km2": 0.0058 }, "geometry": { "type": "Polygon", "coordinates": [ [ [ 75.982201676681484, 11.621504830654251 ], [ 75.983998307249735, 11.621504830654247 ], [ 75.983998307249735, 11.620606515370129 ], [ 75.985794937817971, 11.620606515370129 ], [ 75.985794937817971, 11.619708200086011 ], [ 75.983998307249735, 11.619708200086009 ], [ 75.983998307249735, 11.618809884801891 ], [ 75.980405046113248, 11.618809884801891 ], [ 75.980405046113248, 11.617911569517773 ], [ 75.979506730829129, 11.617911569517773 ], [ 75.979506730829129, 11.618809884801895 ], [ 75.978608415545011, 11.618809884801889 ], [ 75.978608415545011, 11.617013254233649 ], [ 75.977710100260893, 11.617013254233653 ], [ 75.977710100260893, 11.617911569517775 ], [ 75.976811784976775, 11.617911569517771 ], [ 75.976811784976775, 11.618809884801891 ], [ 75.975015154408538, 11.618809884801893 ], [ 75.975015154408538, 11.619708200086011 ], [ 75.982201676681484, 11.619708200086007 ], [ 75.982201676681484, 11.621504830654251 ] ] ] } },
{ "type": "Feature", "properties": { "hotspot_id": 113, "area_km2": 0.19450238295681799, "mean_risk": 0.3059, "max_risk": 0.3378, "built_area_km2": 0.0158 }, "geometry": { "type": "MultiPolygon", "coordinates": [ [ [ [ 75.875302157871275, 11.740980763442145 ], [ 75.876200473155393, 11.740980763442144 ], [ 75.876200473155393, 11.740082448158025 ], [ 75.877997103723629, 11.740082448158027 ], [ 75.877997103723629, 11.740980763442144 ], [ 75.880692049575984, 11.740980763442149 ], [ 75.880692049575984, 11.739184132873905 ], [ 75.881590364860102, 11.739184132873904 ], [ 75.881590364860102, 11.738285817589786 ], [ 75.879793734291866, 11.738285817589786 ], [ 75.879793734291866, 11.739184132873905 ], [ 75.878895419007748, 11.739184132873905 ], [ 75.878895419007748, 11.738285817589786 ], [ 75.876200473155393, 11.738285817589787 ], [ 75.876200473155393, 11.739184132873905 ], [ 75.875302157871275, 11.739184132873909 ], [ 75.875302157871275, 11.740980763442145 ] ] ], [ [ [ 75.878895419007748, 11.738285817589786 ], [ 75.879793734291866, 11.738285817589786 ], [ 75.879793734291866, 11.737387502305666 ], [ 75.878895419007748, 11.737387502305666 ], [ 75.878895419007748, 11.738285817589786 ] ] ], [ [ [ 75.881590364860102, 11.738285817589786 ], [ 75.883386995428339, 11.738285817589784 ], [ 75.883386995428339, 11.737387502305667 ], [ 75.884285310712457, 11.737387502305667 ], [ 75.884285310712457, 11.736489187021551 ], [ 75.88248868014422, 11.736489187021551 ], [ 75.88248868014422, 11.737387502305664 ], [ 75.881590364860102, 11.737387502305666 ], [ 75.881590364860102, 11.738285817589786 ] ] ] ] } },
{ "type": "Feature", "properties": { "hotspot_id": 114, "area_km2": 0.1944668604080973, "mean_risk": 0.3263, "max_risk": 0.441, "built_area_km2": 0.0908 }, "geometry": { "type": "Polygon", "coordinates": [ [ [ 75.901353301110731, 11.795777995773438 ], [ 75.904048246963086, 11.795777995773438 ], [ 75.904048246963086, 11.794879680489318 ], [ 75.906743192815455, 11.79487968048932 ], [ 75.906743192815455, 11.795777995773438 ], [ 75.907641508099573, 11.79577799577344 ], [ 75.907641508099573, 11.793981365205198 ], [ 75.904946562247218, 11.793981365205196 ], [ 75.904946562247218, 11.793083049921076 ], [ 75.903149931678968, 11.793083049921075 ], [ 75.903149931678968, 11.792184734636962 ], [ 75.900454985826613, 11.792184734636958 ], [ 75.900454985826613, 11.794879680489318 ], [ 75.901353301110731, 11.794879680489318 ], [ 75.901353301110731, 11.795777995773438 ] ] ] } },
{ "type": "Feature", "properties": { "hotspot_id": 115, "area_km2": 0.19446232800145594, "mean_risk": 0.3033, "max_risk": 0.322, "built_area_km2": 0.0927 }, "geometry": { "type": "Polygon", "coordinates": [ [ [ 76.155576526516569, 11.846083651684131 ], [ 76.156474841800673, 11.846083651684131 ], [ 76.156474841800673, 11.844287021115891 ], [ 76.157373157084791, 11.844287021115891 ], [ 76.157373157084791, 11.842490390547653 ], [ 76.155576526516569, 11.842490390547653 ], [ 76.155576526516569, 11.843388705831771 ], [ 76.154678211232437, 11.843388705831773 ], [ 76.154678211232437, 11.841592075263529 ], [ 76.153779895948318, 11.841592075263531 ], [ 76.153779895948318, 11.842490390547654 ], [ 76.1528815806642, 11.842490390547653 ], [ 76.1528815806642, 11.844287021115891 ], [ 76.151983265380082, 11.844287021115891 ], [ 76.151983265380082, 11.843388705831771 ], [ 76.150186634811845, 11.843388705831771 ], [ 76.150186634811845, 11.845185336400013 ], [ 76.155576526516569, 11.845185336400013 ], [ 76.155576526516569, 11.846083651684131 ] ] ] } },
{ "type": "Feature", "properties": { "hotspot_id": 116, "area_km2": 0.19445219902559152, "mean_risk": 0.6045, "max_risk": 1.0, "built_area_km2": 0.0095 }, "geometry": { "type": "Polygon", "coordinates": [ [ [ 76.133118644413571, 11.856863435093565 ], [ 76.134016959697689, 11.856863435093565 ], [ 76.134016959697689, 11.855965119809445 ], [ 76.134915274981807, 11.855965119809445 ], [ 76.134915274981807, 11.855066804525327 ], [ 76.134016959697689, 11.855066804525325 ], [ 76.134016959697689, 11.854168489241204 ], [ 76.134915274981807, 11.854168489241207 ], [ 76.134915274981807, 11.853270173957085 ], [ 76.132220329129453, 11.853270173957085 ], [ 76.132220329129453, 11.852371858672967 ], [ 76.131322013845335, 11.852371858672967 ], [ 76.131322013845335, 11.851473543388847 ], [ 76.128627067992966, 11.851473543388847 ], [ 76.128627067992966, 11.852371858672965 ], [ 76.127728752708848, 11.852371858672965 ], [ 76.127728752708848, 11.853270173957085 ], [ 76.128627067992966, 11.853270173957085 ], [ 76.128627067992966, 11.854168489241205 ], [ 76.132220329129453, 11.854168489241204 ], [ 76.132220329129453, 11.855066804525324 ], [ 76.133118644413571, 11.855066804525324 ], [ 76.133118644413571, 11.856863435093565 ] ] ] } },
{ "type": "Feature", "properties": { "hotspot_id": 117, "area_km2": 0.18491441299457331, "mean_risk": 0.3131, "max_risk": 0.3331, "built_area_km2": 0.0969 }, "geometry": { "type": "MultiPolygon", "coordinates": [ [ [ [ 76.126830437424729, 11.572097490027677 ], [ 76.127728752708848, 11.572097490027675 ], [ 76.127728752708848, 11.570300859459437 ], [ 76.128627067992966, 11.57030085945944 ], [ 76.128627067992966, 11.569402544175317 ], [ 76.131322013845335, 11.569402544175317 ], [ 76.131322013845335, 11.568504228891198 ], [ 76.132220329129453, 11.568504228891198 ], [ 76.132220329129453, 11.567605913607078 ], [ 76.130423698561216, 11.567605913607078 ], [ 76.130423698561216, 11.568504228891198 ], [ 76.128627067992966, 11.568504228891198 ], [ 76.128627067992966, 11.567605913607078 ], [ 76.127728752708848, 11.567605913607077 ], [ 76.127728752708848, 11.568504228891197 ], [ 76.124135491572375, 11.568504228891198 ], [ 76.124135491572375, 11.569402544175315 ], [ 76.125033806856493, 11.569402544175318 ], [ 76.125033806856493, 11.570300859459438 ], [ 76.125932122140611, 11.57030085945944 ], [ 76.125932122140611, 11.571199174743553 ], [ 76.126830437424729, 11.57119917474356 ], [ 76.126830437424729, 11.572097490027677 ] ] ], [ [ [ 76.127728752708848, 11.567605913607077 ], [ 76.127728752708848, 11.566707598322958 ], [ 76.126830437424729, 11.56670759832296 ], [ 76.126830437424729, 11.567605913607078 ], [ 76.127728752708848, 11.567605913607077 ] ] ] ] } },
{ "type": "Feature", "properties": { "hotspot_id": 118, "area_km2": 0.18485898710735643, "mean_risk": 0.4984, "max_risk": 0.8961, "built_area_km2": 0.0125 }, "geometry": { "type": "Polygon", "coordinates": [ [ [ 76.052270268842818, 11.643962712757238 ], [ 76.054965214695173, 11.643962712757236 ], [ 76.054965214695173, 11.642166082188997 ], [ 76.055863529979291, 11.642166082189002 ], [ 76.055863529979291, 11.641267766904877 ], [ 76.056761845263424, 11.641267766904875 ], [ 76.056761845263424, 11.638572821052522 ], [ 76.054965214695173, 11.638572821052518 ], [ 76.054965214695173, 11.639471136336638 ], [ 76.054066899411055, 11.63947113633664 ], [ 76.054066899411055, 11.640369451620758 ], [ 76.054965214695173, 11.640369451620762 ], [ 76.054965214695173, 11.641267766904878 ], [ 76.0513719535587, 11.641267766904877 ], [ 76.0513719535587, 11.643064397473117 ], [ 76.052270268842818, 11.643064397473117 ], [ 76.052270268842818, 11.643962712757238 ] ] ] } },
{ "type": "Feature", "properties": { "hotspot_id": 119, "area_km2": 0.18484712421383576, "mean_risk": 0.6448, "max_risk": 1.0, "built_area_km2": 0.0101 }, "geometry": { "type": "Polygon", "coordinates": [ [ [ 76.015439342193915, 11.655640811450793 ], [ 76.017235972762151, 11.655640811450789 ], [ 76.017235972762151, 11.654742496166673 ], [ 76.019032603330388, 11.654742496166675 ], [ 76.019032603330388, 11.652047550314315 ], [ 76.016337657478033, 11.652047550314315 ], [ 76.016337657478033, 11.651149235030195 ], [ 76.014541026909811, 11.651149235030195 ], [ 76.014541026909811, 11.654742496166669 ], [ 76.015439342193915, 11.654742496166669 ], [ 76.015439342193915, 11.655640811450793 ] ] ] } },
{ "type": "Feature", "properties": { "hotspot_id": 120, "area_km2": 0.18480589914395668, "mean_risk": 0.4514, "max_risk": 0.7204, "built_area_km2": 0.0143 }, "geometry": { "type": "Polygon", "coordinates": [ [ [ 76.032507332592189, 11.723014457759756 ], [ 76.034303963160426, 11.723014457759758 ], [ 76.034303963160426, 11.721217827191516 ], [ 76.035202278444544, 11.721217827191516 ], [ 76.035202278444544, 11.719421196623278 ], [ 76.034303963160426, 11.719421196623275 ], [ 76.034303963160426, 11.717624566055036 ], [ 76.033405647876307, 11.717624566055035 ], [ 76.033405647876307, 11.716726250770922 ], [ 76.031609017308071, 11.71672625077092 ], [ 76.031609017308071, 11.717624566055036 ], [ 76.030710702023939, 11.71762456605504 ], [ 76.030710702023939, 11.718522881339156 ], [ 76.031609017308071, 11.718522881339156 ], [ 76.031609017308071, 11.719421196623276 ], [ 76.032507332592189, 11.71942119662328 ], [ 76.032507332592189, 11.723014457759756 ] ] ] } },
{ "type": "Feature", "properties": { "hotspot_id": 121, "area_km2": 0.18477936798902811, "mean_risk": 0.3097, "max_risk": 0.3424, "built_area_km2": 0.0875 }, "geometry": { "type": "MultiPolygon", "coordinates": [ [ [ [ 75.931896020770793, 11.747268970430985 ], [ 75.932794336054911, 11.747268970430985 ], [ 75.932794336054911, 11.746370655146862 ], [ 75.931896020770793, 11.746370655146864 ], [ 75.931896020770793, 11.747268970430985 ] ] ], [ [ [ 75.931896020770793, 11.746370655146864 ], [ 75.931896020770793, 11.744574024578625 ], [ 75.932794336054911, 11.744574024578625 ], [ 75.932794336054911, 11.745472339862742 ], [ 75.93369265133903, 11.745472339862744 ], [ 75.93369265133903, 11.740980763442145 ], [ 75.930997705486675, 11.740980763442147 ], [ 75.930997705486675, 11.741879078726264 ], [ 75.930099390202557, 11.741879078726264 ], [ 75.930099390202557, 11.742777394010385 ], [ 75.930997705486675, 11.742777394010387 ], [ 75.930997705486675, 11.744574024578622 ], [ 75.930099390202557, 11.744574024578624 ], [ 75.930099390202557, 11.746370655146864 ], [ 75.931896020770793, 11.746370655146864 ] ] ] ] } },
{ "type": "Feature", "properties": { "hotspot_id": 122, "area_km2": 0.18475920733612355, "mean_risk": 0.3118, "max_risk": 0.3344, "built_area_km2": 0.0915 }, "geometry": { "type": "MultiPolygon", "coordinates": [ [ [ [ 76.004659558784482, 11.788591473500482 ], [ 76.006456189352718, 11.788591473500482 ], [ 76.006456189352718, 11.78769315821636 ], [ 76.0055578740686, 11.787693158216364 ], [ 76.0055578740686, 11.784998212364004 ], [ 76.003761243500364, 11.784998212364004 ], [ 76.003761243500364, 11.783201581795764 ], [ 76.002862928216246, 11.783201581795764 ], [ 76.002862928216246, 11.784099897079884 ], [ 76.000167982363877, 11.784099897079884 ], [ 76.000167982363877, 11.784998212364004 ], [ 76.001964612932127, 11.784998212364004 ], [ 76.001964612932127, 11.78589652764812 ], [ 76.002862928216246, 11.785896527648122 ], [ 76.002862928216246, 11.787693158216362 ], [ 76.004659558784482, 11.78769315821636 ], [ 76.004659558784482, 11.788591473500482 ] ] ], [ [ [ 76.006456189352718, 11.78769315821636 ], [ 76.008252819920955, 11.78769315821636 ], [ 76.008252819920955, 11.786794842932238 ], [ 76.006456189352718, 11.786794842932238 ], [ 76.006456189352718, 11.78769315821636 ] ] ] ] } },
{ "type": "Feature", "properties": { "hotspot_id": 123, "area_km2": 0.1847245096757997, "mean_risk": 0.3001, "max_risk": 0.3154, "built_area_km2": 0.0311 }, "geometry": { "type": "MultiPolygon", "coordinates": [ [ [ [ 76.019032603330388, 11.844287021115891 ], [ 76.019930918614506, 11.844287021115893 ], [ 76.019930918614506, 11.843388705831771 ], [ 76.021727549182756, 11.843388705831771 ], [ 76.021727549182756, 11.842490390547653 ], [ 76.020829233898624, 11.842490390547651 ], [ 76.020829233898624, 11.840693759979413 ], [ 76.021727549182756, 11.840693759979411 ], [ 76.021727549182756, 11.839795444695296 ], [ 76.023524179750993, 11.839795444695296 ], [ 76.023524179750993, 11.838897129411173 ], [ 76.020829233898624, 11.838897129411174 ], [ 76.020829233898624, 11.839795444695293 ], [ 76.019930918614506, 11.839795444695294 ], [ 76.019930918614506, 11.840693759979413 ], [ 76.016337657478033, 11.840693759979413 ], [ 76.016337657478033, 11.841592075263531 ], [ 76.017235972762151, 11.841592075263529 ], [ 76.017235972762151, 11.842490390547653 ], [ 76.019032603330388, 11.842490390547653 ], [ 76.019032603330388, 11.844287021115891 ] ], [ [ 76.019032603330388, 11.842490390547653 ], [ 76.019032603330388, 11.841592075263531 ], [ 76.019930918614506, 11.841592075263531 ], [ 76.019930918614506, 11.842490390547651 ], [ 76.019032603330388, 11.842490390547653 ] ] ], [ [ [ 76.023524179750993, 11.838897129411173 ], [ 76.024422495035111, 11.838897129411174 ], [ 76.024422495035111, 11.837998814127054 ], [ 76.023524179750993, 11.837998814127051 ], [ 76.023524179750993, 11.838897129411173 ] ] ], [ [ [ 76.021727549182756, 11.843388705831771 ], [ 76.021727549182756, 11.844287021115891 ], [ 76.022625864466875, 11.844287021115889 ], [ 76.022625864466875, 11.843388705831774 ], [ 76.021727549182756, 11.843388705831771 ] ] ] ] } },
{ "type": "Feature", "properties": { "hotspot_id": 124, "area_km2": 0.17513846694624116, "mean_risk": 0.3855, "max_risk": 0.7009, "built_area_km2": 0.0213 }, "geometry": { "type": "MultiPolygon", "coordinates": [ [ [ [ 76.16006810293716, 11.650250919746073 ], [ 76.162763048789515, 11.650250919746073 ], [ 76.162763048789515, 11.647555973893718 ], [ 76.161864733505396, 11.647555973893716 ], [ 76.161864733505396, 11.643962712757236 ], [ 76.159169787653042, 11.64396271275724 ], [ 76.159169787653042, 11.644861028041358 ], [ 76.16006810293716, 11.644861028041355 ], [ 76.16006810293716, 11.646657658609595 ], [ 76.160966418221292, 11.646657658609596 ], [ 76.160966418221292, 11.647555973893715 ], [ 76.16006810293716, 11.647555973893715 ], [ 76.16006810293716, 11.650250919746073 ] ] ], [ [ [ 76.161864733505396, 11.643962712757236 ], [ 76.162763048789515, 11.64396271275724 ], [ 76.162763048789515, 11.643064397473118 ], [ 76.161864733505396, 11.643064397473117 ], [ 76.161864733505396, 11.643962712757236 ] ] ] ] } },
{ "type": "Feature", "properties": { "hotspot_id": 125, "area_km2": 0.17512811498738243, "mean_risk": 0.3108, "max_risk": 0.355, "built_area_km2": 0.0748 }, "geometry": { "type": "MultiPolygon", "coordinates": [ [ [ [ 76.254391207769714, 11.686183531110856 ], [ 76.255289523053818, 11.686183531110856 ], [ 76.255289523053818, 11.683488585258496 ], [ 76.254391207769714, 11.683488585258496 ], [ 76.254391207769714, 11.686183531110856 ] ] ], [ [ [ 76.254391207769714, 11.683488585258496 ], [ 76.254391207769714, 11.682590269974378 ], [ 76.253492892485582, 11.682590269974376 ], [ 76.253492892485582, 11.683488585258496 ], [ 76.254391207769714, 11.683488585258496 ] ] ], [ [ [ 76.254391207769714, 11.682590269974378 ], [ 76.255289523053818, 11.682590269974375 ], [ 76.255289523053818, 11.683488585258496 ], [ 76.256187838337951, 11.683488585258496 ], [ 76.256187838337951, 11.682590269974378 ], [ 76.257086153622069, 11.682590269974376 ], [ 76.257086153622069, 11.681691954690255 ], [ 76.257984468906201, 11.681691954690258 ], [ 76.257984468906201, 11.680793639406136 ], [ 76.255289523053818, 11.680793639406138 ], [ 76.255289523053818, 11.681691954690262 ], [ 76.254391207769714, 11.681691954690258 ], [ 76.254391207769714, 11.682590269974378 ] ] ], [ [ [ 76.257984468906201, 11.681691954690258 ], [ 76.257984468906201, 11.683488585258496 ], [ 76.257086153622069, 11.683488585258495 ], [ 76.257086153622069, 11.685285215826736 ], [ 76.258882784190305, 11.685285215826736 ], [ 76.258882784190305, 11.683488585258495 ], [ 76.259781099474438, 11.683488585258496 ], [ 76.259781099474438, 11.682590269974378 ], [ 76.258882784190305, 11.682590269974378 ], [ 76.258882784190305, 11.681691954690256 ], [ 76.257984468906201, 11.681691954690258 ] ] ] ] } },
{ "type": "Feature", "properties": { "hotspot_id": 126, "area_km2": 0.17503964643493919, "mean_risk": 0.3039, "max_risk": 0.315, "built_area_km2": 0.1027 }, "geometry": { "type": "MultiPolygon", "coordinates": [ [ [ [ 75.976811784976775, 11.776913374806929 ], [ 75.977710100260893, 11.776913374806925 ], [ 75.977710100260893, 11.776015059522807 ], [ 75.978608415545011, 11.776015059522805 ], [ 75.978608415545011, 11.775116744238687 ], [ 75.982201676681484, 11.775116744238685 ], [ 75.982201676681484, 11.774218428954571 ], [ 75.979506730829129, 11.774218428954571 ], [ 75.979506730829129, 11.773320113670447 ], [ 75.977710100260893, 11.773320113670447 ], [ 75.977710100260893, 11.775116744238689 ], [ 75.976811784976775, 11.775116744238689 ], [ 75.976811784976775, 11.774218428954567 ], [ 75.975913469692657, 11.774218428954573 ], [ 75.975913469692657, 11.776015059522805 ], [ 75.976811784976775, 11.776015059522807 ], [ 75.976811784976775, 11.776913374806929 ] ] ], [ [ [ 75.982201676681484, 11.774218428954571 ], [ 75.984896622533853, 11.774218428954571 ], [ 75.984896622533853, 11.775116744238687 ], [ 75.985794937817971, 11.775116744238687 ], [ 75.985794937817971, 11.774218428954567 ], [ 75.986693253102089, 11.774218428954571 ], [ 75.986693253102089, 11.773320113670446 ], [ 75.982201676681484, 11.773320113670447 ], [ 75.982201676681484, 11.774218428954571 ] ] ] ] } },
{ "type": "Feature", "properties": { "hotspot_id": 127, "area_km2": 0.16546594786957003, "mean_risk": 0.3129, "max_risk": 0.3289, "built_area_km2": 0.0052 }, "geometry": { "type": "Polygon", "coordinates": [ [ [ 76.055863529979291, 11.530774986958178 ], [ 76.056761845263424, 11.530774986958178 ], [ 76.056761845263424, 11.52987667167406 ], [ 76.05855847583166, 11.529876671674055 ], [ 76.05855847583166, 11.530774986958177 ], [ 76.059456791115764, 11.53077498695818 ], [ 76.059456791115764, 11.529876671674058 ], [ 76.060355106399882, 11.529876671674058 ], [ 76.060355106399882, 11.528978356389942 ], [ 76.057660160547528, 11.52897835638994 ], [ 76.057660160547528, 11.528080041105818 ], [ 76.05855847583166, 11.528080041105818 ], [ 76.05855847583166, 11.526283410537578 ], [ 76.057660160547528, 11.52628341053758 ], [ 76.057660160547528, 11.525385095253462 ], [ 76.055863529979291, 11.525385095253462 ], [ 76.055863529979291, 11.530774986958178 ] ] ] } },
{ "type": "Feature", "properties": { "hotspot_id": 128, "area_km2": 0.16544923920666327, "mean_risk": 0.3111, "max_risk": 0.3275, "built_area_km2": 0.0949 }, "geometry": { "type": "MultiPolygon", "coordinates": [ [ [ [ 76.310985070669233, 11.611623362528936 ], [ 76.311883385953351, 11.611623362528936 ], [ 76.311883385953351, 11.608928416676575 ], [ 76.312781701237469, 11.608928416676575 ], [ 76.312781701237469, 11.608030101392455 ], [ 76.311883385953351, 11.608030101392455 ], [ 76.311883385953351, 11.607131786108335 ], [ 76.309188440100996, 11.607131786108337 ], [ 76.309188440100996, 11.608030101392457 ], [ 76.310985070669233, 11.60803010139246 ], [ 76.310985070669233, 11.611623362528936 ] ] ], [ [ [ 76.312781701237469, 11.608030101392455 ], [ 76.31457833180572, 11.608030101392455 ], [ 76.31457833180572, 11.608928416676575 ], [ 76.315476647089838, 11.608928416676578 ], [ 76.315476647089838, 11.609826731960695 ], [ 76.316374962373956, 11.609826731960695 ], [ 76.316374962373956, 11.608030101392457 ], [ 76.317273277658074, 11.608030101392457 ], [ 76.317273277658074, 11.607131786108337 ], [ 76.31457833180572, 11.60713178610834 ], [ 76.31457833180572, 11.606233470824215 ], [ 76.313680016521587, 11.60623347082422 ], [ 76.313680016521587, 11.607131786108338 ], [ 76.312781701237469, 11.607131786108337 ], [ 76.312781701237469, 11.608030101392455 ] ] ] ] } },
{ "type": "Feature", "properties": { "hotspot_id": 129, "area_km2": 0.1653937721607299, "mean_risk": 0.4524, "max_risk": 0.6398, "built_area_km2": 0.0128 }, "geometry": { "type": "MultiPolygon", "coordinates": [ [ [ [ 76.108864131742337, 11.667318910144342 ], [ 76.109762447026469, 11.667318910144344 ], [ 76.109762447026469, 11.665522279576107 ], [ 76.108864131742337, 11.665522279576106 ], [ 76.108864131742337, 11.667318910144342 ] ] ], [ [ [ 76.108864131742337, 11.665522279576106 ], [ 76.108864131742337, 11.664623964291986 ], [ 76.109762447026469, 11.664623964291984 ], [ 76.109762447026469, 11.659234072587271 ], [ 76.108864131742337, 11.659234072587271 ], [ 76.108864131742337, 11.658335757303149 ], [ 76.107965816458218, 11.658335757303151 ], [ 76.107965816458218, 11.664623964291991 ], [ 76.1070675011741, 11.664623964291987 ], [ 76.1070675011741, 11.665522279576106 ], [ 76.108864131742337, 11.665522279576106 ] ] ] ] } },
{ "type": "Feature", "properties": { "hotspot_id": 130, "area_km2": 0.16539164018860997, "mean_risk": 0.6315, "max_risk": 1.0, "built_area_km2": 0.0161 }, "geometry": { "type": "Polygon", "coordinates": [ [ [ 76.017235972762151, 11.651149235030191 ], [ 76.018134288046269, 11.651149235030193 ], [ 76.018134288046269, 11.650250919746073 ], [ 76.019032603330388, 11.650250919746075 ], [ 76.019032603330388, 11.651149235030195 ], [ 76.022625864466875, 11.651149235030191 ], [ 76.022625864466875, 11.648454289177836 ], [ 76.017235972762151, 11.648454289177836 ], [ 76.017235972762151, 11.651149235030191 ] ] ] } },
{ "type": "Feature", "properties": { "hotspot_id": 131, "area_km2": 0.16538943092484201, "mean_risk": 0.3009, "max_risk": 0.3135, "built_area_km2": 0.0803 }, "geometry": { "type": "Polygon", "coordinates": [ [ [ 76.265170991179147, 11.703251521509126 ], [ 76.266967621747384, 11.703251521509124 ], [ 76.266967621747384, 11.699658260372647 ], [ 76.26876425231562, 11.699658260372646 ], [ 76.26876425231562, 11.698759945088527 ], [ 76.264272675895015, 11.698759945088527 ], [ 76.264272675895015, 11.700556575656767 ], [ 76.263374360610896, 11.700556575656767 ], [ 76.263374360610896, 11.701454890940884 ], [ 76.264272675895015, 11.701454890940887 ], [ 76.264272675895015, 11.702353206225007 ], [ 76.265170991179147, 11.702353206225006 ], [ 76.265170991179147, 11.703251521509126 ] ] ] } },
{ "type": "Feature", "properties": { "hotspot_id": 132, "area_km2": 0.16536278230481738, "mean_risk": 0.3068, "max_risk": 0.3171, "built_area_km2": 0.0978 }, "geometry": { "type": "Polygon", "coordinates": [ [ [ 76.079219727366393, 11.714929620202682 ], [ 76.080118042650525, 11.714929620202678 ], [ 76.080118042650525, 11.713132989634444 ], [ 76.079219727366393, 11.713132989634444 ], [ 76.079219727366393, 11.712234674350324 ], [ 76.080118042650525, 11.712234674350324 ], [ 76.080118042650525, 11.710438043782084 ], [ 76.079219727366393, 11.710438043782085 ], [ 76.079219727366393, 11.707743097929722 ], [ 76.080118042650525, 11.707743097929722 ], [ 76.080118042650525, 11.705946467361484 ], [ 76.078321412082275, 11.705946467361482 ], [ 76.078321412082275, 11.710438043782084 ], [ 76.076524781514038, 11.710438043782084 ], [ 76.076524781514038, 11.711336359066198 ], [ 76.078321412082275, 11.7113363590662 ], [ 76.078321412082275, 11.714031304918562 ], [ 76.079219727366393, 11.714031304918564 ], [ 76.079219727366393, 11.714929620202682 ] ] ] } },
{ "type": "Feature", "properties": { "hotspot_id": 133, "area_km2": 0.16535827488889068, "mean_risk": 0.3032, "max_risk": 0.3313, "built_area_km2": 0.0062 }, "geometry": { "type": "MultiPolygon", "coordinates": [ [ [ [ 76.252594577201478, 11.75445549270394 ], [ 76.257086153622069, 11.75445549270394 ], [ 76.257086153622069, 11.75355717741982 ], [ 76.256187838337951, 11.753557177419818 ], [ 76.256187838337951, 11.752658862135698 ], [ 76.258882784190305, 11.752658862135696 ], [ 76.258882784190305, 11.751760546851578 ], [ 76.257984468906201, 11.75176054685158 ], [ 76.257984468906201, 11.750862231567462 ], [ 76.254391207769714, 11.750862231567462 ], [ 76.254391207769714, 11.751760546851578 ], [ 76.253492892485582, 11.751760546851582 ], [ 76.253492892485582, 11.752658862135698 ], [ 76.255289523053818, 11.7526588621357 ], [ 76.255289523053818, 11.75355717741982 ], [ 76.252594577201478, 11.753557177419816 ], [ 76.252594577201478, 11.75445549270394 ] ] ], [ [ [ 76.252594577201478, 11.753557177419816 ], [ 76.252594577201478, 11.752658862135696 ], [ 76.251696261917346, 11.752658862135698 ], [ 76.251696261917346, 11.753557177419818 ], [ 76.252594577201478, 11.753557177419816 ] ] ] ] } },
{ "type": "Feature", "properties": { "hotspot_id": 134, "area_km2": 0.16535322516494369, "mean_risk": 0.3069, "max_risk": 0.3378, "built_area_km2": 0.0742 }, "geometry": { "type": "Polygon", "coordinates": [ [ [ 76.197797344870182, 11.751760546851578 ], [ 76.199593975438418, 11.751760546851576 ], [ 76.199593975438418, 11.750862231567464 ], [ 76.200492290722536, 11.750862231567462 ], [ 76.200492290722536, 11.749963916283338 ], [ 76.1986956601543, 11.74996391628334 ], [ 76.1986956601543, 11.749065600999222 ], [ 76.196899029586064, 11.74906560099922 ], [ 76.196899029586064, 11.745472339862744 ], [ 76.196000714301931, 11.745472339862745 ], [ 76.196000714301931, 11.746370655146864 ], [ 76.195102399017813, 11.746370655146862 ], [ 76.195102399017813, 11.749963916283344 ], [ 76.196899029586064, 11.749963916283342 ], [ 76.196899029586064, 11.75086223156746 ], [ 76.197797344870182, 11.750862231567462 ], [ 76.197797344870182, 11.751760546851578 ] ] ] } },
{ "type": "Feature", "properties": { "hotspot_id": 135, "area_km2": 0.16531672811515341, "mean_risk": 0.5077, "max_risk": 0.9168, "built_area_km2": 0.015 }, "geometry": { "type": "Polygon", "coordinates": [ [ [ 76.01274439634156, 11.780506635943404 ], [ 76.015439342193915, 11.780506635943404 ], [ 76.015439342193915, 11.779608320659284 ], [ 76.016337657478033, 11.779608320659282 ], [ 76.016337657478033, 11.778710005375165 ], [ 76.015439342193915, 11.778710005375164 ], [ 76.015439342193915, 11.777811690091049 ], [ 76.016337657478033, 11.777811690091044 ], [ 76.016337657478033, 11.776015059522807 ], [ 76.015439342193915, 11.776015059522807 ], [ 76.015439342193915, 11.775116744238689 ], [ 76.013642711625678, 11.775116744238689 ], [ 76.013642711625678, 11.778710005375164 ], [ 76.01274439634156, 11.778710005375165 ], [ 76.01274439634156, 11.780506635943404 ] ] ] } },
{ "type": "Feature", "properties": { "hotspot_id": 136, "area_km2": 0.16530400778286811, "mean_risk": 0.4839, "max_risk": 0.9802, "built_area_km2": 0.0136 }, "geometry": { "type": "MultiPolygon", "coordinates": [ [ [ [ 76.069338259241079, 11.812845986171707 ], [ 76.070236574525211, 11.812845986171711 ], [ 76.070236574525211, 11.810151040319345 ], [ 76.06843994395696, 11.810151040319347 ], [ 76.06843994395696, 11.811947670887587 ], [ 76.069338259241079, 11.811947670887587 ], [ 76.069338259241079, 11.812845986171707 ] ] ], [ [ [ 76.070236574525211, 11.810151040319345 ], [ 76.072033205093447, 11.810151040319347 ], [ 76.072033205093447, 11.809252725035233 ], [ 76.072931520377566, 11.809252725035233 ], [ 76.072931520377566, 11.806557779182869 ], [ 76.070236574525211, 11.806557779182871 ], [ 76.070236574525211, 11.807456094466991 ], [ 76.069338259241079, 11.807456094466991 ], [ 76.069338259241079, 11.808354409751111 ], [ 76.070236574525211, 11.808354409751111 ], [ 76.070236574525211, 11.810151040319345 ] ] ] ] } },
{ "type": "Feature", "properties": { "hotspot_id": 137, "area_km2": 0.15569819888155298, "mean_risk": 0.3109, "max_risk": 0.339, "built_area_km2": 0.005 }, "geometry": { "type": "MultiPolygon", "coordinates": [ [ [ [ 75.957048848726146, 11.576589066448273 ], [ 75.960642109862619, 11.576589066448273 ], [ 75.960642109862619, 11.575690751164151 ], [ 75.961540425146737, 11.575690751164153 ], [ 75.961540425146737, 11.573894120595915 ], [ 75.960642109862619, 11.573894120595915 ], [ 75.960642109862619, 11.572097490027675 ], [ 75.959743794578515, 11.572097490027677 ], [ 75.959743794578515, 11.572995805311795 ], [ 75.958845479294382, 11.572995805311795 ], [ 75.958845479294382, 11.573894120595915 ], [ 75.957947164010264, 11.573894120595915 ], [ 75.957947164010264, 11.575690751164153 ], [ 75.957048848726146, 11.575690751164153 ], [ 75.957048848726146, 11.576589066448273 ] ], [ [ 75.960642109862619, 11.573894120595915 ], [ 75.960642109862619, 11.574792435880035 ], [ 75.959743794578515, 11.574792435880036 ], [ 75.959743794578515, 11.573894120595915 ], [ 75.960642109862619, 11.573894120595915 ] ], [ [ 75.959743794578515, 11.574792435880036 ], [ 75.959743794578515, 11.575690751164151 ], [ 75.958845479294382, 11.575690751164155 ], [ 75.958845479294382, 11.574792435880035 ], [ 75.959743794578515, 11.574792435880036 ] ] ], [ [ [ 75.955252218157909, 11.578385697016515 ], [ 75.957048848726146, 11.578385697016513 ], [ 75.957048848726146, 11.576589066448273 ], [ 75.956150533442027, 11.576589066448271 ], [ 75.956150533442027, 11.577487381732393 ], [ 75.955252218157909, 11.577487381732391 ], [ 75.955252218157909, 11.578385697016515 ] ] ] ] } },
{ "type": "Feature", "properties": { "hotspot_id": 138, "area_km2": 0.15566858386137955, "mean_risk": 0.4469, "max_risk": 0.8855, "built_area_km2": 0.0062 }, "geometry": { "type": "MultiPolygon", "coordinates": [ [ [ [ 75.93369265133903, 11.629589668211322 ], [ 75.934590966623162, 11.629589668211324 ], [ 75.934590966623162, 11.627793037643086 ], [ 75.93369265133903, 11.627793037643087 ], [ 75.93369265133903, 11.629589668211322 ] ] ], [ [ [ 75.93369265133903, 11.627793037643087 ], [ 75.93369265133903, 11.626894722358962 ], [ 75.934590966623162, 11.626894722358962 ], [ 75.934590966623162, 11.625098091790731 ], [ 75.93548928190728, 11.625098091790731 ], [ 75.93548928190728, 11.622403145938369 ], [ 75.93369265133903, 11.622403145938369 ], [ 75.93369265133903, 11.624199776506611 ], [ 75.932794336054911, 11.624199776506611 ], [ 75.932794336054911, 11.625098091790729 ], [ 75.931896020770793, 11.625098091790731 ], [ 75.931896020770793, 11.626894722358967 ], [ 75.932794336054911, 11.626894722358964 ], [ 75.932794336054911, 11.627793037643087 ], [ 75.93369265133903, 11.627793037643087 ] ] ] ] } },
{ "type": "Feature", "properties": { "hotspot_id": 139, "area_km2": 0.15561072723623523, "mean_risk": 0.608, "max_risk": 1.0, "built_area_km2": 0.0197 }, "geometry": { "type": "Polygon", "coordinates": [ [ [ 76.101677609469391, 11.762540330261015 ], [ 76.103474240037627, 11.762540330261016 ], [ 76.103474240037627, 11.761642014976893 ], [ 76.104372555321746, 11.761642014976895 ], [ 76.104372555321746, 11.760743699692778 ], [ 76.105270870605864, 11.760743699692775 ], [ 76.105270870605864, 11.758947069124538 ], [ 76.106169185889996, 11.758947069124536 ], [ 76.106169185889996, 11.758048753840416 ], [ 76.105270870605864, 11.758048753840416 ], [ 76.105270870605864, 11.757150438556298 ], [ 76.104372555321746, 11.757150438556298 ], [ 76.104372555321746, 11.758048753840415 ], [ 76.103474240037627, 11.758048753840416 ], [ 76.103474240037627, 11.758947069124538 ], [ 76.102575924753509, 11.758947069124538 ], [ 76.102575924753509, 11.759845384408656 ], [ 76.101677609469391, 11.759845384408655 ], [ 76.101677609469391, 11.762540330261015 ] ] ] } },
{ "type": "Feature", "properties": { "hotspot_id": 140, "area_km2": 0.15559786939970688, "mean_risk": 0.547, "max_risk": 0.9765, "built_area_km2": 0.0159 }, "geometry": { "type": "Polygon", "coordinates": [ [ [ 76.053168584126936, 11.776913374806927 ], [ 76.054066899411055, 11.776913374806927 ], [ 76.054066899411055, 11.776015059522805 ], [ 76.056761845263424, 11.776015059522807 ], [ 76.056761845263424, 11.775116744238685 ], [ 76.057660160547528, 11.775116744238685 ], [ 76.057660160547528, 11.774218428954571 ], [ 76.056761845263424, 11.774218428954569 ], [ 76.056761845263424, 11.772421798386327 ], [ 76.054965214695173, 11.772421798386327 ], [ 76.054965214695173, 11.773320113670447 ], [ 76.054066899411055, 11.773320113670447 ], [ 76.054066899411055, 11.774218428954565 ], [ 76.053168584126936, 11.774218428954567 ], [ 76.053168584126936, 11.775116744238689 ], [ 76.052270268842818, 11.775116744238687 ], [ 76.052270268842818, 11.776015059522807 ], [ 76.053168584126936, 11.776015059522807 ], [ 76.053168584126936, 11.776913374806927 ] ] ] } },
{ "type": "Feature", "properties": { "hotspot_id": 141, "area_km2": 0.15558501219091173, "mean_risk": 0.4079, "max_risk": 0.586, "built_area_km2": 0.0183 }, "geometry": { "type": "Polygon", "coordinates": [ [ [ 76.025320810319229, 11.793981365205196 ], [ 76.027117440887466, 11.793981365205198 ], [ 76.027117440887466, 11.791286419352842 ], [ 76.028015756171584, 11.79128641935284 ], [ 76.028015756171584, 11.790388104068716 ], [ 76.022625864466875, 11.790388104068716 ], [ 76.022625864466875, 11.79218473463696 ], [ 76.023524179750993, 11.79218473463696 ], [ 76.023524179750993, 11.793083049921078 ], [ 76.024422495035111, 11.793083049921076 ], [ 76.024422495035111, 11.79218473463696 ], [ 76.025320810319229, 11.792184734636956 ], [ 76.025320810319229, 11.793981365205196 ] ] ] } },
{ "type": "Feature", "properties": { "hotspot_id": 142, "area_km2": 0.15557121490735931, "mean_risk": 0.3377, "max_risk": 0.4761, "built_area_km2": 0.0141 }, "geometry": { "type": "MultiPolygon", "coordinates": [ [ [ [ 76.100779294185273, 11.834405552990576 ], [ 76.101677609469391, 11.834405552990576 ], [ 76.101677609469391, 11.833507237706456 ], [ 76.102575924753509, 11.833507237706458 ], [ 76.102575924753509, 11.8308122918541 ], [ 76.101677609469391, 11.830812291854098 ], [ 76.101677609469391, 11.82991397656998 ], [ 76.100779294185273, 11.829913976569978 ], [ 76.100779294185273, 11.830812291854098 ], [ 76.099880978901155, 11.8308122918541 ], [ 76.099880978901155, 11.833507237706458 ], [ 76.100779294185273, 11.833507237706458 ], [ 76.100779294185273, 11.834405552990576 ] ] ], [ [ [ 76.101677609469391, 11.82991397656998 ], [ 76.103474240037627, 11.829913976569978 ], [ 76.103474240037627, 11.829015661285858 ], [ 76.102575924753509, 11.829015661285862 ], [ 76.102575924753509, 11.82721903071762 ], [ 76.100779294185273, 11.82721903071762 ], [ 76.100779294185273, 11.82811734600174 ], [ 76.101677609469391, 11.828117346001742 ], [ 76.101677609469391, 11.82991397656998 ] ] ] ] } },
{ "type": "Feature", "properties": { "hotspot_id": 143, "area_km2": 0.15556069179641877, "mean_risk": 0.3614, "max_risk": 0.6353, "built_area_km2": 0.0174 }, "geometry": { "type": "Polygon", "coordinates": [ [ [ 76.042388800717504, 11.843388705831771 ], [ 76.04418543128574, 11.843388705831773 ], [ 76.04418543128574, 11.839795444695294 ], [ 76.046880377138095, 11.839795444695296 ], [ 76.046880377138095, 11.838897129411174 ], [ 76.045982061853977, 11.838897129411178 ], [ 76.045982061853977, 11.837998814127056 ], [ 76.045083746569858, 11.837998814127053 ], [ 76.045083746569858, 11.837100498842934 ], [ 76.043287116001622, 11.837100498842934 ], [ 76.043287116001622, 11.839795444695296 ], [ 76.042388800717504, 11.839795444695294 ], [ 76.042388800717504, 11.840693759979411 ], [ 76.043287116001622, 11.840693759979413 ], [ 76.043287116001622, 11.841592075263533 ], [ 76.042388800717504, 11.841592075263529 ], [ 76.042388800717504, 11.843388705831771 ] ] ] } },
{ "type": "Feature", "properties": { "hotspot_id": 144, "area_km2": 0.1555519713800583, "mean_risk": 0.3099, "max_risk": 0.3307, "built_area_km2": 0.0769 }, "geometry": { "type": "Polygon", "coordinates": [ [ [ 76.042388800717504, 11.857761750377685 ], [ 76.04418543128574, 11.857761750377684 ], [ 76.04418543128574, 11.856863435093565 ], [ 76.047778692422213, 11.856863435093565 ], [ 76.047778692422213, 11.855965119809445 ], [ 76.045982061853977, 11.855965119809444 ], [ 76.045982061853977, 11.853270173957087 ], [ 76.045083746569858, 11.853270173957085 ], [ 76.045083746569858, 11.855066804525325 ], [ 76.043287116001622, 11.855066804525327 ], [ 76.043287116001622, 11.854168489241204 ], [ 76.042388800717504, 11.854168489241205 ], [ 76.042388800717504, 11.855066804525325 ], [ 76.041490485433386, 11.855066804525324 ], [ 76.041490485433386, 11.855965119809444 ], [ 76.042388800717504, 11.855965119809445 ], [ 76.042388800717504, 11.857761750377685 ] ] ] } },
{ "type": "Feature", "properties": { "hotspot_id": 145, "area_km2": 0.1459689176442493, "mean_risk": 0.3105, "max_risk": 0.3315, "built_area_km2": 0.0559 }, "geometry": { "type": "Polygon", "coordinates": [ [ [ 76.017235972762151, 11.584673904005347 ], [ 76.018134288046269, 11.584673904005347 ], [ 76.018134288046269, 11.583775588721229 ], [ 76.019032603330388, 11.583775588721231 ], [ 76.019032603330388, 11.582877273437109 ], [ 76.019930918614506, 11.582877273437109 ], [ 76.019930918614506, 11.581978958152991 ], [ 76.022625864466875, 11.581978958152991 ], [ 76.022625864466875, 11.581080642868868 ], [ 76.021727549182756, 11.581080642868869 ], [ 76.021727549182756, 11.580182327584753 ], [ 76.020829233898624, 11.580182327584755 ], [ 76.020829233898624, 11.579284012300633 ], [ 76.019032603330388, 11.579284012300631 ], [ 76.019032603330388, 11.581080642868871 ], [ 76.018134288046269, 11.581080642868869 ], [ 76.018134288046269, 11.582877273437111 ], [ 76.017235972762151, 11.582877273437111 ], [ 76.017235972762151, 11.584673904005347 ] ] ] } },
{ "type": "Feature", "properties": { "hotspot_id": 146, "area_km2": 0.14596604815640793, "mean_risk": 0.4034, "max_risk": 0.684, "built_area_km2": 0.0422 }, "geometry": { "type": "Polygon", "coordinates": [ [ [ 76.027117440887466, 11.590962110994187 ], [ 76.030710702023939, 11.590962110994189 ], [ 76.030710702023939, 11.590063795710067 ], [ 76.02981238673982, 11.590063795710066 ], [ 76.02981238673982, 11.589165480425946 ], [ 76.028914071455702, 11.589165480425947 ], [ 76.028914071455702, 11.588267165141824 ], [ 76.027117440887466, 11.588267165141824 ], [ 76.027117440887466, 11.585572219289469 ], [ 76.026219125603347, 11.585572219289469 ], [ 76.026219125603347, 11.586470534573589 ], [ 76.025320810319229, 11.586470534573589 ], [ 76.025320810319229, 11.588267165141829 ], [ 76.026219125603347, 11.588267165141827 ], [ 76.026219125603347, 11.589165480425946 ], [ 76.027117440887466, 11.589165480425946 ], [ 76.027117440887466, 11.590962110994187 ] ] ] } },
{ "type": "Feature", "properties": { "hotspot_id": 147, "area_km2": 0.14592395786066659, "mean_risk": 0.3029, "max_risk": 0.3171, "built_area_km2": 0.0914 }, "geometry": { "type": "Polygon", "coordinates": [ [ [ 76.078321412082275, 11.682590269974376 ], [ 76.079219727366393, 11.682590269974376 ], [ 76.079219727366393, 11.68169195469026 ], [ 76.08281298850288, 11.681691954690255 ], [ 76.08281298850288, 11.680793639406136 ], [ 76.081016357934644, 11.680793639406136 ], [ 76.081016357934644, 11.679895324122015 ], [ 76.080118042650525, 11.679895324122016 ], [ 76.080118042650525, 11.67809869355378 ], [ 76.077423096798157, 11.678098693553778 ], [ 76.077423096798157, 11.679895324122015 ], [ 76.078321412082275, 11.679895324122016 ], [ 76.078321412082275, 11.682590269974376 ] ] ] } },
{ "type": "Feature", "properties": { "hotspot_id": 148, "area_km2": 0.14588096188156241, "mean_risk": 0.308, "max_risk": 0.3294, "built_area_km2": 0.005 }, "geometry": { "type": "Polygon", "coordinates": [ [ [ 75.872607212018906, 11.732895925885069 ], [ 75.874403842587142, 11.732895925885071 ], [ 75.874403842587142, 11.731997610600951 ], [ 75.876200473155393, 11.731997610600949 ], [ 75.876200473155393, 11.731099295316829 ], [ 75.877098788439511, 11.731099295316831 ], [ 75.877098788439511, 11.729302664748593 ], [ 75.877997103723629, 11.729302664748587 ], [ 75.877997103723629, 11.727506034180349 ], [ 75.877098788439511, 11.727506034180353 ], [ 75.877098788439511, 11.728404349464473 ], [ 75.875302157871275, 11.728404349464473 ], [ 75.875302157871275, 11.729302664748591 ], [ 75.874403842587142, 11.729302664748591 ], [ 75.874403842587142, 11.730200980032713 ], [ 75.873505527303024, 11.730200980032711 ], [ 75.873505527303024, 11.731997610600949 ], [ 75.872607212018906, 11.731997610600951 ], [ 75.872607212018906, 11.732895925885069 ] ], [ [ 75.875302157871275, 11.729302664748591 ], [ 75.876200473155393, 11.729302664748593 ], [ 75.876200473155393, 11.730200980032711 ], [ 75.875302157871275, 11.730200980032709 ], [ 75.875302157871275, 11.729302664748591 ] ] ] } },
{ "type": "Feature", "properties": { "hotspot_id": 149, "area_km2": 0.14586510600531213, "mean_risk": 0.5234, "max_risk": 0.8892, "built_area_km2": 0.0219 }, "geometry": { "type": "Polygon", "coordinates": [ [ [ 76.007354504636837, 11.784099897079885 ], [ 76.010049450489191, 11.784099897079884 ], [ 76.010049450489191, 11.781404951227525 ], [ 76.010947765773309, 11.781404951227524 ], [ 76.010947765773309, 11.779608320659285 ], [ 76.009151135205087, 11.779608320659285 ], [ 76.009151135205087, 11.780506635943404 ], [ 76.008252819920955, 11.780506635943405 ], [ 76.008252819920955, 11.781404951227524 ], [ 76.007354504636837, 11.781404951227524 ], [ 76.007354504636837, 11.782303266511644 ], [ 76.006456189352718, 11.782303266511645 ], [ 76.006456189352718, 11.783201581795764 ], [ 76.007354504636837, 11.783201581795764 ], [ 76.007354504636837, 11.784099897079885 ] ] ] } },
{ "type": "Feature", "properties": { "hotspot_id": 150, "area_km2": 0.14586197913936194, "mean_risk": 0.3107, "max_risk": 0.3301, "built_area_km2": 0.0532 }, "geometry": { "type": "MultiPolygon", "coordinates": [ [ [ [ 75.842064492358844, 11.765235276113374 ], [ 75.84386112292708, 11.765235276113376 ], [ 75.84386112292708, 11.764336960829253 ], [ 75.845657753495317, 11.764336960829253 ], [ 75.845657753495317, 11.763438645545133 ], [ 75.846556068779449, 11.763438645545135 ], [ 75.846556068779449, 11.760743699692775 ], [ 75.844759438211199, 11.760743699692776 ], [ 75.844759438211199, 11.761642014976896 ], [ 75.84386112292708, 11.761642014976895 ], [ 75.84386112292708, 11.762540330261013 ], [ 75.842962807642962, 11.762540330261013 ], [ 75.842962807642962, 11.764336960829253 ], [ 75.842064492358844, 11.764336960829255 ], [ 75.842064492358844, 11.765235276113374 ] ] ], [ [ [ 75.846556068779449, 11.760743699692775 ], [ 75.847454384063568, 11.760743699692776 ], [ 75.847454384063568, 11.759845384408658 ], [ 75.846556068779449, 11.759845384408658 ], [ 75.846556068779449, 11.760743699692775 ] ] ] ] } },
{ "type": "Feature", "properties": { "hotspot_id": 151, "area_km2": 0.14584381287605269, "mean_risk": 0.3051, "max_risk": 0.3278, "built_area_km2": 0.0742 }, "geometry": { "type": "Polygon", "coordinates": [ [ [ 76.1528815806642, 11.853270173957085 ], [ 76.153779895948318, 11.853270173957085 ], [ 76.153779895948318, 11.849676912820609 ], [ 76.157373157084791, 11.849676912820607 ], [ 76.157373157084791, 11.848778597536487 ], [ 76.156474841800673, 11.848778597536489 ], [ 76.156474841800673, 11.847880282252365 ], [ 76.154678211232437, 11.847880282252367 ], [ 76.154678211232437, 11.846083651684133 ], [ 76.153779895948318, 11.846083651684133 ], [ 76.153779895948318, 11.846981966968251 ], [ 76.1528815806642, 11.846981966968249 ], [ 76.1528815806642, 11.847880282252367 ], [ 76.153779895948318, 11.847880282252369 ], [ 76.153779895948318, 11.848778597536489 ], [ 76.1528815806642, 11.848778597536491 ], [ 76.1528815806642, 11.853270173957085 ] ] ] } },
{ "type": "Feature", "properties": { "hotspot_id": 152, "area_km2": 0.13623856119847783, "mean_risk": 0.3147, "max_risk": 0.3486, "built_area_km2": 0.0676 }, "geometry": { "type": "Polygon", "coordinates": [ [ [ 76.093592771912313, 11.595453687414784 ], [ 76.095389402480549, 11.59545368741478 ], [ 76.095389402480549, 11.593657056846542 ], [ 76.097186033048786, 11.593657056846542 ], [ 76.097186033048786, 11.592758741562427 ], [ 76.096287717764667, 11.592758741562424 ], [ 76.096287717764667, 11.590962110994187 ], [ 76.095389402480549, 11.590962110994184 ], [ 76.095389402480549, 11.591860426278307 ], [ 76.093592771912313, 11.591860426278306 ], [ 76.093592771912313, 11.590962110994186 ], [ 76.092694456628195, 11.590962110994186 ], [ 76.092694456628195, 11.592758741562427 ], [ 76.093592771912313, 11.592758741562426 ], [ 76.093592771912313, 11.595453687414784 ] ] ] } },
{ "type": "Feature", "properties": { "hotspot_id": 153, "area_km2": 0.13622968414239015, "mean_risk": 0.4281, "max_risk": 0.5824, "built_area_km2": 0.0228 }, "geometry": { "type": "Polygon", "coordinates": [ [ [ 76.208577128279614, 11.635877875200162 ], [ 76.210373758847865, 11.635877875200164 ], [ 76.210373758847865, 11.634081244631922 ], [ 76.208577128279614, 11.634081244631922 ], [ 76.208577128279614, 11.633182929347804 ], [ 76.206780497711378, 11.633182929347804 ], [ 76.206780497711378, 11.634081244631922 ], [ 76.204983867143142, 11.634081244631922 ], [ 76.204983867143142, 11.633182929347802 ], [ 76.203187236574891, 11.633182929347804 ], [ 76.203187236574891, 11.634979559916044 ], [ 76.208577128279614, 11.634979559916042 ], [ 76.208577128279614, 11.635877875200162 ] ] ] } },
{ "type": "Feature", "properties": { "hotspot_id": 154, "area_km2": 0.13621459337094385, "mean_risk": 0.3223, "max_risk": 0.3895, "built_area_km2": 0.0382 }, "geometry": { "type": "Polygon", "coordinates": [ [ [ 76.258882784190305, 11.678997008837898 ], [ 76.260679414758542, 11.6789970088379 ], [ 76.260679414758542, 11.678098693553778 ], [ 76.259781099474438, 11.67809869355378 ], [ 76.259781099474438, 11.677200378269662 ], [ 76.260679414758542, 11.67720037826966 ], [ 76.260679414758542, 11.676302062985538 ], [ 76.26157773004266, 11.676302062985538 ], [ 76.26157773004266, 11.675403747701418 ], [ 76.263374360610896, 11.675403747701422 ], [ 76.263374360610896, 11.6745054324173 ], [ 76.264272675895015, 11.674505432417304 ], [ 76.264272675895015, 11.67360711713318 ], [ 76.26157773004266, 11.67360711713318 ], [ 76.26157773004266, 11.6745054324173 ], [ 76.260679414758542, 11.674505432417302 ], [ 76.260679414758542, 11.67540374770142 ], [ 76.259781099474438, 11.675403747701424 ], [ 76.259781099474438, 11.676302062985542 ], [ 76.258882784190305, 11.67630206298554 ], [ 76.258882784190305, 11.677200378269657 ], [ 76.257984468906201, 11.677200378269662 ], [ 76.257984468906201, 11.678098693553776 ], [ 76.258882784190305, 11.678098693553776 ], [ 76.258882784190305, 11.678997008837898 ] ] ] } },
{ "type": "Feature", "properties": { "hotspot_id": 155, "area_km2": 0.13618111023618257, "mean_risk": 0.3084, "max_risk": 0.3283, "built_area_km2": 0.0826 }, "geometry": { "type": "MultiPolygon", "coordinates": [ [ [ [ 76.146593373675358, 11.725709403612115 ], [ 76.149288319527727, 11.725709403612115 ], [ 76.149288319527727, 11.723912773043875 ], [ 76.146593373675358, 11.723912773043875 ], [ 76.146593373675358, 11.725709403612115 ] ] ], [ [ [ 76.149288319527727, 11.723912773043875 ], [ 76.151983265380082, 11.723912773043875 ], [ 76.151983265380082, 11.723014457759756 ], [ 76.149288319527727, 11.723014457759756 ], [ 76.149288319527727, 11.723912773043875 ] ] ], [ [ [ 76.151983265380082, 11.723014457759756 ], [ 76.1528815806642, 11.723014457759758 ], [ 76.1528815806642, 11.723912773043875 ], [ 76.153779895948318, 11.723912773043875 ], [ 76.153779895948318, 11.7203195119074 ], [ 76.1528815806642, 11.720319511907398 ], [ 76.1528815806642, 11.722116142475638 ], [ 76.151983265380082, 11.722116142475638 ], [ 76.151983265380082, 11.723014457759756 ] ] ] ] } },
{ "type": "Feature", "properties": { "hotspot_id": 156, "area_km2": 0.13617848850642209, "mean_risk": 0.635, "max_risk": 1.0, "built_area_km2": 0.0081 }, "geometry": { "type": "Polygon", "coordinates": [ [ [ 76.020829233898624, 11.707743097929722 ], [ 76.024422495035111, 11.707743097929722 ], [ 76.024422495035111, 11.706844782645602 ], [ 76.025320810319229, 11.706844782645602 ], [ 76.025320810319229, 11.705946467361484 ], [ 76.024422495035111, 11.705946467361484 ], [ 76.024422495035111, 11.705048152077367 ], [ 76.022625864466875, 11.705048152077364 ], [ 76.022625864466875, 11.704149836793245 ], [ 76.021727549182756, 11.704149836793244 ], [ 76.021727549182756, 11.705048152077364 ], [ 76.020829233898624, 11.705048152077365 ], [ 76.020829233898624, 11.707743097929722 ] ] ] } },
{ "type": "Feature", "properties": { "hotspot_id": 157, "area_km2": 0.13617614560038069, "mean_risk": 0.6589, "max_risk": 1.0, "built_area_km2": 0.0096 }, "geometry": { "type": "Polygon", "coordinates": [ [ [ 76.011846081057442, 11.711336359066202 ], [ 76.013642711625678, 11.711336359066198 ], [ 76.013642711625678, 11.706844782645604 ], [ 76.010947765773309, 11.706844782645605 ], [ 76.010947765773309, 11.710438043782084 ], [ 76.011846081057442, 11.710438043782085 ], [ 76.011846081057442, 11.711336359066202 ] ] ] } },
{ "type": "Feature", "properties": { "hotspot_id": 158, "area_km2": 0.13615505044904477, "mean_risk": 0.3077, "max_risk": 0.3204, "built_area_km2": 0.0812 }, "geometry": { "type": "MultiPolygon", "coordinates": [ [ [ [ 76.046880377138095, 11.761642014976895 ], [ 76.047778692422213, 11.761642014976891 ], [ 76.047778692422213, 11.759845384408658 ], [ 76.048677007706331, 11.759845384408656 ], [ 76.048677007706331, 11.758947069124538 ], [ 76.050473638274568, 11.758947069124536 ], [ 76.050473638274568, 11.759845384408658 ], [ 76.0513719535587, 11.759845384408655 ], [ 76.0513719535587, 11.758947069124536 ], [ 76.052270268842818, 11.758947069124538 ], [ 76.052270268842818, 11.758048753840416 ], [ 76.048677007706331, 11.758048753840418 ], [ 76.048677007706331, 11.757150438556296 ], [ 76.046880377138095, 11.7571504385563 ], [ 76.046880377138095, 11.761642014976895 ] ] ], [ [ [ 76.052270268842818, 11.758947069124538 ], [ 76.052270268842818, 11.759845384408656 ], [ 76.053168584126936, 11.759845384408656 ], [ 76.053168584126936, 11.758947069124538 ], [ 76.052270268842818, 11.758947069124538 ] ] ] ] } },
{ "type": "Feature", "properties": { "hotspot_id": 159, "area_km2": 0.13614492065899167, "mean_risk": 0.3164, "max_risk": 0.3456, "built_area_km2": 0.0052 }, "geometry": { "type": "MultiPolygon", "coordinates": [ [ [ [ 75.846556068779449, 11.750862231567462 ], [ 75.850149329915922, 11.750862231567462 ], [ 75.850149329915922, 11.749963916283342 ], [ 75.85104764520004, 11.749963916283342 ], [ 75.85104764520004, 11.749065600999222 ], [ 75.853742591052395, 11.74906560099922 ], [ 75.853742591052395, 11.748167285715105 ], [ 75.850149329915922, 11.748167285715105 ], [ 75.850149329915922, 11.749065600999222 ], [ 75.848352699347686, 11.749065600999224 ], [ 75.848352699347686, 11.74996391628334 ], [ 75.846556068779449, 11.749963916283342 ], [ 75.846556068779449, 11.750862231567462 ] ] ], [ [ [ 75.853742591052395, 11.748167285715105 ], [ 75.855539221620646, 11.748167285715105 ], [ 75.855539221620646, 11.747268970430985 ], [ 75.853742591052395, 11.747268970430984 ], [ 75.853742591052395, 11.748167285715105 ] ] ], [ [ [ 75.855539221620646, 11.747268970430985 ], [ 75.856437536904764, 11.747268970430982 ], [ 75.856437536904764, 11.746370655146864 ], [ 75.855539221620646, 11.746370655146864 ], [ 75.855539221620646, 11.747268970430985 ] ] ] ] } },
{ "type": "Feature", "properties": { "hotspot_id": 160, "area_km2": 0.13612873830468258, "mean_risk": 0.3113, "max_risk": 0.3382, "built_area_km2": 0.0796 }, "geometry": { "type": "Polygon", "coordinates": [ [ [ 76.022625864466875, 11.811947670887589 ], [ 76.023524179750993, 11.811947670887587 ], [ 76.023524179750993, 11.810151040319345 ], [ 76.024422495035111, 11.810151040319345 ], [ 76.024422495035111, 11.806557779182873 ], [ 76.022625864466875, 11.806557779182871 ], [ 76.022625864466875, 11.808354409751109 ], [ 76.021727549182756, 11.808354409751109 ], [ 76.021727549182756, 11.809252725035233 ], [ 76.020829233898624, 11.809252725035229 ], [ 76.020829233898624, 11.810151040319347 ], [ 76.021727549182756, 11.810151040319345 ], [ 76.021727549182756, 11.811049355603471 ], [ 76.022625864466875, 11.811049355603471 ], [ 76.022625864466875, 11.811947670887589 ] ] ] } },
{ "type": "Feature", "properties": { "hotspot_id": 161, "area_km2": 0.13612259703424037, "mean_risk": 0.3071, "max_risk": 0.3276, "built_area_km2": 0.0702 }, "geometry": { "type": "MultiPolygon", "coordinates": [ [ [ [ 75.994778090659167, 11.82093082372878 ], [ 75.995676405943286, 11.820930823728784 ], [ 75.995676405943286, 11.820032508444665 ], [ 75.994778090659167, 11.820032508444664 ], [ 75.994778090659167, 11.82093082372878 ] ] ], [ [ [ 75.995676405943286, 11.820032508444665 ], [ 75.997473036511522, 11.820032508444665 ], [ 75.997473036511522, 11.818235877876424 ], [ 76.000167982363877, 11.818235877876425 ], [ 76.000167982363877, 11.816439247308185 ], [ 75.999269667079759, 11.816439247308185 ], [ 75.999269667079759, 11.815540932024069 ], [ 75.997473036511522, 11.815540932024065 ], [ 75.997473036511522, 11.816439247308184 ], [ 75.996574721227404, 11.816439247308187 ], [ 75.996574721227404, 11.819134193160547 ], [ 75.995676405943286, 11.819134193160545 ], [ 75.995676405943286, 11.820032508444665 ] ] ] ] } },
{ "type": "Feature", "properties": { "hotspot_id": 162, "area_km2": 0.1361060695257843, "mean_risk": 0.5072, "max_risk": 1.0, "built_area_km2": 0.0083 }, "geometry": { "type": "Polygon", "coordinates": [ [ [ 76.061253421684015, 11.865846587934758 ], [ 76.062151736968147, 11.865846587934758 ], [ 76.062151736968147, 11.864049957366522 ], [ 76.063948367536383, 11.86404995736652 ], [ 76.063948367536383, 11.863151642082405 ], [ 76.064846682820487, 11.863151642082402 ], [ 76.064846682820487, 11.860456696230044 ], [ 76.063050052252251, 11.860456696230045 ], [ 76.063050052252251, 11.861355011514162 ], [ 76.062151736968147, 11.861355011514162 ], [ 76.062151736968147, 11.862253326798278 ], [ 76.061253421684015, 11.862253326798282 ], [ 76.061253421684015, 11.865846587934758 ] ] ] } },
{ "type": "Feature", "properties": { "hotspot_id": 163, "area_km2": 0.12654838452893405, "mean_risk": 0.3002, "max_risk": 0.3105, "built_area_km2": 0.004 }, "geometry": { "type": "MultiPolygon", "coordinates": [ [ [ [ 76.095389402480549, 11.502028897866353 ], [ 76.098084348332904, 11.502028897866349 ], [ 76.098084348332904, 11.501130582582235 ], [ 76.095389402480549, 11.501130582582235 ], [ 76.095389402480549, 11.502028897866353 ] ] ], [ [ [ 76.095389402480549, 11.501130582582235 ], [ 76.095389402480549, 11.500232267298115 ], [ 76.098084348332904, 11.500232267298115 ], [ 76.098084348332904, 11.499333952013993 ], [ 76.097186033048786, 11.499333952013995 ], [ 76.097186033048786, 11.498435636729875 ], [ 76.096287717764667, 11.498435636729877 ], [ 76.096287717764667, 11.499333952013995 ], [ 76.093592771912313, 11.499333952013995 ], [ 76.093592771912313, 11.500232267298115 ], [ 76.094491087196431, 11.500232267298117 ], [ 76.094491087196431, 11.501130582582237 ], [ 76.095389402480549, 11.501130582582235 ] ] ], [ [ [ 76.098084348332904, 11.499333952013993 ], [ 76.098982663617022, 11.499333952013995 ], [ 76.098982663617022, 11.498435636729877 ], [ 76.098084348332904, 11.498435636729877 ], [ 76.098084348332904, 11.499333952013993 ] ] ], [ [ [ 76.096287717764667, 11.498435636729877 ], [ 76.096287717764667, 11.497537321445753 ], [ 76.095389402480549, 11.497537321445755 ], [ 76.095389402480549, 11.498435636729877 ], [ 76.096287717764667, 11.498435636729877 ] ] ], [ [ [ 76.096287717764667, 11.497537321445753 ], [ 76.097186033048786, 11.497537321445755 ], [ 76.097186033048786, 11.496639006161638 ], [ 76.096287717764667, 11.496639006161633 ], [ 76.096287717764667, 11.497537321445753 ] ] ] ] } },
{ "type": "Feature", "properties": { "hotspot_id": 164, "area_km2": 0.12652669622348092, "mean_risk": 0.3234, "max_risk": 0.3583, "built_area_km2": 0.0604 }, "geometry": { "type": "Polygon", "coordinates": [ [ [ 76.160966418221292, 11.564012652470598 ], [ 76.161864733505396, 11.564012652470602 ], [ 76.161864733505396, 11.562216021902362 ], [ 76.162763048789515, 11.562216021902362 ], [ 76.162763048789515, 11.559521076050004 ], [ 76.16006810293716, 11.559521076050002 ], [ 76.16006810293716, 11.56131770661824 ], [ 76.159169787653042, 11.561317706618242 ], [ 76.159169787653042, 11.562216021902364 ], [ 76.16006810293716, 11.562216021902362 ], [ 76.16006810293716, 11.563114337186482 ], [ 76.160966418221292, 11.563114337186482 ], [ 76.160966418221292, 11.564012652470598 ] ] ] } },
{ "type": "Feature", "properties": { "hotspot_id": 165, "area_km2": 0.1265213512767499, "mean_risk": 0.3102, "max_risk": 0.3187, "built_area_km2": 0.0042 }, "geometry": { "type": "MultiPolygon", "coordinates": [ [ [ [ 75.997473036511522, 11.546944662072329 ], [ 75.99837135179564, 11.546944662072328 ], [ 75.99837135179564, 11.546046346788208 ], [ 75.999269667079759, 11.546046346788209 ], [ 75.999269667079759, 11.544249716219973 ], [ 76.000167982363877, 11.544249716219969 ], [ 76.000167982363877, 11.543351400935848 ], [ 75.999269667079759, 11.543351400935851 ], [ 75.999269667079759, 11.542453085651731 ], [ 75.99837135179564, 11.542453085651733 ], [ 75.99837135179564, 11.543351400935849 ], [ 75.997473036511522, 11.543351400935851 ], [ 75.997473036511522, 11.541554770367609 ], [ 75.996574721227404, 11.541554770367615 ], [ 75.996574721227404, 11.544249716219973 ], [ 75.997473036511522, 11.544249716219969 ], [ 75.997473036511522, 11.546944662072329 ] ] ], [ [ [ 75.997473036511522, 11.541554770367609 ], [ 75.99837135179564, 11.541554770367608 ], [ 75.99837135179564, 11.540656455083489 ], [ 75.997473036511522, 11.540656455083493 ], [ 75.997473036511522, 11.541554770367609 ] ] ] ] } },
{ "type": "Feature", "properties": { "hotspot_id": 166, "area_km2": 0.12650643868918265, "mean_risk": 0.5277, "max_risk": 0.9505, "built_area_km2": 0.0054 }, "geometry": { "type": "MultiPolygon", "coordinates": [ [ [ [ 76.171746201630711, 11.612521677813053 ], [ 76.173542832198947, 11.612521677813053 ], [ 76.173542832198947, 11.610725047244813 ], [ 76.171746201630711, 11.610725047244816 ], [ 76.171746201630711, 11.612521677813053 ] ] ], [ [ [ 76.171746201630711, 11.610725047244816 ], [ 76.171746201630711, 11.609826731960695 ], [ 76.173542832198947, 11.609826731960696 ], [ 76.173542832198947, 11.607131786108338 ], [ 76.171746201630711, 11.607131786108335 ], [ 76.171746201630711, 11.608030101392457 ], [ 76.170847886346593, 11.608030101392457 ], [ 76.170847886346593, 11.610725047244816 ], [ 76.171746201630711, 11.610725047244816 ] ] ] ] } },
{ "type": "Feature", "properties": { "hotspot_id": 167, "area_km2": 0.1265060423767303, "mean_risk": 0.3076, "max_risk": 0.332, "built_area_km2": 0.004 }, "geometry": { "type": "Polygon", "coordinates": [ [ [ 75.962438740430855, 11.575690751164155 ], [ 75.964235370999106, 11.575690751164155 ], [ 75.964235370999106, 11.574792435880036 ], [ 75.965133686283238, 11.574792435880035 ], [ 75.965133686283238, 11.573894120595915 ], [ 75.964235370999106, 11.573894120595915 ], [ 75.964235370999106, 11.572995805311795 ], [ 75.965133686283238, 11.572995805311797 ], [ 75.965133686283238, 11.571199174743557 ], [ 75.966032001567342, 11.571199174743558 ], [ 75.966032001567342, 11.570300859459437 ], [ 75.964235370999106, 11.57030085945944 ], [ 75.964235370999106, 11.571199174743553 ], [ 75.963337055714987, 11.571199174743557 ], [ 75.963337055714987, 11.572097490027675 ], [ 75.962438740430855, 11.572097490027675 ], [ 75.962438740430855, 11.572995805311797 ], [ 75.963337055714987, 11.572995805311795 ], [ 75.963337055714987, 11.573894120595915 ], [ 75.962438740430855, 11.573894120595915 ], [ 75.962438740430855, 11.575690751164155 ] ] ] } },
{ "type": "Feature", "properties": { "hotspot_id": 168, "area_km2": 0.12650074195519473, "mean_risk": 0.3091, "max_risk": 0.3257, "built_area_km2": 0.0752 }, "geometry": { "type": "Polygon", "coordinates": [ [ [ 76.157373157084791, 11.621504830654249 ], [ 76.158271472368924, 11.621504830654249 ], [ 76.158271472368924, 11.620606515370129 ], [ 76.159169787653042, 11.620606515370131 ], [ 76.159169787653042, 11.618809884801889 ], [ 76.158271472368924, 11.618809884801891 ], [ 76.158271472368924, 11.617911569517773 ], [ 76.156474841800673, 11.617911569517775 ], [ 76.156474841800673, 11.618809884801891 ], [ 76.154678211232437, 11.618809884801891 ], [ 76.154678211232437, 11.620606515370127 ], [ 76.157373157084791, 11.620606515370129 ], [ 76.157373157084791, 11.621504830654249 ] ] ] } },
{ "type": "Feature", "properties": { "hotspot_id": 169, "area_km2": 0.12649187691483049, "mean_risk": 0.3038, "max_risk": 0.3213, "built_area_km2": 0.0736 }, "geometry": { "type": "Polygon", "coordinates": [ [ [ 76.216661965836693, 11.653844180882551 ], [ 76.218458596404929, 11.653844180882553 ], [ 76.218458596404929, 11.652945865598433 ], [ 76.219356911689047, 11.652945865598433 ], [ 76.219356911689047, 11.651149235030195 ], [ 76.218458596404929, 11.651149235030195 ], [ 76.218458596404929, 11.650250919746075 ], [ 76.217560281120811, 11.650250919746076 ], [ 76.217560281120811, 11.649352604461956 ], [ 76.21576365055256, 11.649352604461953 ], [ 76.21576365055256, 11.651149235030195 ], [ 76.216661965836693, 11.651149235030193 ], [ 76.216661965836693, 11.653844180882551 ] ] ] } },
{ "type": "Feature", "properties": { "hotspot_id": 170, "area_km2": 0.12644856468404628, "mean_risk": 0.3053, "max_risk": 0.3175, "built_area_km2": 0.0588 }, "geometry": { "type": "Polygon", "coordinates": [ [ [ 76.199593975438418, 11.747268970430984 ], [ 76.203187236574891, 11.747268970430984 ], [ 76.203187236574891, 11.746370655146864 ], [ 76.204085551859009, 11.74637065514686 ], [ 76.204085551859009, 11.744574024578624 ], [ 76.203187236574891, 11.744574024578627 ], [ 76.203187236574891, 11.745472339862744 ], [ 76.201390606006655, 11.745472339862744 ], [ 76.201390606006655, 11.743675709294504 ], [ 76.200492290722536, 11.743675709294504 ], [ 76.200492290722536, 11.744574024578622 ], [ 76.199593975438418, 11.744574024578625 ], [ 76.199593975438418, 11.747268970430984 ] ] ] } },
{ "type": "Feature", "properties": { "hotspot_id": 171, "area_km2": 0.12644611663138233, "mean_risk": 0.4603, "max_risk": 0.8211, "built_area_km2": 0.0098 }, "geometry": { "type": "Polygon", "coordinates": [ [ [ 75.987591568386208, 11.71492962020268 ], [ 75.989388198954444, 11.71492962020268 ], [ 75.989388198954444, 11.714031304918558 ], [ 75.990286514238562, 11.714031304918558 ], [ 75.990286514238562, 11.709539728497964 ], [ 75.988489883670326, 11.709539728497964 ], [ 75.988489883670326, 11.710438043782084 ], [ 75.987591568386208, 11.710438043782084 ], [ 75.987591568386208, 11.7113363590662 ], [ 75.988489883670326, 11.7113363590662 ], [ 75.988489883670326, 11.712234674350324 ], [ 75.989388198954444, 11.712234674350325 ], [ 75.989388198954444, 11.713132989634442 ], [ 75.987591568386208, 11.713132989634442 ], [ 75.987591568386208, 11.71492962020268 ] ] ] } },
{ "type": "Feature", "properties": { "hotspot_id": 172, "area_km2": 0.12642133389679788, "mean_risk": 0.2961, "max_risk": 0.2994, "built_area_km2": 0.0432 }, "geometry": { "type": "MultiPolygon", "coordinates": [ [ [ [ 76.206780497711378, 11.805659463898753 ], [ 76.206780497711378, 11.808354409751111 ], [ 76.208577128279614, 11.808354409751109 ], [ 76.208577128279614, 11.810151040319347 ], [ 76.210373758847865, 11.810151040319347 ], [ 76.210373758847865, 11.808354409751111 ], [ 76.209475443563733, 11.808354409751109 ], [ 76.209475443563733, 11.806557779182871 ], [ 76.208577128279614, 11.806557779182871 ], [ 76.208577128279614, 11.805659463898751 ], [ 76.206780497711378, 11.805659463898753 ] ] ], [ [ [ 76.206780497711378, 11.805659463898753 ], [ 76.206780497711378, 11.804761148614631 ], [ 76.205882182427246, 11.804761148614631 ], [ 76.205882182427246, 11.805659463898753 ], [ 76.206780497711378, 11.805659463898753 ] ] ] ] } },
{ "type": "Feature", "properties": { "hotspot_id": 173, "area_km2": 0.12641478499604342, "mean_risk": 0.3078, "max_risk": 0.3232, "built_area_km2": 0.0728 }, "geometry": { "type": "Polygon", "coordinates": [ [ [ 75.979506730829129, 11.782303266511645 ], [ 75.981303361397366, 11.782303266511644 ], [ 75.981303361397366, 11.781404951227524 ], [ 75.980405046113248, 11.781404951227524 ], [ 75.980405046113248, 11.780506635943404 ], [ 75.979506730829129, 11.780506635943407 ], [ 75.979506730829129, 11.779608320659284 ], [ 75.977710100260893, 11.779608320659284 ], [ 75.977710100260893, 11.778710005375167 ], [ 75.976811784976775, 11.778710005375165 ], [ 75.976811784976775, 11.779608320659285 ], [ 75.975015154408538, 11.779608320659284 ], [ 75.975015154408538, 11.781404951227524 ], [ 75.977710100260893, 11.781404951227524 ], [ 75.977710100260893, 11.780506635943405 ], [ 75.978608415545011, 11.780506635943404 ], [ 75.978608415545011, 11.781404951227524 ], [ 75.979506730829129, 11.781404951227525 ], [ 75.979506730829129, 11.782303266511645 ] ] ] } },
{ "type": "Feature", "properties": { "hotspot_id": 174, "area_km2": 0.11682590140019247, "mean_risk": 0.308, "max_risk": 0.3282, "built_area_km2": 0.0165 }, "geometry": { "type": "MultiPolygon", "coordinates": [ [ [ [ 76.150186634811845, 11.479571015763364 ], [ 76.150186634811845, 11.480469331047484 ], [ 76.151084950095964, 11.480469331047487 ], [ 76.151084950095964, 11.479571015763366 ], [ 76.150186634811845, 11.479571015763364 ] ] ], [ [ [ 76.150186634811845, 11.479571015763364 ], [ 76.150186634811845, 11.478672700479246 ], [ 76.153779895948318, 11.478672700479244 ], [ 76.153779895948318, 11.477774385195124 ], [ 76.148390004243609, 11.477774385195127 ], [ 76.148390004243609, 11.478672700479246 ], [ 76.149288319527727, 11.478672700479246 ], [ 76.149288319527727, 11.479571015763366 ], [ 76.150186634811845, 11.479571015763364 ] ] ], [ [ [ 76.151084950095964, 11.480469331047487 ], [ 76.151084950095964, 11.482265961615724 ], [ 76.151983265380082, 11.482265961615724 ], [ 76.151983265380082, 11.483164276899844 ], [ 76.1528815806642, 11.483164276899842 ], [ 76.1528815806642, 11.481367646331606 ], [ 76.151983265380082, 11.481367646331606 ], [ 76.151983265380082, 11.480469331047486 ], [ 76.151084950095964, 11.480469331047487 ] ] ] ] } },
{ "type": "Feature", "properties": { "hotspot_id": 175, "area_km2": 0.1167850055278836, "mean_risk": 0.3033, "max_risk": 0.317, "built_area_km2": 0.0667 }, "geometry": { "type": "MultiPolygon", "coordinates": [ [ [ [ 76.260679414758542, 11.606233470824218 ], [ 76.263374360610896, 11.606233470824215 ], [ 76.263374360610896, 11.60174189440362 ], [ 76.262476045326778, 11.60174189440362 ], [ 76.262476045326778, 11.60264020968774 ], [ 76.26157773004266, 11.60264020968774 ], [ 76.26157773004266, 11.60353852497186 ], [ 76.260679414758542, 11.60353852497186 ], [ 76.260679414758542, 11.60443684025598 ], [ 76.26157773004266, 11.604436840255978 ], [ 76.26157773004266, 11.605335155540098 ], [ 76.260679414758542, 11.6053351555401 ], [ 76.260679414758542, 11.606233470824218 ] ] ], [ [ [ 76.262476045326778, 11.60174189440362 ], [ 76.262476045326778, 11.6008435791195 ], [ 76.26157773004266, 11.600843579119502 ], [ 76.26157773004266, 11.601741894403617 ], [ 76.262476045326778, 11.60174189440362 ] ] ] ] } },
{ "type": "Feature", "properties": { "hotspot_id": 176, "area_km2": 0.11677527772651268, "mean_risk": 0.3181, "max_risk": 0.3501, "built_area_km2": 0.0358 }, "geometry": { "type": "Polygon", "coordinates": [ [ [ 76.024422495035111, 11.584673904005349 ], [ 76.027117440887466, 11.584673904005349 ], [ 76.027117440887466, 11.582877273437115 ], [ 76.026219125603347, 11.582877273437109 ], [ 76.026219125603347, 11.579284012300631 ], [ 76.025320810319229, 11.579284012300631 ], [ 76.025320810319229, 11.580182327584753 ], [ 76.024422495035111, 11.580182327584755 ], [ 76.024422495035111, 11.582877273437109 ], [ 76.025320810319229, 11.582877273437107 ], [ 76.025320810319229, 11.583775588721229 ], [ 76.024422495035111, 11.583775588721231 ], [ 76.024422495035111, 11.584673904005349 ] ] ] } },
{ "type": "Feature", "properties": { "hotspot_id": 177, "area_km2": 0.11677462638884199, "mean_risk": 0.3083, "max_risk": 0.3302, "built_area_km2": 0.0699 }, "geometry": { "type": "MultiPolygon", "coordinates": [ [ [ [ 76.073829835661684, 11.595453687414784 ], [ 76.079219727366393, 11.595453687414782 ], [ 76.079219727366393, 11.594555372130664 ], [ 76.078321412082275, 11.594555372130662 ], [ 76.078321412082275, 11.593657056846542 ], [ 76.077423096798157, 11.593657056846542 ], [ 76.077423096798157, 11.592758741562427 ], [ 76.076524781514038, 11.592758741562424 ], [ 76.076524781514038, 11.594555372130666 ], [ 76.074728150945802, 11.59455537213066 ], [ 76.074728150945802, 11.593657056846542 ], [ 76.073829835661684, 11.593657056846542 ], [ 76.073829835661684, 11.595453687414784 ] ] ], [ [ [ 76.076524781514038, 11.592758741562424 ], [ 76.076524781514038, 11.590962110994187 ], [ 76.07562646622992, 11.590962110994186 ], [ 76.07562646622992, 11.592758741562427 ], [ 76.076524781514038, 11.592758741562424 ] ] ] ] } },
{ "type": "Feature", "properties": { "hotspot_id": 178, "area_km2": 0.1167659113756494, "mean_risk": 0.3243, "max_risk": 0.395, "built_area_km2": 0.0456 }, "geometry": { "type": "Polygon", "coordinates": [ [ [ 76.269662567599738, 11.654742496166671 ], [ 76.270560882883856, 11.654742496166673 ], [ 76.270560882883856, 11.653844180882549 ], [ 76.271459198167975, 11.653844180882549 ], [ 76.271459198167975, 11.652945865598433 ], [ 76.274154144020329, 11.652945865598431 ], [ 76.274154144020329, 11.652047550314315 ], [ 76.273255828736211, 11.652047550314316 ], [ 76.273255828736211, 11.651149235030193 ], [ 76.270560882883856, 11.651149235030193 ], [ 76.270560882883856, 11.652047550314315 ], [ 76.26876425231562, 11.652047550314316 ], [ 76.26876425231562, 11.652945865598433 ], [ 76.269662567599738, 11.652945865598433 ], [ 76.269662567599738, 11.654742496166671 ] ] ] } },
{ "type": "Feature", "properties": { "hotspot_id": 179, "area_km2": 0.11676504775759695, "mean_risk": 0.4467, "max_risk": 0.6876, "built_area_km2": 0.018 }, "geometry": { "type": "Polygon", "coordinates": [ [ [ 76.134016959697689, 11.629589668211324 ], [ 76.135813590265926, 11.629589668211326 ], [ 76.135813590265926, 11.627793037643086 ], [ 76.136711905550044, 11.627793037643086 ], [ 76.136711905550044, 11.625098091790731 ], [ 76.134915274981807, 11.625098091790729 ], [ 76.134915274981807, 11.625996407074847 ], [ 76.134016959697689, 11.625996407074846 ], [ 76.134016959697689, 11.629589668211324 ] ] ] } },
{ "type": "Feature", "properties": { "hotspot_id": 180, "area_km2": 0.1167602575523225, "mean_risk": 0.3034, "max_risk": 0.3195, "built_area_km2": 0.0647 }, "geometry": { "type": "Polygon", "coordinates": [ [ [ 76.030710702023939, 11.622403145938369 ], [ 76.032507332592189, 11.622403145938369 ], [ 76.032507332592189, 11.618809884801891 ], [ 76.033405647876307, 11.618809884801893 ], [ 76.033405647876307, 11.617911569517771 ], [ 76.030710702023939, 11.617911569517773 ], [ 76.030710702023939, 11.618809884801891 ], [ 76.02981238673982, 11.618809884801891 ], [ 76.02981238673982, 11.621504830654249 ], [ 76.030710702023939, 11.621504830654249 ], [ 76.030710702023939, 11.622403145938369 ] ], [ [ 76.030710702023939, 11.621504830654249 ], [ 76.030710702023939, 11.619708200086009 ], [ 76.031609017308071, 11.619708200086009 ], [ 76.031609017308071, 11.621504830654251 ], [ 76.030710702023939, 11.621504830654249 ] ] ] } },
{ "type": "Feature", "properties": { "hotspot_id": 181, "area_km2": 0.1167559959683999, "mean_risk": 0.3073, "max_risk": 0.3319, "built_area_km2": 0.0675 }, "geometry": { "type": "Polygon", "coordinates": [ [ [ 76.136711905550044, 11.652047550314315 ], [ 76.137610220834162, 11.652047550314315 ], [ 76.137610220834162, 11.651149235030195 ], [ 76.138508536118295, 11.651149235030195 ], [ 76.138508536118295, 11.650250919746071 ], [ 76.141203481970649, 11.650250919746073 ], [ 76.141203481970649, 11.649352604461951 ], [ 76.139406851402413, 11.649352604461955 ], [ 76.139406851402413, 11.648454289177836 ], [ 76.136711905550044, 11.648454289177838 ], [ 76.136711905550044, 11.649352604461955 ], [ 76.135813590265926, 11.649352604461955 ], [ 76.135813590265926, 11.650250919746073 ], [ 76.136711905550044, 11.650250919746075 ], [ 76.136711905550044, 11.652047550314315 ] ] ] } },
{ "type": "Feature", "properties": { "hotspot_id": 182, "area_km2": 0.11674988763057094, "mean_risk": 0.5232, "max_risk": 0.8521, "built_area_km2": 0.0109 }, "geometry": { "type": "Polygon", "coordinates": [ [ [ 76.164559679357751, 11.671810486564942 ], [ 76.168152940494238, 11.671810486564942 ], [ 76.168152940494238, 11.670912171280825 ], [ 76.169051255778356, 11.670912171280824 ], [ 76.169051255778356, 11.670013855996704 ], [ 76.168152940494238, 11.670013855996705 ], [ 76.168152940494238, 11.669115540712585 ], [ 76.165457994641869, 11.669115540712585 ], [ 76.165457994641869, 11.670013855996702 ], [ 76.164559679357751, 11.670013855996705 ], [ 76.164559679357751, 11.671810486564942 ] ] ] } },
{ "type": "Feature", "properties": { "hotspot_id": 183, "area_km2": 0.11674748314828769, "mean_risk": 0.3719, "max_risk": 0.5619, "built_area_km2": 0.0051 }, "geometry": { "type": "MultiPolygon", "coordinates": [ [ [ [ 75.934590966623162, 11.6376745057684 ], [ 75.938184227759635, 11.637674505768402 ], [ 75.938184227759635, 11.636776190484282 ], [ 75.934590966623162, 11.63677619048428 ], [ 75.934590966623162, 11.6376745057684 ] ] ], [ [ [ 75.938184227759635, 11.636776190484282 ], [ 75.939082543043753, 11.636776190484282 ], [ 75.939082543043753, 11.635877875200164 ], [ 75.938184227759635, 11.635877875200164 ], [ 75.938184227759635, 11.636776190484282 ] ] ], [ [ [ 75.939082543043753, 11.635877875200164 ], [ 75.940879173611989, 11.635877875200164 ], [ 75.940879173611989, 11.636776190484282 ], [ 75.941777488896108, 11.63677619048428 ], [ 75.941777488896108, 11.635877875200162 ], [ 75.942675804180226, 11.635877875200164 ], [ 75.942675804180226, 11.634081244631924 ], [ 75.940879173611989, 11.634081244631922 ], [ 75.940879173611989, 11.634979559916044 ], [ 75.939082543043753, 11.634979559916044 ], [ 75.939082543043753, 11.635877875200164 ] ] ] ] } },
{ "type": "Feature", "properties": { "hotspot_id": 184, "area_km2": 0.11674208835700726, "mean_risk": 0.5982, "max_risk": 0.9338, "built_area_km2": 0.0078 }, "geometry": { "type": "Polygon", "coordinates": [ [ [ 76.025320810319229, 11.665522279576104 ], [ 76.027117440887466, 11.665522279576107 ], [ 76.027117440887466, 11.664623964291986 ], [ 76.028914071455702, 11.664623964291989 ], [ 76.028914071455702, 11.662827333723744 ], [ 76.028015756171584, 11.662827333723746 ], [ 76.028015756171584, 11.661929018439627 ], [ 76.026219125603347, 11.661929018439631 ], [ 76.026219125603347, 11.662827333723747 ], [ 76.025320810319229, 11.662827333723746 ], [ 76.025320810319229, 11.665522279576104 ] ] ] } },
{ "type": "Feature", "properties": { "hotspot_id": 185, "area_km2": 0.11672085653406003, "mean_risk": 0.3035, "max_risk": 0.3165, "built_area_km2": 0.0041 }, "geometry": { "type": "Polygon", "coordinates": [ [ [ 76.238221532655558, 11.7571504385563 ], [ 76.240018163223795, 11.7571504385563 ], [ 76.240018163223795, 11.754455492703938 ], [ 76.238221532655558, 11.75445549270394 ], [ 76.238221532655558, 11.752658862135698 ], [ 76.23732321737144, 11.752658862135695 ], [ 76.23732321737144, 11.753557177419818 ], [ 76.236424902087322, 11.753557177419816 ], [ 76.236424902087322, 11.756252123272176 ], [ 76.23732321737144, 11.756252123272176 ], [ 76.23732321737144, 11.755353807988056 ], [ 76.238221532655558, 11.755353807988056 ], [ 76.238221532655558, 11.7571504385563 ] ] ] } },
{ "type": "Feature", "properties": { "hotspot_id": 186, "area_km2": 0.1167056153677046, "mean_risk": 0.3032, "max_risk": 0.3156, "built_area_km2": 0.065 }, "geometry": { "type": "MultiPolygon", "coordinates": [ [ [ [ 76.035202278444544, 11.756252123272178 ], [ 76.03699890901278, 11.756252123272178 ], [ 76.03699890901278, 11.753557177419818 ], [ 76.036100593728662, 11.75355717741982 ], [ 76.036100593728662, 11.752658862135698 ], [ 76.035202278444544, 11.7526588621357 ], [ 76.035202278444544, 11.756252123272178 ] ] ], [ [ [ 76.036100593728662, 11.752658862135698 ], [ 76.037897224296898, 11.752658862135698 ], [ 76.037897224296898, 11.75355717741982 ], [ 76.038795539581017, 11.753557177419818 ], [ 76.038795539581017, 11.752658862135698 ], [ 76.039693854865135, 11.752658862135698 ], [ 76.039693854865135, 11.751760546851578 ], [ 76.036100593728662, 11.751760546851576 ], [ 76.036100593728662, 11.752658862135698 ] ] ] ] } },
{ "type": "Feature", "properties": { "hotspot_id": 187, "area_km2": 0.1166871014916754, "mean_risk": 0.307, "max_risk": 0.3135, "built_area_km2": 0.0691 }, "geometry": { "type": "Polygon", "coordinates": [ [ [ 76.015439342193915, 11.797574626341678 ], [ 76.016337657478033, 11.797574626341675 ], [ 76.016337657478033, 11.795777995773438 ], [ 76.017235972762151, 11.795777995773438 ], [ 76.017235972762151, 11.794879680489318 ], [ 76.018134288046269, 11.794879680489316 ], [ 76.018134288046269, 11.793083049921076 ], [ 76.016337657478033, 11.793083049921076 ], [ 76.016337657478033, 11.793981365205198 ], [ 76.015439342193915, 11.793981365205198 ], [ 76.015439342193915, 11.794879680489318 ], [ 76.013642711625678, 11.794879680489318 ], [ 76.013642711625678, 11.795777995773438 ], [ 76.014541026909811, 11.795777995773438 ], [ 76.014541026909811, 11.796676311057556 ], [ 76.015439342193915, 11.796676311057555 ], [ 76.015439342193915, 11.797574626341678 ] ] ] } },
{ "type": "Feature", "properties": { "hotspot_id": 188, "area_km2": 0.11667168095264357, "mean_risk": 0.527, "max_risk": 0.9241, "built_area_km2": 0.0056 }, "geometry": { "type": "Polygon", "coordinates": [ [ [ 75.885183625996589, 11.813744301455827 ], [ 75.886081941280707, 11.813744301455825 ], [ 75.886081941280707, 11.812845986171707 ], [ 75.886980256564826, 11.812845986171707 ], [ 75.886980256564826, 11.811049355603469 ], [ 75.886081941280707, 11.811049355603467 ], [ 75.886081941280707, 11.810151040319345 ], [ 75.884285310712457, 11.810151040319349 ], [ 75.884285310712457, 11.811049355603471 ], [ 75.883386995428339, 11.811049355603469 ], [ 75.883386995428339, 11.811947670887589 ], [ 75.88248868014422, 11.811947670887585 ], [ 75.88248868014422, 11.812845986171711 ], [ 75.885183625996589, 11.812845986171707 ], [ 75.885183625996589, 11.813744301455827 ] ] ] } },
{ "type": "Feature", "properties": { "hotspot_id": 189, "area_km2": 0.10704505102744567, "mean_risk": 0.3204, "max_risk": 0.3686, "built_area_km2": 0.0504 }, "geometry": { "type": "Polygon", "coordinates": [ [ [ 76.062151736968147, 11.588267165141826 ], [ 76.063948367536383, 11.588267165141826 ], [ 76.063948367536383, 11.587368849857709 ], [ 76.064846682820487, 11.587368849857709 ], [ 76.064846682820487, 11.586470534573589 ], [ 76.063948367536383, 11.586470534573589 ], [ 76.063948367536383, 11.583775588721229 ], [ 76.062151736968147, 11.583775588721227 ], [ 76.062151736968147, 11.588267165141826 ] ] ] } },
{ "type": "Feature", "properties": { "hotspot_id": 190, "area_km2": 0.10703486438044349, "mean_risk": 0.3032, "max_risk": 0.3276, "built_area_km2": 0.0574 }, "geometry": { "type": "MultiPolygon", "coordinates": [ [ [ [ 76.043287116001622, 11.612521677813051 ], [ 76.045083746569858, 11.612521677813055 ], [ 76.045083746569858, 11.611623362528936 ], [ 76.04418543128574, 11.611623362528935 ], [ 76.04418543128574, 11.610725047244815 ], [ 76.043287116001622, 11.610725047244816 ], [ 76.043287116001622, 11.612521677813051 ] ] ], [ [ [ 76.045083746569858, 11.611623362528936 ], [ 76.045982061853977, 11.611623362528936 ], [ 76.045982061853977, 11.610725047244818 ], [ 76.046880377138095, 11.610725047244816 ], [ 76.046880377138095, 11.609826731960695 ], [ 76.045982061853977, 11.609826731960696 ], [ 76.045982061853977, 11.608928416676575 ], [ 76.045083746569858, 11.608928416676576 ], [ 76.045083746569858, 11.611623362528936 ] ] ], [ [ [ 76.045083746569858, 11.608928416676576 ], [ 76.045083746569858, 11.608030101392457 ], [ 76.04418543128574, 11.608030101392457 ], [ 76.04418543128574, 11.608928416676576 ], [ 76.045083746569858, 11.608928416676576 ] ] ], [ [ [ 76.046880377138095, 11.609826731960695 ], [ 76.049575322990449, 11.609826731960695 ], [ 76.049575322990449, 11.608928416676575 ], [ 76.046880377138095, 11.608928416676576 ], [ 76.046880377138095, 11.609826731960695 ] ] ] ] } },
{ "type": "Feature", "properties": { "hotspot_id": 191, "area_km2": 0.10703017777159038, "mean_risk": 0.3059, "max_risk": 0.3194, "built_area_km2": 0.0678 }, "geometry": { "type": "Polygon", "coordinates": [ [ [ 76.239119847939676, 11.662827333723747 ], [ 76.240018163223795, 11.662827333723747 ], [ 76.240018163223795, 11.661929018439631 ], [ 76.240916478507913, 11.661929018439631 ], [ 76.240916478507913, 11.661030703155507 ], [ 76.242713109076149, 11.661030703155511 ], [ 76.242713109076149, 11.660132387871389 ], [ 76.241814793792031, 11.660132387871389 ], [ 76.241814793792031, 11.657437442019031 ], [ 76.240916478507913, 11.657437442019029 ], [ 76.240916478507913, 11.658335757303149 ], [ 76.240018163223795, 11.658335757303149 ], [ 76.240018163223795, 11.661030703155509 ], [ 76.239119847939676, 11.661030703155509 ], [ 76.239119847939676, 11.662827333723747 ] ] ] } },
{ "type": "Feature", "properties": { "hotspot_id": 192, "area_km2": 0.10702226529353365, "mean_risk": 0.4157, "max_risk": 0.7207, "built_area_km2": 0.0092 }, "geometry": { "type": "Polygon", "coordinates": [ [ [ 76.027117440887466, 11.643064397473115 ], [ 76.028914071455702, 11.643064397473113 ], [ 76.028914071455702, 11.641267766904878 ], [ 76.028015756171584, 11.641267766904878 ], [ 76.028015756171584, 11.640369451620757 ], [ 76.028914071455702, 11.640369451620758 ], [ 76.028914071455702, 11.638572821052518 ], [ 76.026219125603347, 11.63857282105252 ], [ 76.026219125603347, 11.64036945162076 ], [ 76.027117440887466, 11.640369451620758 ], [ 76.027117440887466, 11.643064397473115 ] ] ] } },
{ "type": "Feature", "properties": { "hotspot_id": 193, "area_km2": 0.1070154271745085, "mean_risk": 0.6398, "max_risk": 1.0, "built_area_km2": 0.0172 }, "geometry": { "type": "Polygon", "coordinates": [ [ [ 75.981303361397366, 11.652945865598429 ], [ 75.983099991965616, 11.652945865598433 ], [ 75.983099991965616, 11.649352604461953 ], [ 75.980405046113248, 11.649352604461955 ], [ 75.980405046113248, 11.652047550314315 ], [ 75.981303361397366, 11.652047550314315 ], [ 75.981303361397366, 11.652945865598429 ] ] ] } },
{ "type": "Feature", "properties": { "hotspot_id": 194, "area_km2": 0.10700273637192216, "mean_risk": 0.5449, "max_risk": 0.9231, "built_area_km2": 0.0046 }, "geometry": { "type": "Polygon", "coordinates": [ [ [ 76.022625864466875, 11.693370053383813 ], [ 76.024422495035111, 11.693370053383813 ], [ 76.024422495035111, 11.692471738099693 ], [ 76.025320810319229, 11.692471738099691 ], [ 76.025320810319229, 11.691573422815571 ], [ 76.024422495035111, 11.691573422815573 ], [ 76.024422495035111, 11.690675107531451 ], [ 76.021727549182756, 11.690675107531451 ], [ 76.021727549182756, 11.689776792247335 ], [ 76.020829233898624, 11.689776792247333 ], [ 76.020829233898624, 11.691573422815571 ], [ 76.021727549182756, 11.691573422815571 ], [ 76.021727549182756, 11.692471738099693 ], [ 76.022625864466875, 11.692471738099695 ], [ 76.022625864466875, 11.693370053383813 ] ] ] } },
{ "type": "Feature", "properties": { "hotspot_id": 195, "area_km2": 0.10699243391211342, "mean_risk": 0.5155, "max_risk": 0.9219, "built_area_km2": 0.0063 }, "geometry": { "type": "Polygon", "coordinates": [ [ [ 76.001964612932127, 11.717624566055038 ], [ 76.003761243500364, 11.717624566055036 ], [ 76.003761243500364, 11.715827935486796 ], [ 76.004659558784482, 11.715827935486798 ], [ 76.004659558784482, 11.71403130491856 ], [ 76.001964612932127, 11.714031304918562 ], [ 76.001964612932127, 11.71492962020268 ], [ 76.001066297647995, 11.714929620202678 ], [ 76.001066297647995, 11.715827935486798 ], [ 76.001964612932127, 11.7158279354868 ], [ 76.001964612932127, 11.717624566055038 ] ] ] } },
{ "type": "Feature", "properties": { "hotspot_id": 196, "area_km2": 0.10696276644263213, "mean_risk": 0.4283, "max_risk": 0.6979, "built_area_km2": 0.0046 }, "geometry": { "type": "Polygon", "coordinates": [ [ [ 75.893268463553653, 11.778710005375169 ], [ 75.895065094121904, 11.778710005375167 ], [ 75.895065094121904, 11.775116744238687 ], [ 75.892370148269535, 11.775116744238687 ], [ 75.892370148269535, 11.777811690091045 ], [ 75.893268463553653, 11.777811690091045 ], [ 75.893268463553653, 11.778710005375169 ] ] ] } },
{ "type": "Feature", "properties": { "hotspot_id": 197, "area_km2": 0.1069588403040086, "mean_risk": 0.6448, "max_risk": 0.8317, "built_area_km2": 0.0078 }, "geometry": { "type": "Polygon", "coordinates": [ [ [ 75.978608415545011, 11.802066202762274 ], [ 75.980405046113248, 11.802066202762273 ], [ 75.980405046113248, 11.801167887478154 ], [ 75.983099991965616, 11.801167887478153 ], [ 75.983099991965616, 11.799371256909915 ], [ 75.979506730829129, 11.799371256909918 ], [ 75.979506730829129, 11.800269572194033 ], [ 75.978608415545011, 11.800269572194031 ], [ 75.978608415545011, 11.802066202762274 ] ] ] } },
{ "type": "Feature", "properties": { "hotspot_id": 198, "area_km2": 0.10692787472567356, "mean_risk": 0.5169, "max_risk": 0.9697, "built_area_km2": 0.0054 }, "geometry": { "type": "MultiPolygon", "coordinates": [ [ [ [ 76.018134288046269, 11.890101100605985 ], [ 76.019930918614506, 11.890101100605985 ], [ 76.019930918614506, 11.886507839469507 ], [ 76.018134288046269, 11.886507839469505 ], [ 76.018134288046269, 11.887406154753629 ], [ 76.017235972762151, 11.887406154753627 ], [ 76.017235972762151, 11.889202785321869 ], [ 76.018134288046269, 11.889202785321869 ], [ 76.018134288046269, 11.890101100605985 ] ] ], [ [ [ 76.018134288046269, 11.886507839469505 ], [ 76.018134288046269, 11.885609524185389 ], [ 76.017235972762151, 11.885609524185387 ], [ 76.017235972762151, 11.886507839469509 ], [ 76.018134288046269, 11.886507839469505 ] ] ] ] } },
{ "type": "Feature", "properties": { "hotspot_id": 199, "area_km2": 0.097326320981269435, "mean_risk": 0.4284, "max_risk": 0.6078, "built_area_km2": 0.0036 }, "geometry": { "type": "Polygon", "coordinates": [ [ [ 76.027117440887466, 11.544249716219971 ], [ 76.028914071455702, 11.544249716219971 ], [ 76.028914071455702, 11.541554770367613 ], [ 76.028015756171584, 11.541554770367609 ], [ 76.028015756171584, 11.540656455083491 ], [ 76.026219125603347, 11.540656455083491 ], [ 76.026219125603347, 11.543351400935849 ], [ 76.027117440887466, 11.543351400935848 ], [ 76.027117440887466, 11.544249716219971 ] ] ] } },
{ "type": "Feature", "properties": { "hotspot_id": 200, "area_km2": 0.097320674657421266, "mean_risk": 0.3087, "max_risk": 0.3227, "built_area_km2": 0.0509 }, "geometry": { "type": "Polygon", "coordinates": [ [ [ 76.11425402344706, 11.577487381732389 ], [ 76.115152338731178, 11.577487381732393 ], [ 76.115152338731178, 11.576589066448273 ], [ 76.116050654015297, 11.576589066448273 ], [ 76.116050654015297, 11.575690751164153 ], [ 76.116948969299415, 11.575690751164155 ], [ 76.116948969299415, 11.574792435880035 ], [ 76.117847284583533, 11.574792435880036 ], [ 76.117847284583533, 11.572995805311795 ], [ 76.116948969299415, 11.572995805311793 ], [ 76.116948969299415, 11.573894120595913 ], [ 76.116050654015297, 11.573894120595915 ], [ 76.116050654015297, 11.574792435880035 ], [ 76.115152338731178, 11.574792435880033 ], [ 76.115152338731178, 11.573894120595913 ], [ 76.11425402344706, 11.573894120595913 ], [ 76.11425402344706, 11.577487381732389 ] ] ] } },
{ "type": "Feature", "properties": { "hotspot_id": 201, "area_km2": 0.097318627539847657, "mean_risk": 0.5541, "max_risk": 1.0, "built_area_km2": 0.0143 }, "geometry": { "type": "Polygon", "coordinates": [ [ [ 76.183424300324262, 11.595453687414782 ], [ 76.185220930892498, 11.59545368741478 ], [ 76.185220930892498, 11.592758741562426 ], [ 76.181627669756026, 11.592758741562427 ], [ 76.181627669756026, 11.594555372130664 ], [ 76.183424300324262, 11.594555372130662 ], [ 76.183424300324262, 11.595453687414782 ] ] ] } },
{ "type": "Feature", "properties": { "hotspot_id": 202, "area_km2": 0.097314836302204319, "mean_risk": 0.3081, "max_risk": 0.3461, "built_area_km2": 0.0527 }, "geometry": { "type": "Polygon", "coordinates": [ [ [ 76.095389402480549, 11.590063795710067 ], [ 76.096287717764667, 11.590063795710066 ], [ 76.096287717764667, 11.589165480425947 ], [ 76.098982663617022, 11.589165480425944 ], [ 76.098982663617022, 11.588267165141827 ], [ 76.098084348332904, 11.588267165141826 ], [ 76.098084348332904, 11.587368849857709 ], [ 76.094491087196431, 11.587368849857709 ], [ 76.094491087196431, 11.589165480425946 ], [ 76.095389402480549, 11.589165480425946 ], [ 76.095389402480549, 11.590063795710067 ] ] ] } },
{ "type": "Feature", "properties": { "hotspot_id": 203, "area_km2": 0.097290506256662357, "mean_risk": 0.4289, "max_risk": 0.6887, "built_area_km2": 0.0105 }, "geometry": { "type": "Polygon", "coordinates": [ [ [ 76.173542832198947, 11.67630206298554 ], [ 76.176237778051302, 11.676302062985542 ], [ 76.176237778051302, 11.6745054324173 ], [ 76.175339462767184, 11.674505432417304 ], [ 76.175339462767184, 11.673607117133178 ], [ 76.172644516914829, 11.673607117133182 ], [ 76.172644516914829, 11.675403747701422 ], [ 76.173542832198947, 11.67540374770142 ], [ 76.173542832198947, 11.67630206298554 ] ] ] } },
{ "type": "Feature", "properties": { "hotspot_id": 204, "area_km2": 0.097290505109055098, "mean_risk": 0.3773, "max_risk": 0.5189, "built_area_km2": 0.004 }, "geometry": { "type": "Polygon", "coordinates": [ [ [ 75.93548928190728, 11.634081244631922 ], [ 75.937285912475517, 11.634081244631922 ], [ 75.937285912475517, 11.633182929347804 ], [ 75.939082543043753, 11.633182929347804 ], [ 75.939082543043753, 11.632284614063684 ], [ 75.938184227759635, 11.632284614063684 ], [ 75.938184227759635, 11.631386298779564 ], [ 75.934590966623162, 11.631386298779564 ], [ 75.934590966623162, 11.632284614063682 ], [ 75.93548928190728, 11.63228461406368 ], [ 75.93548928190728, 11.634081244631922 ] ] ] } },
{ "type": "Feature", "properties": { "hotspot_id": 205, "area_km2": 0.097286783842634311, "mean_risk": 0.6094, "max_risk": 0.9596, "built_area_km2": 0.0084 }, "geometry": { "type": "Polygon", "coordinates": [ [ [ 76.108864131742337, 11.6745054324173 ], [ 76.110660762310587, 11.674505432417298 ], [ 76.110660762310587, 11.671810486564942 ], [ 76.1070675011741, 11.671810486564942 ], [ 76.1070675011741, 11.67360711713318 ], [ 76.108864131742337, 11.673607117133178 ], [ 76.108864131742337, 11.6745054324173 ] ] ] } },
{ "type": "Feature", "properties": { "hotspot_id": 206, "area_km2": 0.097270111075633742, "mean_risk": 0.3025, "max_risk": 0.3167, "built_area_km2": 0.031 }, "geometry": { "type": "Polygon", "coordinates": [ [ [ 76.233729956234953, 11.748167285715104 ], [ 76.235526586803189, 11.748167285715105 ], [ 76.235526586803189, 11.74547233986274 ], [ 76.234628271519071, 11.745472339862742 ], [ 76.234628271519071, 11.744574024578625 ], [ 76.232831640950835, 11.744574024578625 ], [ 76.232831640950835, 11.747268970430985 ], [ 76.233729956234953, 11.747268970430984 ], [ 76.233729956234953, 11.748167285715104 ] ] ] } },
{ "type": "Feature", "properties": { "hotspot_id": 207, "area_km2": 0.09726521416564278, "mean_risk": 0.305, "max_risk": 0.3177, "built_area_km2": 0.0625 }, "geometry": { "type": "Polygon", "coordinates": [ [ [ 76.077423096798157, 11.731997610600951 ], [ 76.080118042650525, 11.731997610600951 ], [ 76.080118042650525, 11.730200980032713 ], [ 76.079219727366393, 11.730200980032711 ], [ 76.079219727366393, 11.729302664748589 ], [ 76.076524781514038, 11.729302664748593 ], [ 76.076524781514038, 11.731099295316831 ], [ 76.077423096798157, 11.731099295316831 ], [ 76.077423096798157, 11.731997610600951 ] ] ] } },
{ "type": "Feature", "properties": { "hotspot_id": 208, "area_km2": 0.097256881549750471, "mean_risk": 0.3039, "max_risk": 0.3137, "built_area_km2": 0.0537 }, "geometry": { "type": "Polygon", "coordinates": [ [ [ 75.975913469692657, 11.740082448158029 ], [ 75.976811784976775, 11.740082448158027 ], [ 75.976811784976775, 11.739184132873905 ], [ 75.977710100260893, 11.739184132873907 ], [ 75.977710100260893, 11.738285817589786 ], [ 75.976811784976775, 11.738285817589787 ], [ 75.976811784976775, 11.736489187021549 ], [ 75.975913469692657, 11.736489187021551 ], [ 75.975913469692657, 11.735590871737431 ], [ 75.975015154408538, 11.735590871737427 ], [ 75.975015154408538, 11.734692556453309 ], [ 75.97411683912442, 11.734692556453311 ], [ 75.97411683912442, 11.736489187021549 ], [ 75.975015154408538, 11.736489187021551 ], [ 75.975015154408538, 11.738285817589787 ], [ 75.975913469692657, 11.738285817589786 ], [ 75.975913469692657, 11.740082448158029 ] ] ] } },
{ "type": "Feature", "properties": { "hotspot_id": 209, "area_km2": 0.09725204120321472, "mean_risk": 0.3037, "max_risk": 0.3209, "built_area_km2": 0.0033 }, "geometry": { "type": "Polygon", "coordinates": [ [ [ 75.865420689745946, 11.734692556453309 ], [ 75.869013950882433, 11.734692556453307 ], [ 75.869013950882433, 11.733794241169191 ], [ 75.869912266166551, 11.733794241169191 ], [ 75.869912266166551, 11.732895925885069 ], [ 75.864522374461828, 11.732895925885071 ], [ 75.864522374461828, 11.733794241169191 ], [ 75.865420689745946, 11.733794241169191 ], [ 75.865420689745946, 11.734692556453309 ] ] ] } },
{ "type": "Feature", "properties": { "hotspot_id": 210, "area_km2": 0.097238818904692007, "mean_risk": 0.4395, "max_risk": 0.5905, "built_area_km2": 0.0083 }, "geometry": { "type": "Polygon", "coordinates": [ [ [ 76.146593373675358, 11.820930823728782 ], [ 76.148390004243609, 11.820930823728784 ], [ 76.148390004243609, 11.818235877876424 ], [ 76.144796743107122, 11.818235877876425 ], [ 76.144796743107122, 11.820032508444665 ], [ 76.146593373675358, 11.820032508444665 ], [ 76.146593373675358, 11.820930823728782 ] ] ] } },
{ "type": "Feature", "properties": { "hotspot_id": 211, "area_km2": 0.097223697803564546, "mean_risk": 0.3616, "max_risk": 0.4265, "built_area_km2": 0.0077 }, "geometry": { "type": "Polygon", "coordinates": [ [ [ 76.045083746569858, 11.846981966968249 ], [ 76.048677007706331, 11.846981966968249 ], [ 76.048677007706331, 11.846083651684131 ], [ 76.049575322990449, 11.846083651684131 ], [ 76.049575322990449, 11.844287021115891 ], [ 76.047778692422213, 11.844287021115891 ], [ 76.047778692422213, 11.845185336400013 ], [ 76.045982061853977, 11.845185336400013 ], [ 76.045982061853977, 11.846083651684131 ], [ 76.045083746569858, 11.846083651684131 ], [ 76.045083746569858, 11.846981966968249 ] ] ] } },
{ "type": "Feature", "properties": { "hotspot_id": 212, "area_km2": 0.097201174977380664, "mean_risk": 0.4883, "max_risk": 0.8978, "built_area_km2": 0.0173 }, "geometry": { "type": "Polygon", "coordinates": [ [ [ 76.02981238673982, 11.908965721572494 ], [ 76.033405647876307, 11.908965721572496 ], [ 76.033405647876307, 11.90806740628838 ], [ 76.032507332592189, 11.90806740628838 ], [ 76.032507332592189, 11.906270775720138 ], [ 76.02981238673982, 11.906270775720138 ], [ 76.02981238673982, 11.908965721572494 ] ] ] } },
{ "type": "Feature", "properties": { "hotspot_id": 213, "area_km2": 0.087620728374558698, "mean_risk": 0.302, "max_risk": 0.3105, "built_area_km2": 0.0028 }, "geometry": { "type": "MultiPolygon", "coordinates": [ [ [ [ 76.14569505839124, 11.474181124058648 ], [ 76.14569505839124, 11.475079439342768 ], [ 76.146593373675358, 11.475079439342768 ], [ 76.146593373675358, 11.475977754626888 ], [ 76.147491688959477, 11.475977754626888 ], [ 76.147491688959477, 11.476876069911009 ], [ 76.148390004243609, 11.476876069911009 ], [ 76.148390004243609, 11.475977754626889 ], [ 76.149288319527727, 11.475977754626888 ], [ 76.149288319527727, 11.474181124058648 ], [ 76.14569505839124, 11.474181124058648 ] ] ], [ [ [ 76.14569505839124, 11.474181124058648 ], [ 76.14569505839124, 11.473282808774531 ], [ 76.144796743107122, 11.473282808774528 ], [ 76.144796743107122, 11.474181124058651 ], [ 76.14569505839124, 11.474181124058648 ] ] ] ] } },
{ "type": "Feature", "properties": { "hotspot_id": 214, "area_km2": 0.087600376679156988, "mean_risk": 0.3109, "max_risk": 0.328, "built_area_km2": 0.0497 }, "geometry": { "type": "MultiPolygon", "coordinates": [ [ [ [ 76.223848488109638, 11.559521076050004 ], [ 76.224746803393757, 11.559521076050004 ], [ 76.224746803393757, 11.558622760765882 ], [ 76.223848488109638, 11.558622760765884 ], [ 76.223848488109638, 11.559521076050004 ] ] ], [ [ [ 76.223848488109638, 11.558622760765884 ], [ 76.223848488109638, 11.555927814913526 ], [ 76.220255226973165, 11.555927814913522 ], [ 76.220255226973165, 11.556826130197644 ], [ 76.221153542257284, 11.556826130197642 ], [ 76.221153542257284, 11.557724445481766 ], [ 76.22295017282552, 11.557724445481764 ], [ 76.22295017282552, 11.558622760765882 ], [ 76.223848488109638, 11.558622760765884 ] ] ] ] } },
{ "type": "Feature", "properties": { "hotspot_id": 215, "area_km2": 0.087598610721577194, "mean_risk": 0.3012, "max_risk": 0.3058, "built_area_km2": 0.0027 }, "geometry": { "type": "MultiPolygon", "coordinates": [ [ [ [ 76.066643313388724, 11.532571617526417 ], [ 76.066643313388724, 11.533469932810535 ], [ 76.067541628672842, 11.533469932810537 ], [ 76.067541628672842, 11.534368248094653 ], [ 76.06843994395696, 11.534368248094653 ], [ 76.06843994395696, 11.535266563378777 ], [ 76.070236574525211, 11.535266563378775 ], [ 76.070236574525211, 11.53346993281054 ], [ 76.06843994395696, 11.533469932810533 ], [ 76.06843994395696, 11.532571617526415 ], [ 76.066643313388724, 11.532571617526417 ] ] ], [ [ [ 76.066643313388724, 11.532571617526417 ], [ 76.066643313388724, 11.530774986958178 ], [ 76.065744998104606, 11.53077498695818 ], [ 76.065744998104606, 11.532571617526418 ], [ 76.066643313388724, 11.532571617526417 ] ] ] ] } },
{ "type": "Feature", "properties": { "hotspot_id": 216, "area_km2": 0.087596528305548316, "mean_risk": 0.3051, "max_risk": 0.3134, "built_area_km2": 0.0029 }, "geometry": { "type": "Polygon", "coordinates": [ [ [ 76.072033205093447, 11.543351400935848 ], [ 76.072931520377566, 11.543351400935848 ], [ 76.072931520377566, 11.541554770367613 ], [ 76.073829835661684, 11.541554770367609 ], [ 76.073829835661684, 11.540656455083491 ], [ 76.072033205093447, 11.540656455083489 ], [ 76.072033205093447, 11.538859824515255 ], [ 76.071134889809329, 11.538859824515255 ], [ 76.071134889809329, 11.539758139799373 ], [ 76.070236574525211, 11.539758139799373 ], [ 76.070236574525211, 11.541554770367611 ], [ 76.072033205093447, 11.541554770367611 ], [ 76.072033205093447, 11.543351400935848 ] ] ] } },
{ "type": "Feature", "properties": { "hotspot_id": 217, "area_km2": 0.087586307409509817, "mean_risk": 0.3065, "max_risk": 0.3306, "built_area_km2": 0.0496 }, "geometry": { "type": "Polygon", "coordinates": [ [ [ 76.254391207769714, 11.612521677813055 ], [ 76.255289523053818, 11.612521677813053 ], [ 76.255289523053818, 11.608928416676578 ], [ 76.253492892485582, 11.608928416676578 ], [ 76.253492892485582, 11.608030101392458 ], [ 76.252594577201478, 11.608030101392457 ], [ 76.252594577201478, 11.609826731960695 ], [ 76.253492892485582, 11.609826731960698 ], [ 76.253492892485582, 11.611623362528936 ], [ 76.254391207769714, 11.611623362528936 ], [ 76.254391207769714, 11.612521677813055 ] ] ] } },
{ "type": "Feature", "properties": { "hotspot_id": 218, "area_km2": 0.087566846881435859, "mean_risk": 0.3134, "max_risk": 0.3333, "built_area_km2": 0.0384 }, "geometry": { "type": "Polygon", "coordinates": [ [ [ 76.272357513452093, 11.6789970088379 ], [ 76.274154144020329, 11.678997008837898 ], [ 76.274154144020329, 11.678098693553776 ], [ 76.275052459304462, 11.678098693553778 ], [ 76.275052459304462, 11.676302062985542 ], [ 76.272357513452093, 11.676302062985538 ], [ 76.272357513452093, 11.677200378269658 ], [ 76.271459198167975, 11.67720037826966 ], [ 76.271459198167975, 11.678098693553778 ], [ 76.272357513452093, 11.678098693553778 ], [ 76.272357513452093, 11.6789970088379 ] ] ] } },
{ "type": "Feature", "properties": { "hotspot_id": 219, "area_km2": 0.087566405520267496, "mean_risk": 0.3045, "max_risk": 0.3113, "built_area_km2": 0.0546 }, "geometry": { "type": "Polygon", "coordinates": [ [ [ 76.158271472368924, 11.657437442019031 ], [ 76.16006810293716, 11.657437442019029 ], [ 76.16006810293716, 11.653844180882551 ], [ 76.159169787653042, 11.653844180882553 ], [ 76.159169787653042, 11.654742496166669 ], [ 76.157373157084791, 11.654742496166673 ], [ 76.157373157084791, 11.656539126734909 ], [ 76.158271472368924, 11.656539126734909 ], [ 76.158271472368924, 11.657437442019031 ] ] ] } },
{ "type": "Feature", "properties": { "hotspot_id": 220, "area_km2": 0.087565862713429587, "mean_risk": 0.3462, "max_risk": 0.462, "built_area_km2": 0.0103 }, "geometry": { "type": "Polygon", "coordinates": [ [ [ 76.275052459304462, 11.683488585258496 ], [ 76.27595077458858, 11.683488585258496 ], [ 76.27595077458858, 11.68259026997438 ], [ 76.277747405156816, 11.682590269974375 ], [ 76.277747405156816, 11.680793639406136 ], [ 76.276849089872698, 11.680793639406138 ], [ 76.276849089872698, 11.679895324122018 ], [ 76.275052459304462, 11.679895324122018 ], [ 76.275052459304462, 11.683488585258496 ] ] ] } },
{ "type": "Feature", "properties": { "hotspot_id": 221, "area_km2": 0.087558444617818879, "mean_risk": 0.3089, "max_risk": 0.3235, "built_area_km2": 0.0535 }, "geometry": { "type": "Polygon", "coordinates": [ [ [ 76.134016959697689, 11.678997008837898 ], [ 76.134915274981807, 11.678997008837898 ], [ 76.134915274981807, 11.678098693553776 ], [ 76.135813590265926, 11.678098693553776 ], [ 76.135813590265926, 11.675403747701418 ], [ 76.134016959697689, 11.675403747701418 ], [ 76.134016959697689, 11.676302062985542 ], [ 76.132220329129453, 11.676302062985538 ], [ 76.132220329129453, 11.67720037826966 ], [ 76.134016959697689, 11.67720037826966 ], [ 76.134016959697689, 11.678997008837898 ] ] ] } },
{ "type": "Feature", "properties": { "hotspot_id": 222, "area_km2": 0.087550141758564515, "mean_risk": 0.4586, "max_risk": 0.7187, "built_area_km2": 0.0052 }, "geometry": { "type": "Polygon", "coordinates": [ [ [ 76.133118644413571, 11.705048152077365 ], [ 76.134915274981807, 11.705048152077367 ], [ 76.134915274981807, 11.703251521509124 ], [ 76.134016959697689, 11.703251521509126 ], [ 76.134016959697689, 11.702353206225006 ], [ 76.131322013845335, 11.702353206225006 ], [ 76.131322013845335, 11.704149836793244 ], [ 76.133118644413571, 11.704149836793244 ], [ 76.133118644413571, 11.705048152077365 ] ] ] } },
{ "type": "Feature", "properties": { "hotspot_id": 223, "area_km2": 0.087540802780570581, "mean_risk": 0.5104, "max_risk": 0.7886, "built_area_km2": 0.0054 }, "geometry": { "type": "Polygon", "coordinates": [ [ [ 76.018134288046269, 11.71492962020268 ], [ 76.019930918614506, 11.71492962020268 ], [ 76.019930918614506, 11.714031304918562 ], [ 76.021727549182756, 11.714031304918556 ], [ 76.021727549182756, 11.71313298963444 ], [ 76.020829233898624, 11.713132989634442 ], [ 76.020829233898624, 11.71223467435032 ], [ 76.018134288046269, 11.712234674350324 ], [ 76.018134288046269, 11.71492962020268 ] ] ] } },
{ "type": "Feature", "properties": { "hotspot_id": 224, "area_km2": 0.087532269975002366, "mean_risk": 0.3051, "max_risk": 0.3188, "built_area_km2": 0.0519 }, "geometry": { "type": "MultiPolygon", "coordinates": [ [ [ [ 76.019930918614506, 11.744574024578627 ], [ 76.020829233898624, 11.744574024578625 ], [ 76.020829233898624, 11.743675709294505 ], [ 76.019930918614506, 11.743675709294505 ], [ 76.019930918614506, 11.744574024578627 ] ] ], [ [ [ 76.020829233898624, 11.743675709294505 ], [ 76.021727549182756, 11.743675709294505 ], [ 76.021727549182756, 11.742777394010385 ], [ 76.022625864466875, 11.742777394010385 ], [ 76.022625864466875, 11.740980763442145 ], [ 76.023524179750993, 11.740980763442149 ], [ 76.023524179750993, 11.739184132873909 ], [ 76.021727549182756, 11.739184132873907 ], [ 76.021727549182756, 11.741879078726262 ], [ 76.020829233898624, 11.741879078726264 ], [ 76.020829233898624, 11.743675709294505 ] ] ] ] } },
{ "type": "Feature", "properties": { "hotspot_id": 225, "area_km2": 0.087524935302080775, "mean_risk": 0.306, "max_risk": 0.3435, "built_area_km2": 0.0468 }, "geometry": { "type": "MultiPolygon", "coordinates": [ [ [ [ 76.078321412082275, 11.776913374806925 ], [ 76.080118042650525, 11.776913374806927 ], [ 76.080118042650525, 11.775116744238689 ], [ 76.077423096798157, 11.775116744238685 ], [ 76.077423096798157, 11.776015059522805 ], [ 76.078321412082275, 11.776015059522807 ], [ 76.078321412082275, 11.776913374806925 ] ] ], [ [ [ 76.080118042650525, 11.775116744238689 ], [ 76.081914673218762, 11.775116744238689 ], [ 76.081914673218762, 11.773320113670447 ], [ 76.080118042650525, 11.773320113670447 ], [ 76.080118042650525, 11.775116744238689 ] ] ] ] } },
{ "type": "Feature", "properties": { "hotspot_id": 226, "area_km2": 0.087524421964804047, "mean_risk": 0.4497, "max_risk": 0.6448, "built_area_km2": 0.0066 }, "geometry": { "type": "Polygon", "coordinates": [ [ [ 76.127728752708848, 11.787693158216362 ], [ 76.131322013845335, 11.787693158216364 ], [ 76.131322013845335, 11.784998212364004 ], [ 76.129525383277098, 11.784998212364002 ], [ 76.129525383277098, 11.78589652764812 ], [ 76.128627067992966, 11.785896527648116 ], [ 76.128627067992966, 11.786794842932238 ], [ 76.127728752708848, 11.78679484293224 ], [ 76.127728752708848, 11.787693158216362 ] ] ] } },
{ "type": "Feature", "properties": { "hotspot_id": 227, "area_km2": 0.087524136794356888, "mean_risk": 0.2994, "max_risk": 0.3083, "built_area_km2": 0.0394 }, "geometry": { "type": "MultiPolygon", "coordinates": [ [ [ [ 76.205882182427246, 11.803862833330511 ], [ 76.206780497711378, 11.803862833330509 ], [ 76.206780497711378, 11.802964518046393 ], [ 76.205882182427246, 11.802964518046391 ], [ 76.205882182427246, 11.803862833330511 ] ] ], [ [ [ 76.205882182427246, 11.802964518046391 ], [ 76.205882182427246, 11.801167887478151 ], [ 76.204983867143142, 11.801167887478153 ], [ 76.204983867143142, 11.800269572194033 ], [ 76.204085551859009, 11.800269572194033 ], [ 76.204085551859009, 11.801167887478156 ], [ 76.200492290722536, 11.801167887478154 ], [ 76.200492290722536, 11.802066202762276 ], [ 76.204983867143142, 11.802066202762274 ], [ 76.204983867143142, 11.802964518046391 ], [ 76.205882182427246, 11.802964518046391 ] ] ] ] } },
{ "type": "Feature", "properties": { "hotspot_id": 228, "area_km2": 0.087518197939461612, "mean_risk": 0.4082, "max_risk": 0.6692, "built_area_km2": 0.0049 }, "geometry": { "type": "Polygon", "coordinates": [ [ [ 75.945370750032595, 11.776015059522807 ], [ 75.948065695884949, 11.776015059522807 ], [ 75.948065695884949, 11.773320113670449 ], [ 75.945370750032595, 11.773320113670446 ], [ 75.945370750032595, 11.776015059522807 ] ] ] } },
{ "type": "Feature", "properties": { "hotspot_id": 229, "area_km2": 0.087508149344187533, "mean_risk": 0.3088, "max_risk": 0.3261, "built_area_km2": 0.0075 }, "geometry": { "type": "Polygon", "coordinates": [ [ [ 75.858234167473, 11.795777995773438 ], [ 75.859132482757119, 11.795777995773438 ], [ 75.859132482757119, 11.793981365205196 ], [ 75.858234167473, 11.793981365205198 ], [ 75.858234167473, 11.793083049921076 ], [ 75.860929113325369, 11.793083049921076 ], [ 75.860929113325369, 11.792184734636958 ], [ 75.857335852188882, 11.792184734636958 ], [ 75.857335852188882, 11.793083049921078 ], [ 75.856437536904764, 11.793083049921076 ], [ 75.856437536904764, 11.793981365205196 ], [ 75.857335852188882, 11.7939813652052 ], [ 75.857335852188882, 11.79487968048932 ], [ 75.858234167473, 11.794879680489316 ], [ 75.858234167473, 11.795777995773438 ] ] ] } },
{ "type": "Feature", "properties": { "hotspot_id": 230, "area_km2": 0.087505651636502341, "mean_risk": 0.3127, "max_risk": 0.3278, "built_area_km2": 0.0466 }, "geometry": { "type": "Polygon", "coordinates": [ [ [ 76.018134288046269, 11.828117346001738 ], [ 76.020829233898624, 11.82811734600174 ], [ 76.020829233898624, 11.826320715433502 ], [ 76.019930918614506, 11.826320715433502 ], [ 76.019930918614506, 11.82542240014938 ], [ 76.017235972762151, 11.825422400149378 ], [ 76.017235972762151, 11.8263207154335 ], [ 76.018134288046269, 11.826320715433502 ], [ 76.018134288046269, 11.828117346001738 ] ] ] } },
{ "type": "Feature", "properties": { "hotspot_id": 231, "area_km2": 0.087503945230141655, "mean_risk": 0.3009, "max_risk": 0.3135, "built_area_km2": 0.0153 }, "geometry": { "type": "Polygon", "coordinates": [ [ [ 76.015439342193915, 11.833507237706458 ], [ 76.016337657478033, 11.833507237706458 ], [ 76.016337657478033, 11.832608922422338 ], [ 76.018134288046269, 11.832608922422338 ], [ 76.018134288046269, 11.833507237706458 ], [ 76.019032603330388, 11.833507237706456 ], [ 76.019032603330388, 11.831710607138216 ], [ 76.018134288046269, 11.831710607138218 ], [ 76.018134288046269, 11.830812291854098 ], [ 76.017235972762151, 11.8308122918541 ], [ 76.017235972762151, 11.829913976569978 ], [ 76.016337657478033, 11.82991397656998 ], [ 76.016337657478033, 11.831710607138218 ], [ 76.015439342193915, 11.831710607138218 ], [ 76.015439342193915, 11.833507237706458 ] ] ] } },
{ "type": "Feature", "properties": { "hotspot_id": 232, "area_km2": 0.087498111405452744, "mean_risk": 0.3148, "max_risk": 0.3426, "built_area_km2": 0.0395 }, "geometry": { "type": "MultiPolygon", "coordinates": [ [ [ [ 75.983099991965616, 11.844287021115891 ], [ 75.983099991965616, 11.846083651684129 ], [ 75.985794937817971, 11.846083651684131 ], [ 75.985794937817971, 11.846981966968245 ], [ 75.986693253102089, 11.846981966968249 ], [ 75.986693253102089, 11.845185336400013 ], [ 75.985794937817971, 11.845185336400014 ], [ 75.985794937817971, 11.844287021115891 ], [ 75.983099991965616, 11.844287021115891 ] ] ], [ [ [ 75.983099991965616, 11.844287021115891 ], [ 75.983099991965616, 11.843388705831773 ], [ 75.982201676681484, 11.843388705831773 ], [ 75.982201676681484, 11.844287021115889 ], [ 75.983099991965616, 11.844287021115891 ] ] ] ] } },
{ "type": "Feature", "properties": { "hotspot_id": 233, "area_km2": 0.087475808524537318, "mean_risk": 0.4171, "max_risk": 0.5387, "built_area_km2": 0.0044 }, "geometry": { "type": "Polygon", "coordinates": [ [ [ 76.03699890901278, 11.926932027254887 ], [ 76.038795539581017, 11.926932027254887 ], [ 76.038795539581017, 11.925135396686649 ], [ 76.037897224296898, 11.925135396686649 ], [ 76.037897224296898, 11.923338766118411 ], [ 76.035202278444544, 11.923338766118409 ], [ 76.035202278444544, 11.924237081402529 ], [ 76.036100593728662, 11.924237081402525 ], [ 76.036100593728662, 11.925135396686645 ], [ 76.03699890901278, 11.925135396686647 ], [ 76.03699890901278, 11.926932027254887 ] ] ] } },
{ "type": "Feature", "properties": { "hotspot_id": 234, "area_km2": 0.077869946133179421, "mean_risk": 0.3063, "max_risk": 0.3203, "built_area_km2": 0.046 }, "geometry": { "type": "Polygon", "coordinates": [ [ [ 76.228340064530244, 11.549639607924686 ], [ 76.231035010382598, 11.549639607924689 ], [ 76.231035010382598, 11.547842977356447 ], [ 76.23013669509848, 11.547842977356449 ], [ 76.23013669509848, 11.546944662072328 ], [ 76.228340064530244, 11.546944662072328 ], [ 76.228340064530244, 11.549639607924686 ] ] ] } },
{ "type": "Feature", "properties": { "hotspot_id": 235, "area_km2": 0.077868044839503381, "mean_risk": 0.304, "max_risk": 0.3151, "built_area_km2": 0.0026 }, "geometry": { "type": "MultiPolygon", "coordinates": [ [ [ [ 76.053168584126936, 11.52448677996934 ], [ 76.054066899411055, 11.524486779969342 ], [ 76.054066899411055, 11.52358846468522 ], [ 76.053168584126936, 11.52358846468522 ], [ 76.053168584126936, 11.52448677996934 ] ] ], [ [ [ 76.053168584126936, 11.52358846468522 ], [ 76.053168584126936, 11.520893518832864 ], [ 76.052270268842818, 11.520893518832866 ], [ 76.052270268842818, 11.523588464685222 ], [ 76.053168584126936, 11.52358846468522 ] ] ], [ [ [ 76.053168584126936, 11.520893518832864 ], [ 76.054965214695173, 11.520893518832866 ], [ 76.054965214695173, 11.519995203548744 ], [ 76.054066899411055, 11.519995203548747 ], [ 76.054066899411055, 11.518198572980506 ], [ 76.053168584126936, 11.518198572980504 ], [ 76.053168584126936, 11.520893518832864 ] ] ] ] } },
{ "type": "Feature", "properties": { "hotspot_id": 236, "area_km2": 0.077863747179947151, "mean_risk": 0.4661, "max_risk": 0.6958, "built_area_km2": 0.0028 }, "geometry": { "type": "Polygon", "coordinates": [ [ [ 76.325358115215153, 11.593657056846544 ], [ 76.328951376351625, 11.593657056846546 ], [ 76.328951376351625, 11.592758741562424 ], [ 76.328053061067507, 11.592758741562424 ], [ 76.328053061067507, 11.591860426278306 ], [ 76.327154745783389, 11.591860426278306 ], [ 76.327154745783389, 11.590962110994186 ], [ 76.326256430499271, 11.590962110994186 ], [ 76.326256430499271, 11.591860426278307 ], [ 76.325358115215153, 11.591860426278304 ], [ 76.325358115215153, 11.593657056846544 ] ] ] } },
{ "type": "Feature", "properties": { "hotspot_id": 237, "area_km2": 0.077861664779211498, "mean_risk": 0.3992, "max_risk": 0.5398, "built_area_km2": 0.0035 }, "geometry": { "type": "Polygon", "coordinates": [ [ [ 76.307391809532774, 11.597250317983024 ], [ 76.309188440100996, 11.597250317983022 ], [ 76.309188440100996, 11.596352002698906 ], [ 76.308290124816878, 11.596352002698902 ], [ 76.308290124816878, 11.595453687414784 ], [ 76.309188440100996, 11.595453687414782 ], [ 76.309188440100996, 11.594555372130664 ], [ 76.308290124816878, 11.594555372130664 ], [ 76.308290124816878, 11.593657056846544 ], [ 76.307391809532774, 11.593657056846542 ], [ 76.307391809532774, 11.594555372130662 ], [ 76.306493494248642, 11.594555372130662 ], [ 76.306493494248642, 11.596352002698902 ], [ 76.307391809532774, 11.596352002698904 ], [ 76.307391809532774, 11.597250317983024 ] ] ] } },
{ "type": "Feature", "properties": { "hotspot_id": 238, "area_km2": 0.077860510475331379, "mean_risk": 0.309, "max_risk": 0.33, "built_area_km2": 0.0387 }, "geometry": { "type": "Polygon", "coordinates": [ [ [ 76.143000112538886, 11.56760591360708 ], [ 76.143898427823004, 11.567605913607078 ], [ 76.143898427823004, 11.566707598322958 ], [ 76.14569505839124, 11.56670759832296 ], [ 76.14569505839124, 11.56580928303884 ], [ 76.144796743107122, 11.565809283038837 ], [ 76.144796743107122, 11.564910967754718 ], [ 76.143000112538886, 11.564910967754718 ], [ 76.143000112538886, 11.564012652470598 ], [ 76.142101797254767, 11.564012652470598 ], [ 76.142101797254767, 11.565809283038838 ], [ 76.143000112538886, 11.565809283038838 ], [ 76.143000112538886, 11.56760591360708 ] ] ] } },
{ "type": "Feature", "properties": { "hotspot_id": 239, "area_km2": 0.077860376927656086, "mean_risk": 0.3648, "max_risk": 0.4897, "built_area_km2": 0.0032 }, "geometry": { "type": "Polygon", "coordinates": [ [ [ 76.347815997318136, 11.610725047244816 ], [ 76.350510943170491, 11.610725047244815 ], [ 76.350510943170491, 11.609826731960695 ], [ 76.349612627886373, 11.609826731960696 ], [ 76.349612627886373, 11.608030101392458 ], [ 76.346917682034018, 11.608030101392458 ], [ 76.346917682034018, 11.608928416676575 ], [ 76.347815997318136, 11.608928416676575 ], [ 76.347815997318136, 11.610725047244816 ] ] ] } },
{ "type": "Feature", "properties": { "hotspot_id": 240, "area_km2": 0.077859370689918689, "mean_risk": 0.6098, "max_risk": 0.9659, "built_area_km2": 0.0029 }, "geometry": { "type": "Polygon", "coordinates": [ [ [ 76.280442351009171, 11.599945263835378 ], [ 76.281340666293289, 11.599945263835384 ], [ 76.281340666293289, 11.59904694855126 ], [ 76.282238981577407, 11.599046948551262 ], [ 76.282238981577407, 11.596352002698902 ], [ 76.280442351009171, 11.596352002698904 ], [ 76.280442351009171, 11.59814863326714 ], [ 76.279544035725053, 11.598148633267142 ], [ 76.279544035725053, 11.599046948551266 ], [ 76.280442351009171, 11.599046948551262 ], [ 76.280442351009171, 11.599945263835378 ] ] ] } },
{ "type": "Feature", "properties": { "hotspot_id": 241, "area_km2": 0.077852675401417257, "mean_risk": 0.3321, "max_risk": 0.4139, "built_area_km2": 0.0034 }, "geometry": { "type": "MultiPolygon", "coordinates": [ [ [ [ 76.319968223510429, 11.633182929347802 ], [ 76.321764854078666, 11.633182929347802 ], [ 76.321764854078666, 11.632284614063682 ], [ 76.320866538794547, 11.632284614063682 ], [ 76.320866538794547, 11.631386298779566 ], [ 76.319968223510429, 11.631386298779566 ], [ 76.319968223510429, 11.633182929347802 ] ] ], [ [ [ 76.319968223510429, 11.631386298779566 ], [ 76.319968223510429, 11.630487983495446 ], [ 76.319069908226311, 11.630487983495447 ], [ 76.319069908226311, 11.629589668211324 ], [ 76.317273277658074, 11.629589668211322 ], [ 76.317273277658074, 11.631386298779564 ], [ 76.319968223510429, 11.631386298779566 ] ] ] ] } },
{ "type": "Feature", "properties": { "hotspot_id": 242, "area_km2": 0.077844906859298346, "mean_risk": 0.3104, "max_risk": 0.328, "built_area_km2": 0.0388 }, "geometry": { "type": "Polygon", "coordinates": [ [ [ 76.025320810319229, 11.602640209687737 ], [ 76.027117440887466, 11.60264020968774 ], [ 76.027117440887466, 11.60174189440362 ], [ 76.028914071455702, 11.601741894403617 ], [ 76.028914071455702, 11.599945263835382 ], [ 76.028015756171584, 11.599945263835378 ], [ 76.028015756171584, 11.6008435791195 ], [ 76.024422495035111, 11.6008435791195 ], [ 76.024422495035111, 11.601741894403618 ], [ 76.025320810319229, 11.601741894403618 ], [ 76.025320810319229, 11.602640209687737 ] ] ] } },
{ "type": "Feature", "properties": { "hotspot_id": 243, "area_km2": 0.07783675825368884, "mean_risk": 0.4493, "max_risk": 0.6934, "built_area_km2": 0.0137 }, "geometry": { "type": "Polygon", "coordinates": [ [ [ 76.061253421684015, 11.639471136336638 ], [ 76.063948367536383, 11.63947113633664 ], [ 76.063948367536383, 11.636776190484282 ], [ 76.062151736968147, 11.636776190484284 ], [ 76.062151736968147, 11.637674505768402 ], [ 76.061253421684015, 11.637674505768402 ], [ 76.061253421684015, 11.639471136336638 ] ] ] } },
{ "type": "Feature", "properties": { "hotspot_id": 244, "area_km2": 0.077832640962646332, "mean_risk": 0.3775, "max_risk": 0.5808, "built_area_km2": 0.0057 }, "geometry": { "type": "Polygon", "coordinates": [ [ [ 76.019930918614506, 11.647555973893716 ], [ 76.020829233898624, 11.647555973893715 ], [ 76.020829233898624, 11.646657658609595 ], [ 76.021727549182756, 11.646657658609595 ], [ 76.021727549182756, 11.645759343325475 ], [ 76.020829233898624, 11.645759343325475 ], [ 76.020829233898624, 11.644861028041358 ], [ 76.019930918614506, 11.644861028041358 ], [ 76.019930918614506, 11.643962712757236 ], [ 76.018134288046269, 11.643962712757242 ], [ 76.018134288046269, 11.644861028041358 ], [ 76.019032603330388, 11.644861028041358 ], [ 76.019032603330388, 11.646657658609595 ], [ 76.019930918614506, 11.646657658609596 ], [ 76.019930918614506, 11.647555973893716 ] ] ] } },
{ "type": "Feature", "properties": { "hotspot_id": 245, "area_km2": 0.077832105194156717, "mean_risk": 0.2992, "max_risk": 0.3143, "built_area_km2": 0.0376 }, "geometry": { "type": "Polygon", "coordinates": [ [ [ 76.264272675895015, 11.696963314520289 ], [ 76.265170991179147, 11.696963314520289 ], [ 76.265170991179147, 11.696064999236169 ], [ 76.266069306463265, 11.696064999236169 ], [ 76.266069306463265, 11.695166683952049 ], [ 76.266967621747384, 11.695166683952049 ], [ 76.266967621747384, 11.694268368667931 ], [ 76.267865937031502, 11.694268368667931 ], [ 76.267865937031502, 11.693370053383811 ], [ 76.266967621747384, 11.693370053383811 ], [ 76.266967621747384, 11.692471738099691 ], [ 76.266069306463265, 11.692471738099695 ], [ 76.266069306463265, 11.694268368667931 ], [ 76.265170991179147, 11.694268368667931 ], [ 76.265170991179147, 11.695166683952049 ], [ 76.264272675895015, 11.695166683952051 ], [ 76.264272675895015, 11.696963314520289 ] ] ] } },
{ "type": "Feature", "properties": { "hotspot_id": 246, "area_km2": 0.077830639446798702, "mean_risk": 0.3124, "max_risk": 0.3241, "built_area_km2": 0.0487 }, "geometry": { "type": "Polygon", "coordinates": [ [ [ 76.08281298850288, 11.666420594860224 ], [ 76.083711303786998, 11.666420594860226 ], [ 76.083711303786998, 11.665522279576106 ], [ 76.084609619071117, 11.665522279576106 ], [ 76.084609619071117, 11.664623964291989 ], [ 76.086406249639353, 11.664623964291987 ], [ 76.086406249639353, 11.663725649007867 ], [ 76.085507934355235, 11.663725649007866 ], [ 76.085507934355235, 11.662827333723747 ], [ 76.083711303786998, 11.662827333723747 ], [ 76.083711303786998, 11.664623964291989 ], [ 76.08281298850288, 11.664623964291986 ], [ 76.08281298850288, 11.666420594860224 ] ] ] } },
{ "type": "Feature", "properties": { "hotspot_id": 247, "area_km2": 0.077827293005294229, "mean_risk": 0.3025, "max_risk": 0.3155, "built_area_km2": 0.0441 }, "geometry": { "type": "Polygon", "coordinates": [ [ [ 75.988489883670326, 11.661929018439629 ], [ 75.990286514238562, 11.661929018439631 ], [ 75.990286514238562, 11.661030703155511 ], [ 75.992981460090931, 11.661030703155509 ], [ 75.992981460090931, 11.660132387871389 ], [ 75.992083144806799, 11.660132387871389 ], [ 75.992083144806799, 11.659234072587269 ], [ 75.990286514238562, 11.659234072587269 ], [ 75.990286514238562, 11.660132387871389 ], [ 75.989388198954444, 11.660132387871389 ], [ 75.989388198954444, 11.661030703155511 ], [ 75.988489883670326, 11.661030703155511 ], [ 75.988489883670326, 11.661929018439629 ] ] ] } },
{ "type": "Feature", "properties": { "hotspot_id": 248, "area_km2": 0.077818679629900328, "mean_risk": 0.4198, "max_risk": 0.6682, "built_area_km2": 0.0053 }, "geometry": { "type": "Polygon", "coordinates": [ [ [ 76.196899029586064, 11.731099295316829 ], [ 76.199593975438418, 11.731099295316829 ], [ 76.199593975438418, 11.728404349464473 ], [ 76.197797344870182, 11.728404349464471 ], [ 76.197797344870182, 11.729302664748591 ], [ 76.196899029586064, 11.729302664748589 ], [ 76.196899029586064, 11.731099295316829 ] ] ] } },
{ "type": "Feature", "properties": { "hotspot_id": 249, "area_km2": 0.077812550907002287, "mean_risk": 0.3886, "max_risk": 0.5714, "built_area_km2": 0.0101 }, "geometry": { "type": "Polygon", "coordinates": [ [ [ 76.006456189352718, 11.718522881339158 ], [ 76.008252819920955, 11.718522881339158 ], [ 76.008252819920955, 11.7158279354868 ], [ 76.007354504636837, 11.715827935486798 ], [ 76.007354504636837, 11.71492962020268 ], [ 76.006456189352718, 11.714929620202682 ], [ 76.006456189352718, 11.716726250770918 ], [ 76.0055578740686, 11.716726250770918 ], [ 76.0055578740686, 11.717624566055038 ], [ 76.006456189352718, 11.717624566055038 ], [ 76.006456189352718, 11.718522881339158 ] ] ] } },
{ "type": "Feature", "properties": { "hotspot_id": 250, "area_km2": 0.077811840884723871, "mean_risk": 0.553, "max_risk": 0.9393, "built_area_km2": 0.0091 }, "geometry": { "type": "Polygon", "coordinates": [ [ [ 76.014541026909811, 11.722116142475638 ], [ 76.016337657478033, 11.722116142475636 ], [ 76.016337657478033, 11.71942119662328 ], [ 76.013642711625678, 11.719421196623275 ], [ 76.013642711625678, 11.721217827191515 ], [ 76.014541026909811, 11.721217827191515 ], [ 76.014541026909811, 11.722116142475638 ] ] ] } },
{ "type": "Feature", "properties": { "hotspot_id": 251, "area_km2": 0.07779700279940413, "mean_risk": 0.3172, "max_risk": 0.3729, "built_area_km2": 0.0043 }, "geometry": { "type": "MultiPolygon", "coordinates": [ [ [ [ 75.867217320314197, 11.753557177419816 ], [ 75.868115635598329, 11.75355717741982 ], [ 75.868115635598329, 11.752658862135698 ], [ 75.869013950882433, 11.752658862135698 ], [ 75.869013950882433, 11.75176054685158 ], [ 75.866319005030093, 11.75176054685158 ], [ 75.866319005030093, 11.752658862135698 ], [ 75.867217320314197, 11.752658862135698 ], [ 75.867217320314197, 11.753557177419816 ] ] ], [ [ [ 75.869013950882433, 11.75176054685158 ], [ 75.869912266166551, 11.75176054685158 ], [ 75.869912266166551, 11.750862231567462 ], [ 75.869013950882433, 11.75086223156746 ], [ 75.869013950882433, 11.75176054685158 ] ] ], [ [ [ 75.869912266166551, 11.750862231567462 ], [ 75.870810581450669, 11.75086223156746 ], [ 75.870810581450669, 11.74996391628334 ], [ 75.869912266166551, 11.74996391628334 ], [ 75.869912266166551, 11.750862231567462 ] ] ], [ [ [ 75.869912266166551, 11.74996391628334 ], [ 75.869912266166551, 11.749065600999224 ], [ 75.869013950882433, 11.749065600999222 ], [ 75.869013950882433, 11.749963916283342 ], [ 75.869912266166551, 11.74996391628334 ] ] ], [ [ [ 75.869912266166551, 11.75176054685158 ], [ 75.869912266166551, 11.752658862135698 ], [ 75.870810581450669, 11.752658862135698 ], [ 75.870810581450669, 11.75176054685158 ], [ 75.869912266166551, 11.75176054685158 ] ] ] ] } },
{ "type": "Feature", "properties": { "hotspot_id": 252, "area_km2": 0.077795464890965962, "mean_risk": 0.5373, "max_risk": 0.8487, "built_area_km2": 0.0036 }, "geometry": { "type": "Polygon", "coordinates": [ [ [ 76.1070675011741, 11.798472941625796 ], [ 76.107965816458218, 11.798472941625796 ], [ 76.107965816458218, 11.796676311057558 ], [ 76.108864131742337, 11.796676311057555 ], [ 76.108864131742337, 11.795777995773438 ], [ 76.107965816458218, 11.79577799577344 ], [ 76.107965816458218, 11.794879680489318 ], [ 76.106169185889996, 11.794879680489316 ], [ 76.106169185889996, 11.797574626341673 ], [ 76.1070675011741, 11.797574626341675 ], [ 76.1070675011741, 11.798472941625796 ] ] ] } },
{ "type": "Feature", "properties": { "hotspot_id": 253, "area_km2": 0.077789390183561305, "mean_risk": 0.5197, "max_risk": 0.7937, "built_area_km2": 0.0046 }, "geometry": { "type": "Polygon", "coordinates": [ [ [ 75.982201676681484, 11.798472941625791 ], [ 75.984896622533853, 11.798472941625796 ], [ 75.984896622533853, 11.796676311057555 ], [ 75.983998307249735, 11.796676311057553 ], [ 75.983998307249735, 11.79577799577344 ], [ 75.982201676681484, 11.795777995773438 ], [ 75.982201676681484, 11.798472941625791 ] ] ] } },
{ "type": "Feature", "properties": { "hotspot_id": 254, "area_km2": 0.077782361262015848, "mean_risk": 0.3035, "max_risk": 0.3147, "built_area_km2": 0.0406 }, "geometry": { "type": "Polygon", "coordinates": [ [ [ 75.982201676681484, 11.823625769581136 ], [ 75.983998307249735, 11.82362576958114 ], [ 75.983998307249735, 11.820930823728784 ], [ 75.981303361397366, 11.820930823728785 ], [ 75.981303361397366, 11.822727454297022 ], [ 75.982201676681484, 11.822727454297024 ], [ 75.982201676681484, 11.823625769581136 ] ] ] } },
{ "type": "Feature", "properties": { "hotspot_id": 255, "area_km2": 0.077779781383507204, "mean_risk": 0.2998, "max_risk": 0.3084, "built_area_km2": 0.0176 }, "geometry": { "type": "Polygon", "coordinates": [ [ [ 76.116050654015297, 11.855965119809445 ], [ 76.116948969299415, 11.855965119809444 ], [ 76.116948969299415, 11.854168489241205 ], [ 76.115152338731178, 11.854168489241204 ], [ 76.115152338731178, 11.853270173957087 ], [ 76.112457392878824, 11.853270173957085 ], [ 76.112457392878824, 11.854168489241207 ], [ 76.113355708162942, 11.854168489241207 ], [ 76.113355708162942, 11.855066804525324 ], [ 76.116050654015297, 11.855066804525324 ], [ 76.116050654015297, 11.855965119809445 ] ] ] } },
{ "type": "Feature", "properties": { "hotspot_id": 256, "area_km2": 0.07776589946599631, "mean_risk": 0.5071, "max_risk": 0.8836, "built_area_km2": 0.0033 }, "geometry": { "type": "Polygon", "coordinates": [ [ [ 76.024422495035111, 11.890101100605985 ], [ 76.027117440887466, 11.890101100605989 ], [ 76.027117440887466, 11.888304470037747 ], [ 76.026219125603347, 11.888304470037744 ], [ 76.026219125603347, 11.887406154753627 ], [ 76.024422495035111, 11.887406154753629 ], [ 76.024422495035111, 11.890101100605985 ] ] ] } },
{ "type": "Feature", "properties": { "hotspot_id": 257, "area_km2": 0.07776122194107403, "mean_risk": 0.3612, "max_risk": 0.4259, "built_area_km2": 0.0037 }, "geometry": { "type": "Polygon", "coordinates": [ [ [ 76.037897224296898, 11.908965721572493 ], [ 76.039693854865135, 11.908965721572496 ], [ 76.039693854865135, 11.907169091004258 ], [ 76.038795539581017, 11.907169091004256 ], [ 76.038795539581017, 11.906270775720138 ], [ 76.03699890901278, 11.906270775720138 ], [ 76.03699890901278, 11.907169091004258 ], [ 76.036100593728662, 11.907169091004258 ], [ 76.036100593728662, 11.90806740628838 ], [ 76.037897224296898, 11.908067406288378 ], [ 76.037897224296898, 11.908965721572493 ] ] ] } },
{ "type": "Feature", "properties": { "hotspot_id": 258, "area_km2": 0.068138413251803392, "mean_risk": 0.3106, "max_risk": 0.332, "built_area_km2": 0.0026 }, "geometry": { "type": "Polygon", "coordinates": [ [ [ 76.139406851402413, 11.520893518832862 ], [ 76.141203481970649, 11.520893518832862 ], [ 76.141203481970649, 11.51909688826462 ], [ 76.136711905550044, 11.519096888264624 ], [ 76.136711905550044, 11.519995203548746 ], [ 76.139406851402413, 11.519995203548746 ], [ 76.139406851402413, 11.520893518832862 ] ] ] } },
{ "type": "Feature", "properties": { "hotspot_id": 259, "area_km2": 0.068135562013609041, "mean_risk": 0.2993, "max_risk": 0.3067, "built_area_km2": 0.0035 }, "geometry": { "type": "Polygon", "coordinates": [ [ [ 76.064846682820487, 11.520893518832864 ], [ 76.069338259241079, 11.520893518832862 ], [ 76.069338259241079, 11.519995203548746 ], [ 76.066643313388724, 11.519995203548742 ], [ 76.066643313388724, 11.519096888264622 ], [ 76.064846682820487, 11.519096888264622 ], [ 76.064846682820487, 11.520893518832864 ] ] ] } },
{ "type": "Feature", "properties": { "hotspot_id": 260, "area_km2": 0.068132727349566269, "mean_risk": 0.3039, "max_risk": 0.3167, "built_area_km2": 0.0315 }, "geometry": { "type": "MultiPolygon", "coordinates": [ [ [ [ 76.018134288046269, 11.524486779969342 ], [ 76.019032603330388, 11.524486779969342 ], [ 76.019032603330388, 11.52358846468522 ], [ 76.018134288046269, 11.52358846468522 ], [ 76.018134288046269, 11.524486779969342 ] ] ], [ [ [ 76.019032603330388, 11.52358846468522 ], [ 76.021727549182756, 11.52358846468522 ], [ 76.021727549182756, 11.524486779969342 ], [ 76.022625864466875, 11.524486779969342 ], [ 76.022625864466875, 11.5226901494011 ], [ 76.021727549182756, 11.5226901494011 ], [ 76.021727549182756, 11.521791834116984 ], [ 76.020829233898624, 11.521791834116984 ], [ 76.020829233898624, 11.5226901494011 ], [ 76.019032603330388, 11.5226901494011 ], [ 76.019032603330388, 11.52358846468522 ] ] ] ] } },
{ "type": "Feature", "properties": { "hotspot_id": 261, "area_km2": 0.068132435969551791, "mean_risk": 0.3154, "max_risk": 0.3338, "built_area_km2": 0.0025 }, "geometry": { "type": "Polygon", "coordinates": [ [ [ 76.047778692422213, 11.530774986958177 ], [ 76.049575322990449, 11.530774986958178 ], [ 76.049575322990449, 11.529876671674057 ], [ 76.048677007706331, 11.529876671674057 ], [ 76.048677007706331, 11.528080041105818 ], [ 76.047778692422213, 11.528080041105818 ], [ 76.047778692422213, 11.527181725821698 ], [ 76.046880377138095, 11.527181725821698 ], [ 76.046880377138095, 11.529876671674058 ], [ 76.047778692422213, 11.529876671674057 ], [ 76.047778692422213, 11.530774986958177 ] ] ] } },
{ "type": "Feature", "properties": { "hotspot_id": 262, "area_km2": 0.068129936287682477, "mean_risk": 0.304, "max_risk": 0.3188, "built_area_km2": 0.0344 }, "geometry": { "type": "Polygon", "coordinates": [ [ [ 76.047778692422213, 11.541554770367611 ], [ 76.048677007706331, 11.541554770367611 ], [ 76.048677007706331, 11.540656455083491 ], [ 76.0513719535587, 11.540656455083491 ], [ 76.0513719535587, 11.538859824515255 ], [ 76.049575322990449, 11.538859824515255 ], [ 76.049575322990449, 11.539758139799371 ], [ 76.047778692422213, 11.539758139799373 ], [ 76.047778692422213, 11.541554770367611 ] ] ] } },
{ "type": "Feature", "properties": { "hotspot_id": 263, "area_km2": 0.068125908504560115, "mean_risk": 0.2987, "max_risk": 0.3048, "built_area_km2": 0.042 }, "geometry": { "type": "MultiPolygon", "coordinates": [ [ [ [ 76.245408054928504, 11.5963520026989 ], [ 76.247204685496754, 11.596352002698902 ], [ 76.247204685496754, 11.595453687414784 ], [ 76.248103000780873, 11.595453687414782 ], [ 76.248103000780873, 11.59455537213066 ], [ 76.245408054928504, 11.594555372130664 ], [ 76.245408054928504, 11.5963520026989 ] ] ], [ [ [ 76.245408054928504, 11.594555372130664 ], [ 76.245408054928504, 11.593657056846544 ], [ 76.244509739644386, 11.593657056846546 ], [ 76.244509739644386, 11.594555372130662 ], [ 76.245408054928504, 11.594555372130664 ] ] ], [ [ [ 76.245408054928504, 11.593657056846544 ], [ 76.246306370212636, 11.593657056846544 ], [ 76.246306370212636, 11.592758741562424 ], [ 76.245408054928504, 11.592758741562424 ], [ 76.245408054928504, 11.593657056846544 ] ] ] ] } },
{ "type": "Feature", "properties": { "hotspot_id": 264, "area_km2": 0.068125342279122439, "mean_risk": 0.3009, "max_risk": 0.3099, "built_area_km2": 0.0247 }, "geometry": { "type": "Polygon", "coordinates": [ [ [ 76.097186033048786, 11.570300859459438 ], [ 76.098084348332904, 11.570300859459438 ], [ 76.098084348332904, 11.567605913607078 ], [ 76.098982663617022, 11.567605913607077 ], [ 76.098982663617022, 11.56670759832296 ], [ 76.098084348332904, 11.56670759832296 ], [ 76.098084348332904, 11.56580928303884 ], [ 76.097186033048786, 11.565809283038838 ], [ 76.097186033048786, 11.568504228891197 ], [ 76.096287717764667, 11.568504228891195 ], [ 76.096287717764667, 11.569402544175317 ], [ 76.097186033048786, 11.569402544175317 ], [ 76.097186033048786, 11.570300859459438 ] ] ] } },
{ "type": "Feature", "properties": { "hotspot_id": 265, "area_km2": 0.068122269975616698, "mean_risk": 0.3072, "max_risk": 0.3186, "built_area_km2": 0.0031 }, "geometry": { "type": "Polygon", "coordinates": [ [ [ 76.358595780727569, 11.636776190484282 ], [ 76.360392411295805, 11.636776190484282 ], [ 76.360392411295805, 11.633182929347806 ], [ 76.359494096011687, 11.633182929347802 ], [ 76.359494096011687, 11.634081244631922 ], [ 76.358595780727569, 11.634081244631922 ], [ 76.358595780727569, 11.636776190484282 ] ] ] } },
{ "type": "Feature", "properties": { "hotspot_id": 266, "area_km2": 0.068120431561590533, "mean_risk": 0.3664, "max_risk": 0.4684, "built_area_km2": 0.0082 }, "geometry": { "type": "Polygon", "coordinates": [ [ [ 76.225645118677875, 11.615216623665413 ], [ 76.227441749246125, 11.615216623665413 ], [ 76.227441749246125, 11.613419993097171 ], [ 76.226543433962007, 11.613419993097175 ], [ 76.226543433962007, 11.612521677813056 ], [ 76.224746803393757, 11.612521677813055 ], [ 76.224746803393757, 11.614318308381296 ], [ 76.225645118677875, 11.614318308381293 ], [ 76.225645118677875, 11.615216623665413 ] ] ] } },
{ "type": "Feature", "properties": { "hotspot_id": 267, "area_km2": 0.068118866656937796, "mean_risk": 0.5551, "max_risk": 0.9116, "built_area_km2": 0.0027 }, "geometry": { "type": "Polygon", "coordinates": [ [ [ 76.175339462767184, 11.611623362528935 ], [ 76.176237778051302, 11.611623362528935 ], [ 76.176237778051302, 11.610725047244816 ], [ 76.17713609333542, 11.610725047244815 ], [ 76.17713609333542, 11.608928416676576 ], [ 76.174441147483066, 11.608928416676575 ], [ 76.174441147483066, 11.610725047244816 ], [ 76.175339462767184, 11.610725047244816 ], [ 76.175339462767184, 11.611623362528935 ] ] ] } },
{ "type": "Feature", "properties": { "hotspot_id": 268, "area_km2": 0.068117689958237276, "mean_risk": 0.3079, "max_risk": 0.3228, "built_area_km2": 0.0386 }, "geometry": { "type": "Polygon", "coordinates": [ [ [ 76.27595077458858, 11.6376745057684 ], [ 76.277747405156816, 11.6376745057684 ], [ 76.277747405156816, 11.634081244631924 ], [ 76.276849089872698, 11.634081244631922 ], [ 76.276849089872698, 11.634979559916044 ], [ 76.27595077458858, 11.634979559916044 ], [ 76.27595077458858, 11.6376745057684 ] ] ] } },
{ "type": "Feature", "properties": { "hotspot_id": 269, "area_km2": 0.068115443124874595, "mean_risk": 0.3703, "max_risk": 0.4962, "built_area_km2": 0.0056 }, "geometry": { "type": "Polygon", "coordinates": [ [ [ 76.138508536118295, 11.618809884801895 ], [ 76.140305166686531, 11.618809884801891 ], [ 76.140305166686531, 11.617911569517773 ], [ 76.142101797254767, 11.617911569517773 ], [ 76.142101797254767, 11.616114938949533 ], [ 76.141203481970649, 11.616114938949533 ], [ 76.141203481970649, 11.617013254233653 ], [ 76.138508536118295, 11.617013254233651 ], [ 76.138508536118295, 11.618809884801895 ] ] ] } },
{ "type": "Feature", "properties": { "hotspot_id": 270, "area_km2": 0.068114872515621927, "mean_risk": 0.3093, "max_risk": 0.3262, "built_area_km2": 0.0022 }, "geometry": { "type": "MultiPolygon", "coordinates": [ [ [ [ 75.983998307249735, 11.593657056846542 ], [ 75.985794937817971, 11.593657056846542 ], [ 75.985794937817971, 11.592758741562424 ], [ 75.983998307249735, 11.592758741562424 ], [ 75.983998307249735, 11.593657056846542 ] ] ], [ [ [ 75.985794937817971, 11.592758741562424 ], [ 75.989388198954444, 11.592758741562426 ], [ 75.989388198954444, 11.591860426278304 ], [ 75.985794937817971, 11.591860426278304 ], [ 75.985794937817971, 11.592758741562424 ] ] ], [ [ [ 75.989388198954444, 11.592758741562426 ], [ 75.989388198954444, 11.593657056846544 ], [ 75.990286514238562, 11.593657056846546 ], [ 75.990286514238562, 11.592758741562427 ], [ 75.989388198954444, 11.592758741562426 ] ] ] ] } },
{ "type": "Feature", "properties": { "hotspot_id": 271, "area_km2": 0.068114829315371286, "mean_risk": 0.3098, "max_risk": 0.3215, "built_area_km2": 0.0421 }, "geometry": { "type": "Polygon", "coordinates": [ [ [ 76.272357513452093, 11.649352604461958 ], [ 76.276849089872698, 11.649352604461955 ], [ 76.276849089872698, 11.648454289177836 ], [ 76.275052459304462, 11.648454289177836 ], [ 76.275052459304462, 11.647555973893716 ], [ 76.273255828736211, 11.647555973893716 ], [ 76.273255828736211, 11.648454289177835 ], [ 76.272357513452093, 11.648454289177836 ], [ 76.272357513452093, 11.649352604461958 ] ] ] } },
{ "type": "Feature", "properties": { "hotspot_id": 272, "area_km2": 0.068113563939283042, "mean_risk": 0.3153, "max_risk": 0.3269, "built_area_km2": 0.0302 }, "geometry": { "type": "Polygon", "coordinates": [ [ [ 76.010049450489191, 11.603538524971858 ], [ 76.011846081057442, 11.60353852497186 ], [ 76.011846081057442, 11.60174189440362 ], [ 76.01274439634156, 11.60174189440362 ], [ 76.01274439634156, 11.6008435791195 ], [ 76.010049450489191, 11.600843579119502 ], [ 76.010049450489191, 11.603538524971858 ] ] ] } },
{ "type": "Feature", "properties": { "hotspot_id": 273, "area_km2": 0.06811241123777266, "mean_risk": 0.3029, "max_risk": 0.3136, "built_area_km2": 0.0384 }, "geometry": { "type": "MultiPolygon", "coordinates": [ [ [ [ 76.263374360610896, 11.656539126734909 ], [ 76.266069306463265, 11.656539126734911 ], [ 76.266069306463265, 11.655640811450791 ], [ 76.266967621747384, 11.655640811450793 ], [ 76.266967621747384, 11.654742496166673 ], [ 76.264272675895015, 11.654742496166671 ], [ 76.264272675895015, 11.655640811450789 ], [ 76.263374360610896, 11.655640811450789 ], [ 76.263374360610896, 11.656539126734909 ] ] ], [ [ [ 76.266967621747384, 11.655640811450793 ], [ 76.266967621747384, 11.656539126734913 ], [ 76.267865937031502, 11.656539126734907 ], [ 76.267865937031502, 11.655640811450791 ], [ 76.266967621747384, 11.655640811450793 ] ] ] ] } },
{ "type": "Feature", "properties": { "hotspot_id": 274, "area_km2": 0.068110699848132061, "mean_risk": 0.3686, "max_risk": 0.5207, "built_area_km2": 0.0143 }, "geometry": { "type": "Polygon", "coordinates": [ [ [ 76.01274439634156, 11.616114938949531 ], [ 76.015439342193915, 11.616114938949533 ], [ 76.015439342193915, 11.614318308381295 ], [ 76.014541026909811, 11.614318308381293 ], [ 76.014541026909811, 11.613419993097171 ], [ 76.013642711625678, 11.613419993097171 ], [ 76.013642711625678, 11.614318308381293 ], [ 76.01274439634156, 11.614318308381293 ], [ 76.01274439634156, 11.616114938949531 ] ] ] } },
{ "type": "Feature", "properties": { "hotspot_id": 275, "area_km2": 0.068105534730405454, "mean_risk": 0.4854, "max_risk": 0.7117, "built_area_km2": 0.0063 }, "geometry": { "type": "Polygon", "coordinates": [ [ [ 76.023524179750993, 11.63947113633664 ], [ 76.025320810319229, 11.63947113633664 ], [ 76.025320810319229, 11.637674505768398 ], [ 76.024422495035111, 11.637674505768402 ], [ 76.024422495035111, 11.636776190484284 ], [ 76.022625864466875, 11.636776190484278 ], [ 76.022625864466875, 11.63857282105252 ], [ 76.023524179750993, 11.638572821052522 ], [ 76.023524179750993, 11.63947113633664 ] ] ] } },
{ "type": "Feature", "properties": { "hotspot_id": 276, "area_km2": 0.068105090269587845, "mean_risk": 0.5791, "max_risk": 1.0, "built_area_km2": 0.0063 }, "geometry": { "type": "Polygon", "coordinates": [ [ [ 76.14569505839124, 11.663725649007866 ], [ 76.148390004243609, 11.663725649007866 ], [ 76.148390004243609, 11.661929018439631 ], [ 76.147491688959477, 11.661929018439631 ], [ 76.147491688959477, 11.661030703155507 ], [ 76.146593373675358, 11.661030703155511 ], [ 76.146593373675358, 11.661929018439631 ], [ 76.14569505839124, 11.661929018439629 ], [ 76.14569505839124, 11.663725649007866 ] ] ] } },
{ "type": "Feature", "properties": { "hotspot_id": 277, "area_km2": 0.06810097853350941, "mean_risk": 0.6169, "max_risk": 0.842, "built_area_km2": 0.0079 }, "geometry": { "type": "Polygon", "coordinates": [ [ [ 76.141203481970649, 11.679895324122013 ], [ 76.143000112538886, 11.679895324122016 ], [ 76.143000112538886, 11.677200378269662 ], [ 76.141203481970649, 11.677200378269662 ], [ 76.141203481970649, 11.678098693553776 ], [ 76.140305166686531, 11.678098693553778 ], [ 76.140305166686531, 11.678997008837898 ], [ 76.141203481970649, 11.678997008837896 ], [ 76.141203481970649, 11.679895324122013 ] ] ] } },
{ "type": "Feature", "properties": { "hotspot_id": 278, "area_km2": 0.068097167492938621, "mean_risk": 0.3062, "max_risk": 0.3197, "built_area_km2": 0.0326 }, "geometry": { "type": "Polygon", "coordinates": [ [ [ 75.975015154408538, 11.666420594860226 ], [ 75.978608415545011, 11.666420594860224 ], [ 75.978608415545011, 11.665522279576104 ], [ 75.977710100260893, 11.665522279576107 ], [ 75.977710100260893, 11.664623964291989 ], [ 75.975015154408538, 11.664623964291987 ], [ 75.975015154408538, 11.666420594860226 ] ] ] } },
{ "type": "Feature", "properties": { "hotspot_id": 279, "area_km2": 0.068095950466048522, "mean_risk": 0.3618, "max_risk": 0.4713, "built_area_km2": 0.01 }, "geometry": { "type": "Polygon", "coordinates": [ [ [ 76.105270870605864, 11.694268368667933 ], [ 76.1070675011741, 11.694268368667933 ], [ 76.1070675011741, 11.693370053383813 ], [ 76.107965816458218, 11.693370053383813 ], [ 76.107965816458218, 11.691573422815573 ], [ 76.106169185889996, 11.691573422815569 ], [ 76.106169185889996, 11.692471738099695 ], [ 76.105270870605864, 11.692471738099695 ], [ 76.105270870605864, 11.694268368667933 ] ] ] } },
{ "type": "Feature", "properties": { "hotspot_id": 280, "area_km2": 0.068095791812070275, "mean_risk": 0.3021, "max_risk": 0.3091, "built_area_km2": 0.0413 }, "geometry": { "type": "Polygon", "coordinates": [ [ [ 76.063050052252251, 11.687081846394975 ], [ 76.064846682820487, 11.687081846394975 ], [ 76.064846682820487, 11.686183531110858 ], [ 76.063948367536383, 11.686183531110858 ], [ 76.063948367536383, 11.685285215826736 ], [ 76.062151736968147, 11.685285215826735 ], [ 76.062151736968147, 11.684386900542616 ], [ 76.061253421684015, 11.684386900542618 ], [ 76.061253421684015, 11.685285215826736 ], [ 76.060355106399882, 11.685285215826736 ], [ 76.060355106399882, 11.686183531110858 ], [ 76.063050052252251, 11.686183531110856 ], [ 76.063050052252251, 11.687081846394975 ] ] ] } },
{ "type": "Feature", "properties": { "hotspot_id": 281, "area_km2": 0.068091325978402034, "mean_risk": 0.419, "max_risk": 0.5559, "built_area_km2": 0.0031 }, "geometry": { "type": "Polygon", "coordinates": [ [ [ 75.980405046113248, 11.691573422815573 ], [ 75.981303361397366, 11.691573422815571 ], [ 75.981303361397366, 11.690675107531451 ], [ 75.982201676681484, 11.690675107531451 ], [ 75.982201676681484, 11.689776792247333 ], [ 75.981303361397366, 11.689776792247335 ], [ 75.981303361397366, 11.688878476963211 ], [ 75.978608415545011, 11.688878476963215 ], [ 75.978608415545011, 11.689776792247333 ], [ 75.979506730829129, 11.689776792247333 ], [ 75.979506730829129, 11.690675107531455 ], [ 75.980405046113248, 11.690675107531449 ], [ 75.980405046113248, 11.691573422815573 ] ] ] } },
{ "type": "Feature", "properties": { "hotspot_id": 282, "area_km2": 0.068088148675686203, "mean_risk": 0.4006, "max_risk": 0.576, "built_area_km2": 0.0058 }, "geometry": { "type": "Polygon", "coordinates": [ [ [ 75.969625262703815, 11.703251521509127 ], [ 75.971421893272051, 11.703251521509126 ], [ 75.971421893272051, 11.702353206225009 ], [ 75.97232020855617, 11.702353206225006 ], [ 75.97232020855617, 11.701454890940884 ], [ 75.971421893272051, 11.701454890940887 ], [ 75.971421893272051, 11.700556575656767 ], [ 75.969625262703815, 11.700556575656764 ], [ 75.969625262703815, 11.703251521509127 ] ] ] } },
{ "type": "Feature", "properties": { "hotspot_id": 283, "area_km2": 0.068085419775415962, "mean_risk": 0.3046, "max_risk": 0.3232, "built_area_km2": 0.033 }, "geometry": { "type": "MultiPolygon", "coordinates": [ [ [ [ 75.982201676681484, 11.716726250770918 ], [ 75.983998307249735, 11.71672625077092 ], [ 75.983998307249735, 11.714929620202682 ], [ 75.983099991965616, 11.714929620202678 ], [ 75.983099991965616, 11.71403130491856 ], [ 75.982201676681484, 11.71403130491856 ], [ 75.982201676681484, 11.71492962020268 ], [ 75.981303361397366, 11.71492962020268 ], [ 75.981303361397366, 11.7158279354868 ], [ 75.982201676681484, 11.715827935486795 ], [ 75.982201676681484, 11.716726250770918 ] ] ], [ [ [ 75.982201676681484, 11.71403130491856 ], [ 75.982201676681484, 11.713132989634442 ], [ 75.981303361397366, 11.713132989634442 ], [ 75.981303361397366, 11.71403130491856 ], [ 75.982201676681484, 11.71403130491856 ] ] ] ] } },
{ "type": "Feature", "properties": { "hotspot_id": 284, "area_km2": 0.068082532071513824, "mean_risk": 0.337, "max_risk": 0.4195, "built_area_km2": 0.0024 }, "geometry": { "type": "Polygon", "coordinates": [ [ [ 76.269662567599738, 11.782303266511644 ], [ 76.270560882883856, 11.782303266511644 ], [ 76.270560882883856, 11.781404951227525 ], [ 76.271459198167975, 11.781404951227525 ], [ 76.271459198167975, 11.779608320659282 ], [ 76.26876425231562, 11.779608320659285 ], [ 76.26876425231562, 11.781404951227524 ], [ 76.269662567599738, 11.781404951227524 ], [ 76.269662567599738, 11.782303266511644 ] ] ] } },
{ "type": "Feature", "properties": { "hotspot_id": 285, "area_km2": 0.06808127441923896, "mean_risk": 0.3043, "max_risk": 0.3146, "built_area_km2": 0.041 }, "geometry": { "type": "Polygon", "coordinates": [ [ [ 75.988489883670326, 11.735590871737427 ], [ 75.992981460090931, 11.735590871737426 ], [ 75.992981460090931, 11.734692556453311 ], [ 75.99118482952268, 11.734692556453311 ], [ 75.99118482952268, 11.733794241169191 ], [ 75.989388198954444, 11.733794241169191 ], [ 75.989388198954444, 11.734692556453309 ], [ 75.988489883670326, 11.734692556453309 ], [ 75.988489883670326, 11.735590871737427 ] ] ] } },
{ "type": "Feature", "properties": { "hotspot_id": 286, "area_km2": 0.068079592279371076, "mean_risk": 0.3061, "max_risk": 0.3248, "built_area_km2": 0.0369 }, "geometry": { "type": "MultiPolygon", "coordinates": [ [ [ [ 75.968726947419697, 11.738285817589787 ], [ 75.970523577987933, 11.738285817589787 ], [ 75.970523577987933, 11.737387502305667 ], [ 75.97232020855617, 11.737387502305666 ], [ 75.97232020855617, 11.736489187021547 ], [ 75.969625262703815, 11.736489187021551 ], [ 75.969625262703815, 11.737387502305666 ], [ 75.968726947419697, 11.737387502305671 ], [ 75.968726947419697, 11.738285817589787 ] ] ], [ [ [ 75.968726947419697, 11.737387502305671 ], [ 75.968726947419697, 11.736489187021551 ], [ 75.96693031685146, 11.736489187021551 ], [ 75.96693031685146, 11.737387502305667 ], [ 75.968726947419697, 11.737387502305671 ] ] ] ] } },
{ "type": "Feature", "properties": { "hotspot_id": 287, "area_km2": 0.068075678840637727, "mean_risk": 0.3036, "max_risk": 0.3076, "built_area_km2": 0.0396 }, "geometry": { "type": "Polygon", "coordinates": [ [ [ 76.059456791115764, 11.770625167818091 ], [ 76.061253421684015, 11.770625167818091 ], [ 76.061253421684015, 11.769726852533969 ], [ 76.062151736968147, 11.769726852533969 ], [ 76.062151736968147, 11.767930221965731 ], [ 76.061253421684015, 11.767930221965733 ], [ 76.061253421684015, 11.767031906681614 ], [ 76.060355106399882, 11.767031906681613 ], [ 76.060355106399882, 11.769726852533971 ], [ 76.059456791115764, 11.769726852533973 ], [ 76.059456791115764, 11.770625167818091 ] ] ] } },
{ "type": "Feature", "properties": { "hotspot_id": 288, "area_km2": 0.06807064193592674, "mean_risk": 0.3012, "max_risk": 0.3105, "built_area_km2": 0.0042 }, "geometry": { "type": "MultiPolygon", "coordinates": [ [ [ [ 75.879793734291866, 11.762540330261013 ], [ 75.880692049575984, 11.762540330261015 ], [ 75.880692049575984, 11.761642014976895 ], [ 75.881590364860102, 11.761642014976896 ], [ 75.881590364860102, 11.760743699692773 ], [ 75.883386995428339, 11.760743699692776 ], [ 75.883386995428339, 11.759845384408658 ], [ 75.880692049575984, 11.759845384408655 ], [ 75.880692049575984, 11.760743699692773 ], [ 75.879793734291866, 11.760743699692776 ], [ 75.879793734291866, 11.762540330261013 ] ] ], [ [ [ 75.880692049575984, 11.759845384408655 ], [ 75.880692049575984, 11.758947069124536 ], [ 75.879793734291866, 11.758947069124538 ], [ 75.879793734291866, 11.759845384408653 ], [ 75.880692049575984, 11.759845384408655 ] ] ] ] } },
{ "type": "Feature", "properties": { "hotspot_id": 289, "area_km2": 0.06807017583851506, "mean_risk": 0.4392, "max_risk": 0.6229, "built_area_km2": 0.0059 }, "geometry": { "type": "Polygon", "coordinates": [ [ [ 76.100779294185273, 11.800269572194034 ], [ 76.102575924753509, 11.800269572194034 ], [ 76.102575924753509, 11.798472941625795 ], [ 76.101677609469391, 11.798472941625793 ], [ 76.101677609469391, 11.797574626341671 ], [ 76.099880978901155, 11.797574626341675 ], [ 76.099880978901155, 11.799371256909915 ], [ 76.100779294185273, 11.799371256909916 ], [ 76.100779294185273, 11.800269572194034 ] ] ] } },
{ "type": "Feature", "properties": { "hotspot_id": 290, "area_km2": 0.068068521522510944, "mean_risk": 0.3197, "max_risk": 0.3587, "built_area_km2": 0.0064 }, "geometry": { "type": "MultiPolygon", "coordinates": [ [ [ [ 75.949862326453186, 11.778710005375164 ], [ 75.949862326453186, 11.779608320659284 ], [ 75.950760641737304, 11.779608320659284 ], [ 75.950760641737304, 11.778710005375164 ], [ 75.949862326453186, 11.778710005375164 ] ] ], [ [ [ 75.949862326453186, 11.778710005375164 ], [ 75.949862326453186, 11.777811690091047 ], [ 75.948964011169068, 11.777811690091044 ], [ 75.948964011169068, 11.778710005375165 ], [ 75.949862326453186, 11.778710005375164 ] ] ], [ [ [ 75.950760641737304, 11.779608320659284 ], [ 75.950760641737304, 11.782303266511647 ], [ 75.951658957021422, 11.782303266511644 ], [ 75.951658957021422, 11.781404951227527 ], [ 75.953455587589673, 11.781404951227525 ], [ 75.953455587589673, 11.780506635943407 ], [ 75.951658957021422, 11.780506635943404 ], [ 75.951658957021422, 11.779608320659284 ], [ 75.950760641737304, 11.779608320659284 ] ] ] ] } },
{ "type": "Feature", "properties": { "hotspot_id": 291, "area_km2": 0.068066567603497996, "mean_risk": 0.3834, "max_risk": 0.5397, "built_area_km2": 0.0044 }, "geometry": { "type": "Polygon", "coordinates": [ [ [ 75.922912867929597, 11.78589652764812 ], [ 75.924709498497847, 11.785896527648118 ], [ 75.924709498497847, 11.784099897079885 ], [ 75.923811183213715, 11.784099897079884 ], [ 75.923811183213715, 11.783201581795764 ], [ 75.924709498497847, 11.783201581795764 ], [ 75.924709498497847, 11.782303266511644 ], [ 75.922912867929597, 11.782303266511644 ], [ 75.922912867929597, 11.78589652764812 ] ] ] } },
{ "type": "Feature", "properties": { "hotspot_id": 292, "area_km2": 0.068062580995295899, "mean_risk": 0.3007, "max_risk": 0.3071, "built_area_km2": 0.0246 }, "geometry": { "type": "Polygon", "coordinates": [ [ [ 76.178932723903671, 11.846981966968247 ], [ 76.179831039187789, 11.846981966968249 ], [ 76.179831039187789, 11.846083651684129 ], [ 76.180729354471907, 11.846083651684133 ], [ 76.180729354471907, 11.843388705831773 ], [ 76.178932723903671, 11.843388705831773 ], [ 76.178932723903671, 11.846981966968247 ] ] ] } },
{ "type": "Feature", "properties": { "hotspot_id": 293, "area_km2": 0.068056281654644502, "mean_risk": 0.308, "max_risk": 0.3251, "built_area_km2": 0.0287 }, "geometry": { "type": "Polygon", "coordinates": [ [ [ 75.969625262703815, 11.836202183558816 ], [ 75.970523577987933, 11.836202183558814 ], [ 75.970523577987933, 11.835303868274698 ], [ 75.971421893272051, 11.835303868274694 ], [ 75.971421893272051, 11.834405552990575 ], [ 75.970523577987933, 11.834405552990576 ], [ 75.970523577987933, 11.833507237706458 ], [ 75.971421893272051, 11.833507237706458 ], [ 75.971421893272051, 11.831710607138218 ], [ 75.970523577987933, 11.831710607138218 ], [ 75.970523577987933, 11.83260892242234 ], [ 75.969625262703815, 11.83260892242234 ], [ 75.969625262703815, 11.836202183558816 ] ] ] } },
{ "type": "Feature", "properties": { "hotspot_id": 294, "area_km2": 0.068056046317226268, "mean_risk": 0.493, "max_risk": 0.6272, "built_area_km2": 0.0032 }, "geometry": { "type": "Polygon", "coordinates": [ [ [ 76.049575322990449, 11.849676912820609 ], [ 76.050473638274568, 11.849676912820611 ], [ 76.050473638274568, 11.848778597536489 ], [ 76.052270268842818, 11.848778597536489 ], [ 76.052270268842818, 11.846981966968249 ], [ 76.049575322990449, 11.846981966968251 ], [ 76.049575322990449, 11.849676912820609 ] ] ] } },
{ "type": "Feature", "properties": { "hotspot_id": 295, "area_km2": 0.068054868020284362, "mean_risk": 0.4294, "max_risk": 0.6753, "built_area_km2": 0.003 }, "geometry": { "type": "Polygon", "coordinates": [ [ [ 75.865420689745946, 11.825422400149382 ], [ 75.868115635598329, 11.825422400149376 ], [ 75.868115635598329, 11.824524084865262 ], [ 75.867217320314197, 11.824524084865262 ], [ 75.867217320314197, 11.82272745429702 ], [ 75.865420689745946, 11.822727454297024 ], [ 75.865420689745946, 11.825422400149382 ] ] ] } },
{ "type": "Feature", "properties": { "hotspot_id": 296, "area_km2": 0.068054625803902952, "mean_risk": 0.3058, "max_risk": 0.3207, "built_area_km2": 0.0351 }, "geometry": { "type": "Polygon", "coordinates": [ [ [ 76.057660160547528, 11.856863435093565 ], [ 76.059456791115764, 11.856863435093565 ], [ 76.059456791115764, 11.855965119809444 ], [ 76.060355106399882, 11.855965119809444 ], [ 76.060355106399882, 11.854168489241207 ], [ 76.05855847583166, 11.854168489241207 ], [ 76.05855847583166, 11.855066804525324 ], [ 76.057660160547528, 11.855066804525324 ], [ 76.057660160547528, 11.856863435093565 ] ] ] } },
{ "type": "Feature", "properties": { "hotspot_id": 297, "area_km2": 0.058400242702470316, "mean_risk": 0.3041, "max_risk": 0.321, "built_area_km2": 0.0068 }, "geometry": { "type": "MultiPolygon", "coordinates": [ [ [ [ 76.306493494248642, 11.577487381732393 ], [ 76.307391809532774, 11.577487381732393 ], [ 76.307391809532774, 11.574792435880035 ], [ 76.306493494248642, 11.574792435880036 ], [ 76.306493494248642, 11.575690751164153 ], [ 76.305595178964523, 11.575690751164155 ], [ 76.305595178964523, 11.576589066448271 ], [ 76.306493494248642, 11.576589066448275 ], [ 76.306493494248642, 11.577487381732393 ] ] ], [ [ [ 76.306493494248642, 11.574792435880036 ], [ 76.306493494248642, 11.573894120595915 ], [ 76.304696863680405, 11.573894120595915 ], [ 76.304696863680405, 11.574792435880035 ], [ 76.306493494248642, 11.574792435880036 ] ] ] ] } },
{ "type": "Feature", "properties": { "hotspot_id": 298, "area_km2": 0.058399380428086886, "mean_risk": 0.299, "max_risk": 0.3076, "built_area_km2": 0.0031 }, "geometry": { "type": "MultiPolygon", "coordinates": [ [ [ [ 76.313680016521587, 11.581080642868869 ], [ 76.313680016521587, 11.581978958152991 ], [ 76.315476647089838, 11.581978958152989 ], [ 76.315476647089838, 11.581080642868869 ], [ 76.313680016521587, 11.581080642868869 ] ] ], [ [ [ 76.313680016521587, 11.581080642868869 ], [ 76.313680016521587, 11.580182327584751 ], [ 76.312781701237469, 11.580182327584755 ], [ 76.312781701237469, 11.581080642868869 ], [ 76.313680016521587, 11.581080642868869 ] ] ], [ [ [ 76.315476647089838, 11.581978958152989 ], [ 76.315476647089838, 11.582877273437113 ], [ 76.318171592942193, 11.582877273437109 ], [ 76.318171592942193, 11.581978958152989 ], [ 76.315476647089838, 11.581978958152989 ] ] ] ] } },
{ "type": "Feature", "properties": { "hotspot_id": 299, "area_km2": 0.058395554542085566, "mean_risk": 0.3051, "max_risk": 0.3173, "built_area_km2": 0.0305 }, "geometry": { "type": "MultiPolygon", "coordinates": [ [ [ [ 76.324459799931034, 11.605335155540097 ], [ 76.325358115215153, 11.605335155540097 ], [ 76.325358115215153, 11.601741894403618 ], [ 76.324459799931034, 11.601741894403618 ], [ 76.324459799931034, 11.605335155540097 ] ] ], [ [ [ 76.325358115215153, 11.601741894403618 ], [ 76.327154745783389, 11.60174189440362 ], [ 76.327154745783389, 11.600843579119502 ], [ 76.325358115215153, 11.600843579119504 ], [ 76.325358115215153, 11.601741894403618 ] ] ] ] } },
{ "type": "Feature", "properties": { "hotspot_id": 300, "area_km2": 0.058394476931115255, "mean_risk": 0.3808, "max_risk": 0.4849, "built_area_km2": 0.0023 }, "geometry": { "type": "Polygon", "coordinates": [ [ [ 76.291222134418604, 11.601741894403618 ], [ 76.293917080270958, 11.60174189440362 ], [ 76.293917080270958, 11.59994526383538 ], [ 76.291222134418604, 11.599945263835384 ], [ 76.291222134418604, 11.601741894403618 ] ] ] } },
{ "type": "Feature", "properties": { "hotspot_id": 301, "area_km2": 0.058394355738717076, "mean_risk": 0.3357, "max_risk": 0.4171, "built_area_km2": 0.0309 }, "geometry": { "type": "MultiPolygon", "coordinates": [ [ [ [ 76.243611424360267, 11.592758741562424 ], [ 76.244509739644386, 11.592758741562424 ], [ 76.244509739644386, 11.591860426278309 ], [ 76.245408054928504, 11.591860426278306 ], [ 76.245408054928504, 11.590962110994186 ], [ 76.243611424360267, 11.590962110994187 ], [ 76.243611424360267, 11.592758741562424 ] ] ], [ [ [ 76.243611424360267, 11.590962110994187 ], [ 76.243611424360267, 11.590063795710067 ], [ 76.242713109076149, 11.590063795710067 ], [ 76.242713109076149, 11.589165480425947 ], [ 76.241814793792031, 11.589165480425946 ], [ 76.241814793792031, 11.590962110994186 ], [ 76.243611424360267, 11.590962110994187 ] ] ] ] } },
{ "type": "Feature", "properties": { "hotspot_id": 302, "area_km2": 0.058394232947309437, "mean_risk": 0.2988, "max_risk": 0.3051, "built_area_km2": 0.0351 }, "geometry": { "type": "Polygon", "coordinates": [ [ [ 76.253492892485582, 11.595453687414784 ], [ 76.255289523053818, 11.595453687414782 ], [ 76.255289523053818, 11.593657056846542 ], [ 76.254391207769714, 11.593657056846544 ], [ 76.254391207769714, 11.591860426278307 ], [ 76.253492892485582, 11.591860426278306 ], [ 76.253492892485582, 11.595453687414784 ] ] ] } },
{ "type": "Feature", "properties": { "hotspot_id": 303, "area_km2": 0.058393378595047771, "mean_risk": 0.2985, "max_risk": 0.3069, "built_area_km2": 0.023 }, "geometry": { "type": "MultiPolygon", "coordinates": [ [ [ [ 76.106169185889996, 11.57030085945944 ], [ 76.1070675011741, 11.570300859459438 ], [ 76.1070675011741, 11.569402544175317 ], [ 76.108864131742337, 11.569402544175315 ], [ 76.108864131742337, 11.568504228891197 ], [ 76.1070675011741, 11.568504228891198 ], [ 76.1070675011741, 11.56760591360708 ], [ 76.106169185889996, 11.567605913607077 ], [ 76.106169185889996, 11.57030085945944 ] ] ], [ [ [ 76.108864131742337, 11.568504228891197 ], [ 76.109762447026469, 11.568504228891198 ], [ 76.109762447026469, 11.567605913607077 ], [ 76.108864131742337, 11.567605913607077 ], [ 76.108864131742337, 11.568504228891197 ] ] ] ] } },
{ "type": "Feature", "properties": { "hotspot_id": 304, "area_km2": 0.058392750846944029, "mean_risk": 0.3067, "max_risk": 0.3164, "built_area_km2": 0.0323 }, "geometry": { "type": "Polygon", "coordinates": [ [ [ 76.125033806856493, 11.576589066448271 ], [ 76.126830437424729, 11.576589066448273 ], [ 76.126830437424729, 11.575690751164155 ], [ 76.127728752708848, 11.575690751164151 ], [ 76.127728752708848, 11.574792435880033 ], [ 76.125932122140611, 11.574792435880035 ], [ 76.125932122140611, 11.573894120595915 ], [ 76.125033806856493, 11.573894120595915 ], [ 76.125033806856493, 11.576589066448271 ] ] ] } },
{ "type": "Feature", "properties": { "hotspot_id": 305, "area_km2": 0.05839021592052341, "mean_risk": 0.3028, "max_risk": 0.3196, "built_area_km2": 0.0023 }, "geometry": { "type": "Polygon", "coordinates": [ [ [ 76.018134288046269, 11.57030085945944 ], [ 76.019032603330388, 11.570300859459438 ], [ 76.019032603330388, 11.569402544175318 ], [ 76.019930918614506, 11.569402544175318 ], [ 76.019930918614506, 11.568504228891198 ], [ 76.020829233898624, 11.568504228891197 ], [ 76.020829233898624, 11.566707598322964 ], [ 76.019930918614506, 11.566707598322962 ], [ 76.019930918614506, 11.567605913607077 ], [ 76.019032603330388, 11.567605913607078 ], [ 76.019032603330388, 11.5685042288912 ], [ 76.018134288046269, 11.568504228891197 ], [ 76.018134288046269, 11.57030085945944 ] ] ] } },
{ "type": "Feature", "properties": { "hotspot_id": 306, "area_km2": 0.058389958921593446, "mean_risk": 0.3008, "max_risk": 0.3118, "built_area_km2": 0.0365 }, "geometry": { "type": "Polygon", "coordinates": [ [ [ 76.207678812995496, 11.607131786108338 ], [ 76.209475443563733, 11.607131786108337 ], [ 76.209475443563733, 11.605335155540097 ], [ 76.210373758847865, 11.605335155540098 ], [ 76.210373758847865, 11.603538524971862 ], [ 76.209475443563733, 11.60353852497186 ], [ 76.209475443563733, 11.604436840255977 ], [ 76.208577128279614, 11.604436840255978 ], [ 76.208577128279614, 11.606233470824217 ], [ 76.207678812995496, 11.606233470824217 ], [ 76.207678812995496, 11.607131786108338 ] ] ] } },
{ "type": "Feature", "properties": { "hotspot_id": 307, "area_km2": 0.05838864060990305, "mean_risk": 0.3036, "max_risk": 0.3104, "built_area_km2": 0.033 }, "geometry": { "type": "MultiPolygon", "coordinates": [ [ [ [ 76.047778692422213, 11.583775588721231 ], [ 76.048677007706331, 11.583775588721229 ], [ 76.048677007706331, 11.581978958152989 ], [ 76.047778692422213, 11.581978958152991 ], [ 76.047778692422213, 11.583775588721231 ] ] ], [ [ [ 76.048677007706331, 11.581978958152989 ], [ 76.049575322990449, 11.581978958152989 ], [ 76.049575322990449, 11.581080642868868 ], [ 76.048677007706331, 11.581080642868871 ], [ 76.048677007706331, 11.581978958152989 ] ] ], [ [ [ 76.049575322990449, 11.581080642868868 ], [ 76.052270268842818, 11.581080642868869 ], [ 76.052270268842818, 11.580182327584756 ], [ 76.049575322990449, 11.580182327584753 ], [ 76.049575322990449, 11.581080642868868 ] ] ] ] } },
{ "type": "Feature", "properties": { "hotspot_id": 308, "area_km2": 0.058387137378875374, "mean_risk": 0.4166, "max_risk": 0.5426, "built_area_km2": 0.002 }, "geometry": { "type": "Polygon", "coordinates": [ [ [ 76.234628271519071, 11.625996407074846 ], [ 76.236424902087322, 11.625996407074846 ], [ 76.236424902087322, 11.623301461222489 ], [ 76.234628271519071, 11.623301461222491 ], [ 76.234628271519071, 11.625996407074846 ] ] ] } },
{ "type": "Feature", "properties": { "hotspot_id": 309, "area_km2": 0.05838674734833503, "mean_risk": 0.6255, "max_risk": 0.942, "built_area_km2": 0.0075 }, "geometry": { "type": "Polygon", "coordinates": [ [ [ 76.16006810293716, 11.612521677813051 ], [ 76.162763048789515, 11.612521677813053 ], [ 76.162763048789515, 11.610725047244816 ], [ 76.16006810293716, 11.610725047244815 ], [ 76.16006810293716, 11.612521677813051 ] ] ] } },
{ "type": "Feature", "properties": { "hotspot_id": 310, "area_km2": 0.058381398720417421, "mean_risk": 0.3173, "max_risk": 0.3831, "built_area_km2": 0.0187 }, "geometry": { "type": "MultiPolygon", "coordinates": [ [ [ [ 76.040592170149253, 11.617013254233653 ], [ 76.042388800717504, 11.617013254233655 ], [ 76.042388800717504, 11.615216623665413 ], [ 76.040592170149253, 11.615216623665411 ], [ 76.040592170149253, 11.617013254233653 ] ] ], [ [ [ 76.040592170149253, 11.615216623665411 ], [ 76.040592170149253, 11.613419993097169 ], [ 76.039693854865135, 11.613419993097175 ], [ 76.039693854865135, 11.615216623665413 ], [ 76.040592170149253, 11.615216623665411 ] ] ] ] } },
{ "type": "Feature", "properties": { "hotspot_id": 311, "area_km2": 0.05838094034089205, "mean_risk": 0.4784, "max_risk": 0.736, "built_area_km2": 0.0058 }, "geometry": { "type": "Polygon", "coordinates": [ [ [ 76.164559679357751, 11.642166082188997 ], [ 76.166356309925987, 11.642166082188998 ], [ 76.166356309925987, 11.639471136336638 ], [ 76.164559679357751, 11.63947113633664 ], [ 76.164559679357751, 11.642166082188997 ] ] ] } },
{ "type": "Feature", "properties": { "hotspot_id": 312, "area_km2": 0.058379608634908466, "mean_risk": 0.3096, "max_risk": 0.3151, "built_area_km2": 0.0018 }, "geometry": { "type": "MultiPolygon", "coordinates": [ [ [ [ 75.979506730829129, 11.613419993097173 ], [ 75.979506730829129, 11.614318308381293 ], [ 75.981303361397366, 11.614318308381295 ], [ 75.981303361397366, 11.615216623665413 ], [ 75.982201676681484, 11.615216623665413 ], [ 75.982201676681484, 11.613419993097175 ], [ 75.979506730829129, 11.613419993097173 ] ] ], [ [ [ 75.979506730829129, 11.613419993097173 ], [ 75.979506730829129, 11.612521677813051 ], [ 75.977710100260893, 11.612521677813053 ], [ 75.977710100260893, 11.613419993097171 ], [ 75.979506730829129, 11.613419993097173 ] ] ] ] } },
{ "type": "Feature", "properties": { "hotspot_id": 313, "area_km2": 0.058379112692435037, "mean_risk": 0.299, "max_risk": 0.3025, "built_area_km2": 0.033 }, "geometry": { "type": "MultiPolygon", "coordinates": [ [ [ [ 76.08999951077584, 11.634081244631924 ], [ 76.08999951077584, 11.63587787520016 ], [ 76.090897826059958, 11.635877875200162 ], [ 76.090897826059958, 11.634081244631922 ], [ 76.08999951077584, 11.634081244631924 ] ] ], [ [ [ 76.08999951077584, 11.634081244631924 ], [ 76.08999951077584, 11.633182929347802 ], [ 76.089101195491708, 11.633182929347802 ], [ 76.089101195491708, 11.634081244631924 ], [ 76.08999951077584, 11.634081244631924 ] ] ], [ [ [ 76.090897826059958, 11.635877875200162 ], [ 76.090897826059958, 11.636776190484278 ], [ 76.091796141344076, 11.636776190484282 ], [ 76.091796141344076, 11.637674505768402 ], [ 76.092694456628195, 11.637674505768404 ], [ 76.092694456628195, 11.635877875200164 ], [ 76.090897826059958, 11.635877875200162 ] ] ] ] } },
{ "type": "Feature", "properties": { "hotspot_id": 314, "area_km2": 0.058378164918772096, "mean_risk": 0.3026, "max_risk": 0.3072, "built_area_km2": 0.0381 }, "geometry": { "type": "MultiPolygon", "coordinates": [ [ [ [ 76.081914673218762, 11.6376745057684 ], [ 76.081914673218762, 11.639471136336638 ], [ 76.08281298850288, 11.639471136336638 ], [ 76.08281298850288, 11.640369451620758 ], [ 76.083711303786998, 11.64036945162076 ], [ 76.083711303786998, 11.639471136336642 ], [ 76.084609619071117, 11.639471136336638 ], [ 76.084609619071117, 11.63857282105252 ], [ 76.08281298850288, 11.638572821052518 ], [ 76.08281298850288, 11.637674505768398 ], [ 76.081914673218762, 11.6376745057684 ] ] ], [ [ [ 76.081914673218762, 11.6376745057684 ], [ 76.081914673218762, 11.636776190484282 ], [ 76.081016357934644, 11.636776190484282 ], [ 76.081016357934644, 11.6376745057684 ], [ 76.081914673218762, 11.6376745057684 ] ] ] ] } },
{ "type": "Feature", "properties": { "hotspot_id": 315, "area_km2": 0.058376884351783655, "mean_risk": 0.4421, "max_risk": 0.574, "built_area_km2": 0.0059 }, "geometry": { "type": "Polygon", "coordinates": [ [ [ 76.151084950095964, 11.659234072587269 ], [ 76.1528815806642, 11.659234072587273 ], [ 76.1528815806642, 11.658335757303149 ], [ 76.151983265380082, 11.658335757303149 ], [ 76.151983265380082, 11.656539126734913 ], [ 76.150186634811845, 11.656539126734911 ], [ 76.150186634811845, 11.658335757303149 ], [ 76.151084950095964, 11.658335757303149 ], [ 76.151084950095964, 11.659234072587269 ] ] ] } },
{ "type": "Feature", "properties": { "hotspot_id": 316, "area_km2": 0.05837603112945107, "mean_risk": 0.4813, "max_risk": 0.833, "built_area_km2": 0.0028 }, "geometry": { "type": "Polygon", "coordinates": [ [ [ 76.08999951077584, 11.652047550314316 ], [ 76.090897826059958, 11.652047550314315 ], [ 76.090897826059958, 11.651149235030195 ], [ 76.091796141344076, 11.651149235030191 ], [ 76.091796141344076, 11.649352604461955 ], [ 76.08999951077584, 11.649352604461956 ], [ 76.08999951077584, 11.650250919746073 ], [ 76.089101195491708, 11.650250919746073 ], [ 76.089101195491708, 11.651149235030191 ], [ 76.08999951077584, 11.651149235030193 ], [ 76.08999951077584, 11.652047550314316 ] ] ] } },
{ "type": "Feature", "properties": { "hotspot_id": 317, "area_km2": 0.058375559972033149, "mean_risk": 0.3, "max_risk": 0.3124, "built_area_km2": 0.0341 }, "geometry": { "type": "Polygon", "coordinates": [ [ [ 76.26157773004266, 11.687980161679091 ], [ 76.262476045326778, 11.687980161679093 ], [ 76.262476045326778, 11.686183531110858 ], [ 76.26157773004266, 11.686183531110856 ], [ 76.26157773004266, 11.685285215826736 ], [ 76.259781099474438, 11.685285215826736 ], [ 76.259781099474438, 11.687081846394973 ], [ 76.26157773004266, 11.687081846394973 ], [ 76.26157773004266, 11.687980161679091 ] ] ] } },
{ "type": "Feature", "properties": { "hotspot_id": 318, "area_km2": 0.058374818923310097, "mean_risk": 0.4029, "max_risk": 0.5752, "built_area_km2": 0.0063 }, "geometry": { "type": "Polygon", "coordinates": [ [ [ 76.214865335268442, 11.681691954690256 ], [ 76.217560281120811, 11.681691954690258 ], [ 76.217560281120811, 11.679895324122018 ], [ 76.214865335268442, 11.679895324122013 ], [ 76.214865335268442, 11.681691954690256 ] ] ] } },
{ "type": "Feature", "properties": { "hotspot_id": 319, "area_km2": 0.058371943286708299, "mean_risk": 0.2988, "max_risk": 0.3049, "built_area_km2": 0.0314 }, "geometry": { "type": "MultiPolygon", "coordinates": [ [ [ [ 76.126830437424729, 11.6789970088379 ], [ 76.128627067992966, 11.678997008837898 ], [ 76.128627067992966, 11.67809869355378 ], [ 76.126830437424729, 11.67809869355378 ], [ 76.126830437424729, 11.6789970088379 ] ] ], [ [ [ 76.128627067992966, 11.67809869355378 ], [ 76.129525383277098, 11.678098693553778 ], [ 76.129525383277098, 11.67720037826966 ], [ 76.131322013845335, 11.677200378269658 ], [ 76.131322013845335, 11.67630206298554 ], [ 76.128627067992966, 11.676302062985538 ], [ 76.128627067992966, 11.67809869355378 ] ] ] ] } },
{ "type": "Feature", "properties": { "hotspot_id": 320, "area_km2": 0.058371490967168226, "mean_risk": 0.472, "max_risk": 0.7517, "built_area_km2": 0.0025 }, "geometry": { "type": "Polygon", "coordinates": [ [ [ 76.154678211232437, 11.686183531110856 ], [ 76.156474841800673, 11.686183531110856 ], [ 76.156474841800673, 11.684386900542618 ], [ 76.155576526516569, 11.684386900542616 ], [ 76.155576526516569, 11.683488585258498 ], [ 76.154678211232437, 11.683488585258496 ], [ 76.154678211232437, 11.684386900542616 ], [ 76.153779895948318, 11.684386900542616 ], [ 76.153779895948318, 11.685285215826738 ], [ 76.154678211232437, 11.685285215826738 ], [ 76.154678211232437, 11.686183531110856 ] ] ] } },
{ "type": "Feature", "properties": { "hotspot_id": 321, "area_km2": 0.058369715713555384, "mean_risk": 0.6876, "max_risk": 0.8759, "built_area_km2": 0.0044 }, "geometry": { "type": "Polygon", "coordinates": [ [ [ 76.035202278444544, 11.672708801849064 ], [ 76.037897224296898, 11.672708801849064 ], [ 76.037897224296898, 11.670912171280825 ], [ 76.035202278444544, 11.670912171280822 ], [ 76.035202278444544, 11.672708801849064 ] ] ] } },
{ "type": "Feature", "properties": { "hotspot_id": 322, "area_km2": 0.058362145786047995, "mean_risk": 0.354, "max_risk": 0.4825, "built_area_km2": 0.0093 }, "geometry": { "type": "Polygon", "coordinates": [ [ [ 76.01274439634156, 11.705946467361482 ], [ 76.014541026909811, 11.705946467361484 ], [ 76.014541026909811, 11.704149836793244 ], [ 76.013642711625678, 11.704149836793244 ], [ 76.013642711625678, 11.703251521509122 ], [ 76.01274439634156, 11.703251521509127 ], [ 76.01274439634156, 11.704149836793245 ], [ 76.011846081057442, 11.704149836793244 ], [ 76.011846081057442, 11.705048152077362 ], [ 76.01274439634156, 11.705048152077367 ], [ 76.01274439634156, 11.705946467361482 ] ] ] } },
{ "type": "Feature", "properties": { "hotspot_id": 323, "area_km2": 0.058362001863013609, "mean_risk": 0.4079, "max_risk": 0.6292, "built_area_km2": 0.0029 }, "geometry": { "type": "Polygon", "coordinates": [ [ [ 76.115152338731178, 11.724811088327993 ], [ 76.116948969299415, 11.724811088327996 ], [ 76.116948969299415, 11.723014457759755 ], [ 76.116050654015297, 11.723014457759758 ], [ 76.116050654015297, 11.722116142475638 ], [ 76.115152338731178, 11.722116142475638 ], [ 76.115152338731178, 11.723014457759756 ], [ 76.11425402344706, 11.723014457759758 ], [ 76.11425402344706, 11.723912773043875 ], [ 76.115152338731178, 11.723912773043873 ], [ 76.115152338731178, 11.724811088327993 ] ] ] } },
{ "type": "Feature", "properties": { "hotspot_id": 324, "area_km2": 0.058361106560517954, "mean_risk": 0.3556, "max_risk": 0.4658, "built_area_km2": 0.0024 }, "geometry": { "type": "Polygon", "coordinates": [ [ [ 76.085507934355235, 11.723912773043876 ], [ 76.087304564923471, 11.723912773043875 ], [ 76.087304564923471, 11.722116142475638 ], [ 76.088202880207589, 11.722116142475638 ], [ 76.088202880207589, 11.721217827191515 ], [ 76.086406249639353, 11.721217827191516 ], [ 76.086406249639353, 11.722116142475638 ], [ 76.085507934355235, 11.722116142475638 ], [ 76.085507934355235, 11.723912773043876 ] ] ] } },
{ "type": "Feature", "properties": { "hotspot_id": 325, "area_km2": 0.058360509468280287, "mean_risk": 0.3022, "max_risk": 0.3216, "built_area_km2": 0.0022 }, "geometry": { "type": "MultiPolygon", "coordinates": [ [ [ [ 76.217560281120811, 11.751760546851576 ], [ 76.218458596404929, 11.751760546851576 ], [ 76.218458596404929, 11.750862231567462 ], [ 76.217560281120811, 11.750862231567462 ], [ 76.217560281120811, 11.751760546851576 ] ] ], [ [ [ 76.217560281120811, 11.750862231567462 ], [ 76.217560281120811, 11.749065600999224 ], [ 76.214865335268442, 11.74906560099922 ], [ 76.214865335268442, 11.74996391628334 ], [ 76.21576365055256, 11.749963916283342 ], [ 76.21576365055256, 11.750862231567462 ], [ 76.217560281120811, 11.750862231567462 ] ] ] ] } },
{ "type": "Feature", "properties": { "hotspot_id": 326, "area_km2": 0.058358820282702985, "mean_risk": 0.5624, "max_risk": 0.8526, "built_area_km2": 0.0026 }, "geometry": { "type": "Polygon", "coordinates": [ [ [ 76.028015756171584, 11.724811088327991 ], [ 76.02981238673982, 11.724811088327993 ], [ 76.02981238673982, 11.723912773043875 ], [ 76.030710702023939, 11.723912773043875 ], [ 76.030710702023939, 11.723014457759758 ], [ 76.02981238673982, 11.723014457759758 ], [ 76.02981238673982, 11.722116142475638 ], [ 76.028914071455702, 11.722116142475636 ], [ 76.028914071455702, 11.723014457759755 ], [ 76.028015756171584, 11.723014457759755 ], [ 76.028015756171584, 11.724811088327991 ] ] ] } },
{ "type": "Feature", "properties": { "hotspot_id": 327, "area_km2": 0.058358063835800021, "mean_risk": 0.3009, "max_risk": 0.312, "built_area_km2": 0.0316 }, "geometry": { "type": "Polygon", "coordinates": [ [ [ 75.984896622533853, 11.721217827191516 ], [ 75.986693253102089, 11.721217827191516 ], [ 75.986693253102089, 11.719421196623276 ], [ 75.985794937817971, 11.719421196623278 ], [ 75.985794937817971, 11.71852288133916 ], [ 75.983998307249735, 11.718522881339155 ], [ 75.983998307249735, 11.719421196623276 ], [ 75.984896622533853, 11.719421196623278 ], [ 75.984896622533853, 11.721217827191516 ] ] ] } },
{ "type": "Feature", "properties": { "hotspot_id": 328, "area_km2": 0.058356466722943381, "mean_risk": 0.2963, "max_risk": 0.2996, "built_area_km2": 0.0135 }, "geometry": { "type": "MultiPolygon", "coordinates": [ [ [ [ 75.955252218157909, 11.724811088327995 ], [ 75.956150533442027, 11.724811088327995 ], [ 75.956150533442027, 11.723912773043875 ], [ 75.955252218157909, 11.723912773043876 ], [ 75.955252218157909, 11.724811088327995 ] ] ], [ [ [ 75.955252218157909, 11.723912773043876 ], [ 75.955252218157909, 11.723014457759756 ], [ 75.956150533442027, 11.723014457759758 ], [ 75.956150533442027, 11.722116142475638 ], [ 75.957048848726146, 11.722116142475638 ], [ 75.957048848726146, 11.721217827191516 ], [ 75.955252218157909, 11.721217827191516 ], [ 75.955252218157909, 11.722116142475636 ], [ 75.954353902873791, 11.722116142475636 ], [ 75.954353902873791, 11.723912773043873 ], [ 75.955252218157909, 11.723912773043876 ] ] ] ] } },
{ "type": "Feature", "properties": { "hotspot_id": 329, "area_km2": 0.058355740675180533, "mean_risk": 0.3937, "max_risk": 0.586, "built_area_km2": 0.0077 }, "geometry": { "type": "Polygon", "coordinates": [ [ [ 76.009151135205087, 11.736489187021547 ], [ 76.010049450489191, 11.736489187021547 ], [ 76.010049450489191, 11.734692556453311 ], [ 76.009151135205087, 11.734692556453311 ], [ 76.009151135205087, 11.733794241169191 ], [ 76.007354504636837, 11.733794241169191 ], [ 76.007354504636837, 11.735590871737426 ], [ 76.009151135205087, 11.735590871737427 ], [ 76.009151135205087, 11.736489187021547 ] ] ] } },
{ "type": "Feature", "properties": { "hotspot_id": 330, "area_km2": 0.058353339162860299, "mean_risk": 0.3016, "max_risk": 0.3228, "built_area_km2": 0.0117 }, "geometry": { "type": "MultiPolygon", "coordinates": [ [ [ [ 75.88248868014422, 11.728404349464471 ], [ 75.884285310712457, 11.728404349464475 ], [ 75.884285310712457, 11.726607718896238 ], [ 75.883386995428339, 11.726607718896236 ], [ 75.883386995428339, 11.727506034180355 ], [ 75.88248868014422, 11.727506034180353 ], [ 75.88248868014422, 11.728404349464471 ] ] ], [ [ [ 75.884285310712457, 11.726607718896238 ], [ 75.885183625996589, 11.726607718896236 ], [ 75.885183625996589, 11.727506034180356 ], [ 75.886081941280707, 11.727506034180353 ], [ 75.886081941280707, 11.725709403612115 ], [ 75.884285310712457, 11.725709403612113 ], [ 75.884285310712457, 11.726607718896238 ] ] ] ] } },
{ "type": "Feature", "properties": { "hotspot_id": 331, "area_km2": 0.058349551371571037, "mean_risk": 0.3048, "max_risk": 0.3094, "built_area_km2": 0.0332 }, "geometry": { "type": "MultiPolygon", "coordinates": [ [ [ [ 76.192407453165458, 11.800269572194033 ], [ 76.193305768449576, 11.800269572194034 ], [ 76.193305768449576, 11.799371256909916 ], [ 76.192407453165458, 11.799371256909915 ], [ 76.192407453165458, 11.800269572194033 ] ] ], [ [ [ 76.192407453165458, 11.799371256909915 ], [ 76.192407453165458, 11.797574626341676 ], [ 76.19150913788134, 11.797574626341676 ], [ 76.19150913788134, 11.796676311057553 ], [ 76.190610822597222, 11.796676311057556 ], [ 76.190610822597222, 11.797574626341676 ], [ 76.189712507313104, 11.797574626341676 ], [ 76.189712507313104, 11.798472941625796 ], [ 76.19150913788134, 11.798472941625796 ], [ 76.19150913788134, 11.799371256909918 ], [ 76.192407453165458, 11.799371256909915 ] ] ] ] } },
{ "type": "Feature", "properties": { "hotspot_id": 332, "area_km2": 0.05834821736500926, "mean_risk": 0.3061, "max_risk": 0.3139, "built_area_km2": 0.0234 }, "geometry": { "type": "Polygon", "coordinates": [ [ [ 75.857335852188882, 11.749065600999222 ], [ 75.860030798041237, 11.749065600999222 ], [ 75.860030798041237, 11.747268970430984 ], [ 75.857335852188882, 11.747268970430984 ], [ 75.857335852188882, 11.749065600999222 ] ] ] } },
{ "type": "Feature", "properties": { "hotspot_id": 333, "area_km2": 0.05834780902807199, "mean_risk": 0.3323, "max_risk": 0.3502, "built_area_km2": 0.0085 }, "geometry": { "type": "Polygon", "coordinates": [ [ [ 76.126830437424729, 11.795777995773438 ], [ 76.128627067992966, 11.795777995773438 ], [ 76.128627067992966, 11.793083049921076 ], [ 76.126830437424729, 11.793083049921076 ], [ 76.126830437424729, 11.795777995773438 ] ] ] } },
{ "type": "Feature", "properties": { "hotspot_id": 334, "area_km2": 0.058347558191135011, "mean_risk": 0.2989, "max_risk": 0.3085, "built_area_km2": 0.0252 }, "geometry": { "type": "Polygon", "coordinates": [ [ [ 76.195102399017813, 11.810151040319349 ], [ 76.197797344870182, 11.810151040319345 ], [ 76.197797344870182, 11.809252725035233 ], [ 76.196899029586064, 11.809252725035231 ], [ 76.196899029586064, 11.808354409751111 ], [ 76.196000714301931, 11.808354409751111 ], [ 76.196000714301931, 11.807456094466991 ], [ 76.195102399017813, 11.807456094466991 ], [ 76.195102399017813, 11.810151040319349 ] ] ] } },
{ "type": "Feature", "properties": { "hotspot_id": 335, "area_km2": 0.058347191810139226, "mean_risk": 0.301, "max_risk": 0.3062, "built_area_km2": 0.0191 }, "geometry": { "type": "MultiPolygon", "coordinates": [ [ [ [ 75.878895419007748, 11.757150438556298 ], [ 75.880692049575984, 11.757150438556296 ], [ 75.880692049575984, 11.755353807988056 ], [ 75.877997103723629, 11.755353807988055 ], [ 75.877997103723629, 11.756252123272176 ], [ 75.878895419007748, 11.756252123272176 ], [ 75.878895419007748, 11.757150438556298 ] ] ], [ [ [ 75.880692049575984, 11.755353807988056 ], [ 75.881590364860102, 11.755353807988055 ], [ 75.881590364860102, 11.75445549270394 ], [ 75.880692049575984, 11.75445549270394 ], [ 75.880692049575984, 11.755353807988056 ] ] ] ] } },
{ "type": "Feature", "properties": { "hotspot_id": 336, "area_km2": 0.058346500139838206, "mean_risk": 0.3323, "max_risk": 0.404, "built_area_km2": 0.0031 }, "geometry": { "type": "Polygon", "coordinates": [ [ [ 76.119643915151784, 11.800269572194036 ], [ 76.12144054572002, 11.800269572194033 ], [ 76.12144054572002, 11.799371256909916 ], [ 76.122338861004138, 11.799371256909915 ], [ 76.122338861004138, 11.800269572194034 ], [ 76.123237176288256, 11.800269572194036 ], [ 76.123237176288256, 11.798472941625795 ], [ 76.120542230435902, 11.798472941625795 ], [ 76.120542230435902, 11.799371256909915 ], [ 76.119643915151784, 11.799371256909918 ], [ 76.119643915151784, 11.800269572194036 ] ] ] } },
{ "type": "Feature", "properties": { "hotspot_id": 337, "area_km2": 0.058346013209307698, "mean_risk": 0.2972, "max_risk": 0.3113, "built_area_km2": 0.0312 }, "geometry": { "type": "MultiPolygon", "coordinates": [ [ [ [ 76.0513719535587, 11.79038810406872 ], [ 76.054066899411055, 11.79038810406872 ], [ 76.054066899411055, 11.7894897887846 ], [ 76.0513719535587, 11.789489788784602 ], [ 76.0513719535587, 11.79038810406872 ] ] ], [ [ [ 76.0513719535587, 11.789489788784602 ], [ 76.0513719535587, 11.788591473500482 ], [ 76.049575322990449, 11.788591473500482 ], [ 76.049575322990449, 11.7894897887846 ], [ 76.0513719535587, 11.789489788784602 ] ] ], [ [ [ 76.054066899411055, 11.7894897887846 ], [ 76.054965214695173, 11.7894897887846 ], [ 76.054965214695173, 11.788591473500482 ], [ 76.054066899411055, 11.788591473500482 ], [ 76.054066899411055, 11.7894897887846 ] ] ] ] } },
{ "type": "Feature", "properties": { "hotspot_id": 338, "area_km2": 0.058345806360849177, "mean_risk": 0.3406, "max_risk": 0.4404, "built_area_km2": 0.0064 }, "geometry": { "type": "Polygon", "coordinates": [ [ [ 75.842064492358844, 11.758947069124538 ], [ 75.842962807642962, 11.758947069124536 ], [ 75.842962807642962, 11.758048753840416 ], [ 75.844759438211199, 11.758048753840416 ], [ 75.844759438211199, 11.757150438556298 ], [ 75.842962807642962, 11.757150438556296 ], [ 75.842962807642962, 11.756252123272176 ], [ 75.842064492358844, 11.756252123272178 ], [ 75.842064492358844, 11.757150438556296 ], [ 75.841166177074726, 11.7571504385563 ], [ 75.841166177074726, 11.758048753840416 ], [ 75.842064492358844, 11.758048753840418 ], [ 75.842064492358844, 11.758947069124538 ] ] ] } },
{ "type": "Feature", "properties": { "hotspot_id": 339, "area_km2": 0.058345134118910763, "mean_risk": 0.4485, "max_risk": 0.647, "built_area_km2": 0.0046 }, "geometry": { "type": "Polygon", "coordinates": [ [ [ 75.936387597191398, 11.776015059522805 ], [ 75.938184227759635, 11.776015059522807 ], [ 75.938184227759635, 11.774218428954569 ], [ 75.937285912475517, 11.774218428954571 ], [ 75.937285912475517, 11.773320113670449 ], [ 75.936387597191398, 11.773320113670447 ], [ 75.936387597191398, 11.774218428954567 ], [ 75.93548928190728, 11.774218428954567 ], [ 75.93548928190728, 11.775116744238687 ], [ 75.936387597191398, 11.775116744238691 ], [ 75.936387597191398, 11.776015059522805 ] ] ] } },
{ "type": "Feature", "properties": { "hotspot_id": 340, "area_km2": 0.058344348759266633, "mean_risk": 0.3039, "max_risk": 0.3258, "built_area_km2": 0.0284 }, "geometry": { "type": "Polygon", "coordinates": [ [ [ 76.161864733505396, 11.819134193160544 ], [ 76.163661364073633, 11.819134193160547 ], [ 76.163661364073633, 11.817337562592305 ], [ 76.164559679357751, 11.817337562592304 ], [ 76.164559679357751, 11.816439247308185 ], [ 76.162763048789515, 11.816439247308189 ], [ 76.162763048789515, 11.817337562592305 ], [ 76.161864733505396, 11.817337562592302 ], [ 76.161864733505396, 11.819134193160544 ] ] ] } },
{ "type": "Feature", "properties": { "hotspot_id": 341, "area_km2": 0.058338785970283004, "mean_risk": 0.2987, "max_risk": 0.3037, "built_area_km2": 0.0281 }, "geometry": { "type": "MultiPolygon", "coordinates": [ [ [ [ 75.99118482952268, 11.815540932024065 ], [ 75.992083144806799, 11.815540932024067 ], [ 75.992083144806799, 11.814642616739947 ], [ 75.99118482952268, 11.814642616739947 ], [ 75.99118482952268, 11.815540932024065 ] ] ], [ [ [ 75.992083144806799, 11.814642616739947 ], [ 75.992981460090931, 11.814642616739945 ], [ 75.992981460090931, 11.815540932024065 ], [ 75.993879775375049, 11.815540932024067 ], [ 75.993879775375049, 11.812845986171709 ], [ 75.992083144806799, 11.812845986171707 ], [ 75.992083144806799, 11.814642616739947 ] ] ] ] } },
{ "type": "Feature", "properties": { "hotspot_id": 342, "area_km2": 0.058337962780247457, "mean_risk": 0.2989, "max_risk": 0.3074, "built_area_km2": 0.0135 }, "geometry": { "type": "Polygon", "coordinates": [ [ [ 76.185220930892498, 11.854168489241205 ], [ 76.187017561460735, 11.854168489241205 ], [ 76.187017561460735, 11.853270173957085 ], [ 76.186119246176617, 11.853270173957084 ], [ 76.186119246176617, 11.851473543388845 ], [ 76.18432261560838, 11.851473543388849 ], [ 76.18432261560838, 11.853270173957084 ], [ 76.185220930892498, 11.853270173957085 ], [ 76.185220930892498, 11.854168489241205 ] ] ] } },
{ "type": "Feature", "properties": { "hotspot_id": 343, "area_km2": 0.058337898612063434, "mean_risk": 0.3064, "max_risk": 0.3193, "built_area_km2": 0.0352 }, "geometry": { "type": "Polygon", "coordinates": [ [ [ 75.983998307249735, 11.818235877876425 ], [ 75.986693253102089, 11.818235877876424 ], [ 75.986693253102089, 11.816439247308185 ], [ 75.983998307249735, 11.816439247308187 ], [ 75.983998307249735, 11.818235877876425 ] ] ] } },
{ "type": "Feature", "properties": { "hotspot_id": 344, "area_km2": 0.05833626076080968, "mean_risk": 0.3364, "max_risk": 0.4074, "built_area_km2": 0.0028 }, "geometry": { "type": "MultiPolygon", "coordinates": [ [ [ [ 75.890573517701299, 11.812845986171707 ], [ 75.891471832985417, 11.812845986171711 ], [ 75.891471832985417, 11.811049355603469 ], [ 75.890573517701299, 11.811049355603469 ], [ 75.890573517701299, 11.812845986171707 ] ] ], [ [ [ 75.891471832985417, 11.811049355603469 ], [ 75.893268463553653, 11.811049355603467 ], [ 75.893268463553653, 11.809252725035233 ], [ 75.891471832985417, 11.809252725035229 ], [ 75.891471832985417, 11.811049355603469 ] ] ] ] } },
{ "type": "Feature", "properties": { "hotspot_id": 345, "area_km2": 0.058335144624105849, "mean_risk": 0.3004, "max_risk": 0.309, "built_area_km2": 0.0267 }, "geometry": { "type": "MultiPolygon", "coordinates": [ [ [ [ 76.0513719535587, 11.843388705831771 ], [ 76.052270268842818, 11.843388705831773 ], [ 76.052270268842818, 11.842490390547651 ], [ 76.0513719535587, 11.842490390547651 ], [ 76.0513719535587, 11.843388705831771 ] ] ], [ [ [ 76.052270268842818, 11.842490390547651 ], [ 76.053168584126936, 11.842490390547654 ], [ 76.053168584126936, 11.841592075263533 ], [ 76.055863529979291, 11.841592075263529 ], [ 76.055863529979291, 11.840693759979414 ], [ 76.052270268842818, 11.840693759979413 ], [ 76.052270268842818, 11.842490390547651 ] ] ] ] } },
{ "type": "Feature", "properties": { "hotspot_id": 346, "area_km2": 0.058335079270526759, "mean_risk": 0.418, "max_risk": 0.5443, "built_area_km2": 0.003 }, "geometry": { "type": "Polygon", "coordinates": [ [ [ 76.047778692422213, 11.842490390547653 ], [ 76.050473638274568, 11.842490390547651 ], [ 76.050473638274568, 11.840693759979409 ], [ 76.047778692422213, 11.840693759979409 ], [ 76.047778692422213, 11.842490390547653 ] ] ] } },
{ "type": "Feature", "properties": { "hotspot_id": 347, "area_km2": 0.058334587992383648, "mean_risk": 0.3303, "max_risk": 0.4116, "built_area_km2": 0.003 }, "geometry": { "type": "Polygon", "coordinates": [ [ [ 76.03699890901278, 11.843388705831774 ], [ 76.037897224296898, 11.843388705831771 ], [ 76.037897224296898, 11.842490390547649 ], [ 76.038795539581017, 11.842490390547653 ], [ 76.038795539581017, 11.840693759979414 ], [ 76.03699890901278, 11.840693759979414 ], [ 76.03699890901278, 11.841592075263533 ], [ 76.036100593728662, 11.841592075263529 ], [ 76.036100593728662, 11.842490390547651 ], [ 76.03699890901278, 11.842490390547653 ], [ 76.03699890901278, 11.843388705831774 ] ] ] } },
{ "type": "Feature", "properties": { "hotspot_id": 348, "area_km2": 0.058332106963667113, "mean_risk": 0.3067, "max_risk": 0.3269, "built_area_km2": 0.032 }, "geometry": { "type": "Polygon", "coordinates": [ [ [ 75.953455587589673, 11.841592075263533 ], [ 75.954353902873791, 11.841592075263531 ], [ 75.954353902873791, 11.840693759979413 ], [ 75.955252218157909, 11.840693759979411 ], [ 75.955252218157909, 11.839795444695294 ], [ 75.956150533442027, 11.839795444695296 ], [ 75.956150533442027, 11.838897129411174 ], [ 75.954353902873791, 11.838897129411174 ], [ 75.954353902873791, 11.839795444695293 ], [ 75.95255727230554, 11.839795444695293 ], [ 75.95255727230554, 11.840693759979411 ], [ 75.953455587589673, 11.840693759979413 ], [ 75.953455587589673, 11.841592075263533 ] ] ] } },
{ "type": "Feature", "properties": { "hotspot_id": 349, "area_km2": 0.05832810725264595, "mean_risk": 0.3034, "max_risk": 0.3195, "built_area_km2": 0.0022 }, "geometry": { "type": "MultiPolygon", "coordinates": [ [ [ [ 76.031609017308071, 11.873931425491838 ], [ 76.032507332592189, 11.873931425491836 ], [ 76.032507332592189, 11.873033110207716 ], [ 76.031609017308071, 11.873033110207716 ], [ 76.031609017308071, 11.873931425491838 ] ] ], [ [ [ 76.032507332592189, 11.873033110207716 ], [ 76.034303963160426, 11.873033110207714 ], [ 76.034303963160426, 11.872134794923596 ], [ 76.036100593728662, 11.872134794923594 ], [ 76.036100593728662, 11.87123647963948 ], [ 76.033405647876307, 11.871236479639476 ], [ 76.033405647876307, 11.872134794923596 ], [ 76.032507332592189, 11.872134794923594 ], [ 76.032507332592189, 11.873033110207716 ] ] ] ] } },
{ "type": "Feature", "properties": { "hotspot_id": 350, "area_km2": 0.058319808003631374, "mean_risk": 0.3709, "max_risk": 0.4907, "built_area_km2": 0.0054 }, "geometry": { "type": "Polygon", "coordinates": [ [ [ 76.032507332592189, 11.913457297993091 ], [ 76.033405647876307, 11.913457297993093 ], [ 76.033405647876307, 11.911660667424856 ], [ 76.035202278444544, 11.911660667424854 ], [ 76.035202278444544, 11.910762352140738 ], [ 76.032507332592189, 11.910762352140738 ], [ 76.032507332592189, 11.911660667424856 ], [ 76.031609017308071, 11.911660667424854 ], [ 76.031609017308071, 11.912558982708974 ], [ 76.032507332592189, 11.912558982708974 ], [ 76.032507332592189, 11.913457297993091 ] ] ] } },
{ "type": "Feature", "properties": { "hotspot_id": 351, "area_km2": 0.058319596275965127, "mean_risk": 0.4674, "max_risk": 0.6781, "built_area_km2": 0.003 }, "geometry": { "type": "Polygon", "coordinates": [ [ [ 76.053168584126936, 11.917948874413693 ], [ 76.054965214695173, 11.917948874413694 ], [ 76.054965214695173, 11.915253928561336 ], [ 76.053168584126936, 11.915253928561334 ], [ 76.053168584126936, 11.917948874413693 ] ] ] } }
]
}
