{
"type": "FeatureCollection",
"name": "routes",
"crs": { "type": "name", "properties": { "name": "urn:ogc:def:crs:OGC:1.3:CRS84" } },
"features": [
{ "type": "Feature", "properties": { "origin_id": 1, "origin": "Kallumukku", "destination_type": "Hospital", "destination": "Government Taluk Hospital", "route_type": "shortest", "distance_km": 9.281, "mean_risk": 0.3347, "max_risk": 0.3992 }, "geometry": { "type": "LineString", "coordinates": [ [ 76.3294888, 11.6619229 ], [ 76.3289697, 11.6619448 ], [ 76.3284702, 11.662051 ], [ 76.3279706, 11.6621572 ], [ 76.3272506, 11.6622072 ], [ 76.3271332, 11.6622207 ], [ 76.3267127, 11.6622503 ], [ 76.3265049, 11.66227 ], [ 76.3261747, 11.6622934 ], [ 76.3256789, 11.6623332 ], [ 76.3251758, 11.6623735 ], [ 76.3245106, 11.6623306 ], [ 76.3239738, 11.6622337 ], [ 76.3234697, 11.6621427 ], [ 76.3230941, 11.6620816 ], [ 76.3229656, 11.6620517 ], [ 76.3223778, 11.6618387 ], [ 76.32179, 11.6616257 ], [ 76.321485, 11.6615152 ], [ 76.3213754, 11.6615112 ], [ 76.321219, 11.6615055 ], [ 76.320986, 11.6615673 ], [ 76.3207887, 11.6617117 ], [ 76.3205358, 11.6622392 ], [ 76.3201162, 11.6627505 ], [ 76.319592, 11.6630479 ], [ 76.3189907, 11.6631824 ], [ 76.3183891, 11.6633733 ], [ 76.3181162, 11.6635537 ], [ 76.317842, 11.6639019 ], [ 76.317451, 11.6645622 ], [ 76.3172704, 11.6650309 ], [ 76.3172348, 11.6651234 ], [ 76.3171387, 11.6653622 ], [ 76.3170185, 11.6656845 ], [ 76.3168759, 11.6660546 ], [ 76.3168616, 11.6660917 ], [ 76.3167047, 11.6664988 ], [ 76.3165109, 11.6670018 ], [ 76.3160829, 11.6676951 ], [ 76.3154441, 11.6680731 ], [ 76.31508, 11.6682698 ], [ 76.3148332, 11.6684031 ], [ 76.3139371, 11.6686283 ], [ 76.3137094, 11.6686226 ], [ 76.3132225, 11.6686105 ], [ 76.312627, 11.6686389 ], [ 76.3116298, 11.6688379 ], [ 76.3113192, 11.6688999 ], [ 76.3105601, 11.6693027 ], [ 76.3103069, 11.6694648 ], [ 76.3101554, 11.6695619 ], [ 76.3097133, 11.6699767 ], [ 76.3090058, 11.6707579 ], [ 76.3086835, 11.6711516 ], [ 76.3085992, 11.6712543 ], [ 76.3082843, 11.671638 ], [ 76.3075628, 11.672518 ], [ 76.3068883, 11.6731396 ], [ 76.3062137, 11.6737611 ], [ 76.3053489, 11.6743684 ], [ 76.3043747, 11.6748901 ], [ 76.3031837, 11.6751484 ], [ 76.3022046, 11.6752144 ], [ 76.3013355, 11.6751409 ], [ 76.3003922, 11.6749231 ], [ 76.3000443, 11.6748541 ], [ 76.2993979, 11.6747025 ], [ 76.2991379, 11.6746507 ], [ 76.2983877, 11.6745012 ], [ 76.2974118, 11.6743789 ], [ 76.2967861, 11.6743379 ], [ 76.2965039, 11.6743143 ], [ 76.2960096, 11.6743295 ], [ 76.2955934, 11.6744055 ], [ 76.2947467, 11.674797 ], [ 76.2937949, 11.6749878 ], [ 76.2932655, 11.6750877 ], [ 76.2928901, 11.6751585 ], [ 76.2922703, 11.6750563 ], [ 76.2914476, 11.6747903 ], [ 76.2909079, 11.6745186 ], [ 76.2900467, 11.6740682 ], [ 76.2898862, 11.6740145 ], [ 76.289499, 11.6738848 ], [ 76.2881586, 11.6738539 ], [ 76.2879063, 11.6738119 ], [ 76.2878015, 11.6737955 ], [ 76.2875765, 11.6737246 ], [ 76.2872601, 11.6736388 ], [ 76.2869375, 11.6735954 ], [ 76.2867575, 11.6735886 ], [ 76.2866118, 11.6735755 ], [ 76.2864163, 11.6735553 ], [ 76.2859719, 11.6733863 ], [ 76.2853985, 11.6731428 ], [ 76.2848623, 11.6730211 ], [ 76.2844098, 11.6728977 ], [ 76.2841996, 11.6728261 ], [ 76.2833714, 11.672544 ], [ 76.2829926, 11.672531 ], [ 76.2827938, 11.6725705 ], [ 76.2825341, 11.6726221 ], [ 76.2821699, 11.6726682 ], [ 76.2817872, 11.6726226 ], [ 76.2813444, 11.6722056 ], [ 76.2807527, 11.6718335 ], [ 76.2805867, 11.6717291 ], [ 76.280061, 11.6712249 ], [ 76.2795353, 11.6707206 ], [ 76.2794248, 11.6706022 ], [ 76.2791778, 11.6703376 ], [ 76.2789682, 11.6698859 ], [ 76.2788854, 11.669459 ], [ 76.2787126, 11.6692116 ], [ 76.2784005, 11.6689661 ], [ 76.2781966, 11.6688865 ], [ 76.2780172, 11.6688165 ], [ 76.2774747, 11.6686048 ], [ 76.2770518, 11.6684397 ], [ 76.2769448, 11.668398 ], [ 76.2764463, 11.6681377 ], [ 76.2762481, 11.6679031 ], [ 76.2761664, 11.6677165 ], [ 76.2760147, 11.6671506 ], [ 76.2758592, 11.6670165 ], [ 76.2757711, 11.6669305 ], [ 76.2754792, 11.6667594 ], [ 76.2751919, 11.6667253 ], [ 76.2744927, 11.666708 ], [ 76.2738677, 11.6668295 ], [ 76.2730336, 11.6671801 ], [ 76.2720932, 11.6676821 ], [ 76.2716445, 11.6679055 ], [ 76.2712137, 11.6681199 ], [ 76.2703719, 11.6684696 ], [ 76.2699399, 11.6685933 ], [ 76.2697982, 11.6685826 ], [ 76.2694449, 11.668556 ], [ 76.2686788, 11.6684052 ], [ 76.2684378, 11.6683388 ], [ 76.2676316, 11.668261 ], [ 76.2673259, 11.6682315 ], [ 76.2671971, 11.66821 ], [ 76.2665726, 11.6680197 ], [ 76.2659523, 11.6677342 ], [ 76.2647482, 11.6674836 ], [ 76.2645804, 11.6674326 ], [ 76.2639445, 11.6672396 ], [ 76.2635122, 11.667026 ], [ 76.2633656, 11.6668864 ], [ 76.2633032, 11.6668205 ], [ 76.2632101, 11.6667222 ], [ 76.2631243, 11.6666213 ], [ 76.2630189, 11.6664009 ], [ 76.2628849, 11.665957 ], [ 76.2628235, 11.6656676 ], [ 76.2627457, 11.6651212 ], [ 76.2627256, 11.6650299 ], [ 76.2626196, 11.6645486 ], [ 76.2625392, 11.6643174 ], [ 76.2624882, 11.6641735 ], [ 76.2623803, 11.6640805 ], [ 76.2622173, 11.6639461 ], [ 76.2620618, 11.6638215 ], [ 76.2620081, 11.663719 ], [ 76.2618857, 11.6636168 ], [ 76.2618445, 11.6635824 ], [ 76.2616058, 11.6634117 ], [ 76.2610774, 11.6630361 ], [ 76.2605841, 11.6627507 ], [ 76.2605295, 11.6627191 ], [ 76.2604847, 11.6626932 ], [ 76.2604141, 11.6626764 ], [ 76.2601578, 11.6626153 ], [ 76.2600571, 11.6626153 ], [ 76.2596714, 11.6626156 ], [ 76.2595658, 11.6626153 ], [ 76.2592866, 11.6626306 ], [ 76.2592316, 11.6626336 ], [ 76.2589031, 11.6626499 ], [ 76.2587843, 11.6626544 ], [ 76.2583798, 11.6626696 ], [ 76.2583287, 11.6626715 ], [ 76.2578206, 11.6627797 ], [ 76.2574725, 11.6628416 ] ] } },
{ "type": "Feature", "properties": { "origin_id": 1, "origin": "Kallumukku", "destination_type": "Hospital", "destination": "Government Taluk Hospital", "route_type": "least_risk", "distance_km": 9.281, "mean_risk": 0.3347, "max_risk": 0.3992 }, "geometry": { "type": "LineString", "coordinates": [ [ 76.3294888, 11.6619229 ], [ 76.3289697, 11.6619448 ], [ 76.3284702, 11.662051 ], [ 76.3279706, 11.6621572 ], [ 76.3272506, 11.6622072 ], [ 76.3271332, 11.6622207 ], [ 76.3267127, 11.6622503 ], [ 76.3265049, 11.66227 ], [ 76.3261747, 11.6622934 ], [ 76.3256789, 11.6623332 ], [ 76.3251758, 11.6623735 ], [ 76.3245106, 11.6623306 ], [ 76.3239738, 11.6622337 ], [ 76.3234697, 11.6621427 ], [ 76.3230941, 11.6620816 ], [ 76.3229656, 11.6620517 ], [ 76.3223778, 11.6618387 ], [ 76.32179, 11.6616257 ], [ 76.321485, 11.6615152 ], [ 76.3213754, 11.6615112 ], [ 76.321219, 11.6615055 ], [ 76.320986, 11.6615673 ], [ 76.3207887, 11.6617117 ], [ 76.3205358, 11.6622392 ], [ 76.3201162, 11.6627505 ], [ 76.319592, 11.6630479 ], [ 76.3189907, 11.6631824 ], [ 76.3183891, 11.6633733 ], [ 76.3181162, 11.6635537 ], [ 76.317842, 11.6639019 ], [ 76.317451, 11.6645622 ], [ 76.3172704, 11.6650309 ], [ 76.3172348, 11.6651234 ], [ 76.3171387, 11.6653622 ], [ 76.3170185, 11.6656845 ], [ 76.3168759, 11.6660546 ], [ 76.3168616, 11.6660917 ], [ 76.3167047, 11.6664988 ], [ 76.3165109, 11.6670018 ], [ 76.3160829, 11.6676951 ], [ 76.3154441, 11.6680731 ], [ 76.31508, 11.6682698 ], [ 76.3148332, 11.6684031 ], [ 76.3139371, 11.6686283 ], [ 76.3137094, 11.6686226 ], [ 76.3132225, 11.6686105 ], [ 76.312627, 11.6686389 ], [ 76.3116298, 11.6688379 ], [ 76.3113192, 11.6688999 ], [ 76.3105601, 11.6693027 ], [ 76.3103069, 11.6694648 ], [ 76.3101554, 11.6695619 ], [ 76.3097133, 11.6699767 ], [ 76.3090058, 11.6707579 ], [ 76.3086835, 11.6711516 ], [ 76.3085992, 11.6712543 ], [ 76.3082843, 11.671638 ], [ 76.3075628, 11.672518 ], [ 76.3068883, 11.6731396 ], [ 76.3062137, 11.6737611 ], [ 76.3053489, 11.6743684 ], [ 76.3043747, 11.6748901 ], [ 76.3031837, 11.6751484 ], [ 76.3022046, 11.6752144 ], [ 76.3013355, 11.6751409 ], [ 76.3003922, 11.6749231 ], [ 76.3000443, 11.6748541 ], [ 76.2993979, 11.6747025 ], [ 76.2991379, 11.6746507 ], [ 76.2983877, 11.6745012 ], [ 76.2974118, 11.6743789 ], [ 76.2967861, 11.6743379 ], [ 76.2965039, 11.6743143 ], [ 76.2960096, 11.6743295 ], [ 76.2955934, 11.6744055 ], [ 76.2947467, 11.674797 ], [ 76.2937949, 11.6749878 ], [ 76.2932655, 11.6750877 ], [ 76.2928901, 11.6751585 ], [ 76.2922703, 11.6750563 ], [ 76.2914476, 11.6747903 ], [ 76.2909079, 11.6745186 ], [ 76.2900467, 11.6740682 ], [ 76.2898862, 11.6740145 ], [ 76.289499, 11.6738848 ], [ 76.2881586, 11.6738539 ], [ 76.2879063, 11.6738119 ], [ 76.2878015, 11.6737955 ], [ 76.2875765, 11.6737246 ], [ 76.2872601, 11.6736388 ], [ 76.2869375, 11.6735954 ], [ 76.2867575, 11.6735886 ], [ 76.2866118, 11.6735755 ], [ 76.2864163, 11.6735553 ], [ 76.2859719, 11.6733863 ], [ 76.2853985, 11.6731428 ], [ 76.2848623, 11.6730211 ], [ 76.2844098, 11.6728977 ], [ 76.2841996, 11.6728261 ], [ 76.2833714, 11.672544 ], [ 76.2829926, 11.672531 ], [ 76.2827938, 11.6725705 ], [ 76.2825341, 11.6726221 ], [ 76.2821699, 11.6726682 ], [ 76.2817872, 11.6726226 ], [ 76.2813444, 11.6722056 ], [ 76.2807527, 11.6718335 ], [ 76.2805867, 11.6717291 ], [ 76.280061, 11.6712249 ], [ 76.2795353, 11.6707206 ], [ 76.2794248, 11.6706022 ], [ 76.2791778, 11.6703376 ], [ 76.2789682, 11.6698859 ], [ 76.2788854, 11.669459 ], [ 76.2787126, 11.6692116 ], [ 76.2784005, 11.6689661 ], [ 76.2781966, 11.6688865 ], [ 76.2780172, 11.6688165 ], [ 76.2774747, 11.6686048 ], [ 76.2770518, 11.6684397 ], [ 76.2769448, 11.668398 ], [ 76.2764463, 11.6681377 ], [ 76.2762481, 11.6679031 ], [ 76.2761664, 11.6677165 ], [ 76.2760147, 11.6671506 ], [ 76.2758592, 11.6670165 ], [ 76.2757711, 11.6669305 ], [ 76.2754792, 11.6667594 ], [ 76.2751919, 11.6667253 ], [ 76.2744927, 11.666708 ], [ 76.2738677, 11.6668295 ], [ 76.2730336, 11.6671801 ], [ 76.2720932, 11.6676821 ], [ 76.2716445, 11.6679055 ], [ 76.2712137, 11.6681199 ], [ 76.2703719, 11.6684696 ], [ 76.2699399, 11.6685933 ], [ 76.2697982, 11.6685826 ], [ 76.2694449, 11.668556 ], [ 76.2686788, 11.6684052 ], [ 76.2684378, 11.6683388 ], [ 76.2676316, 11.668261 ], [ 76.2673259, 11.6682315 ], [ 76.2671971, 11.66821 ], [ 76.2665726, 11.6680197 ], [ 76.2659523, 11.6677342 ], [ 76.2647482, 11.6674836 ], [ 76.2645804, 11.6674326 ], [ 76.2639445, 11.6672396 ], [ 76.2635122, 11.667026 ], [ 76.2633656, 11.6668864 ], [ 76.2633032, 11.6668205 ], [ 76.2632101, 11.6667222 ], [ 76.2631243, 11.6666213 ], [ 76.2630189, 11.6664009 ], [ 76.2628849, 11.665957 ], [ 76.2628235, 11.6656676 ], [ 76.2627457, 11.6651212 ], [ 76.2627256, 11.6650299 ], [ 76.2626196, 11.6645486 ], [ 76.2625392, 11.6643174 ], [ 76.2624882, 11.6641735 ], [ 76.2623803, 11.6640805 ], [ 76.2622173, 11.6639461 ], [ 76.2620618, 11.6638215 ], [ 76.2620081, 11.663719 ], [ 76.2618857, 11.6636168 ], [ 76.2618445, 11.6635824 ], [ 76.2616058, 11.6634117 ], [ 76.2610774, 11.6630361 ], [ 76.2605841, 11.6627507 ], [ 76.2605295, 11.6627191 ], [ 76.2604847, 11.6626932 ], [ 76.2604141, 11.6626764 ], [ 76.2601578, 11.6626153 ], [ 76.2600571, 11.6626153 ], [ 76.2596714, 11.6626156 ], [ 76.2595658, 11.6626153 ], [ 76.2592866, 11.6626306 ], [ 76.2592316, 11.6626336 ], [ 76.2589031, 11.6626499 ], [ 76.2587843, 11.6626544 ], [ 76.2583798, 11.6626696 ], [ 76.2583287, 11.6626715 ], [ 76.2578206, 11.6627797 ], [ 76.2574725, 11.6628416 ] ] } },
{ "type": "Feature", "properties": { "origin_id": 1, "origin": "Kallumukku", "destination_type": "Shelter", "destination": "Govt Higher Secondary School Kalloor", "route_type": "shortest", "distance_km": 0.404, "mean_risk": 0.3793, "max_risk": 0.3992 }, "geometry": { "type": "LineString", "coordinates": [ [ 76.3294888, 11.6619229 ], [ 76.3289697, 11.6619448 ], [ 76.3284702, 11.662051 ], [ 76.3279706, 11.6621572 ], [ 76.3272506, 11.6622072 ], [ 76.3271332, 11.6622207 ], [ 76.3277273, 11.6633834 ] ] } },
{ "type": "Feature", "properties": { "origin_id": 1, "origin": "Kallumukku", "destination_type": "Shelter", "destination": "Govt Higher Secondary School Kalloor", "route_type": "least_risk", "distance_km": 0.404, "mean_risk": 0.3793, "max_risk": 0.3992 }, "geometry": { "type": "LineString", "coordinates": [ [ 76.3294888, 11.6619229 ], [ 76.3289697, 11.6619448 ], [ 76.3284702, 11.662051 ], [ 76.3279706, 11.6621572 ], [ 76.3272506, 11.6622072 ], [ 76.3271332, 11.6622207 ], [ 76.3277273, 11.6633834 ] ] } },
{ "type": "Feature", "properties": { "origin_id": 2, "origin": "Padinjarethara", "destination_type": "Hospital", "destination": "K J Medical Trust Hospital", "route_type": "shortest", "distance_km": 18.448, "mean_risk": 0.2744, "max_risk": 0.8644 }, "geometry": { "type": "LineString", "coordinates": [ [ 75.9656675, 11.6808754 ], [ 75.9658557, 11.681125 ], [ 75.9658678, 11.681333 ], [ 75.9657925, 11.6819942 ], [ 75.9658885, 11.6819402 ], [ 75.9662747, 11.6817195 ], [ 75.9665779, 11.681616 ], [ 75.9669644, 11.6815203 ], [ 75.9675542, 11.6813744 ], [ 75.9678626, 11.6814201 ], [ 75.9684555, 11.6816791 ], [ 75.9690992, 11.6818314 ], [ 75.969488, 11.6818404 ], [ 75.9700111, 11.6817631 ], [ 75.9704483, 11.6816985 ], [ 75.9710196, 11.6817106 ], [ 75.9711778, 11.6816775 ], [ 75.9720711, 11.680828 ], [ 75.9722535, 11.6803447 ], [ 75.9723542, 11.680115 ], [ 75.9723863, 11.6800658 ], [ 75.9724305, 11.679998 ], [ 75.9726129, 11.6799455 ], [ 75.9730367, 11.6798509 ], [ 75.973403, 11.679535 ], [ 75.9737555, 11.679231 ], [ 75.9740405, 11.6791675 ], [ 75.9743051, 11.6791086 ], [ 75.9747546, 11.6789845 ], [ 75.9748928, 11.6789468 ], [ 75.9750591, 11.6788707 ], [ 75.9751, 11.67884 ], [ 75.9750796, 11.6786377 ], [ 75.9750172, 11.6780804 ], [ 75.9750984, 11.6779185 ], [ 75.9752831, 11.6777008 ], [ 75.9755525, 11.6774531 ], [ 75.975825, 11.6773203 ], [ 75.9760055, 11.6772766 ], [ 75.9761667, 11.6772323 ], [ 75.9764383, 11.6772271 ], [ 75.9766105, 11.6772494 ], [ 75.9767946, 11.6771939 ], [ 75.9769779, 11.6770906 ], [ 75.9771546, 11.6769351 ], [ 75.9772493, 11.6767539 ], [ 75.9772774, 11.676606 ], [ 75.9772938, 11.6764233 ], [ 75.9773058, 11.6761766 ], [ 75.9773586, 11.6760319 ], [ 75.9774794, 11.6759 ], [ 75.977648, 11.6758094 ], [ 75.9777222, 11.6757649 ], [ 75.97805, 11.6755708 ], [ 75.9786008, 11.6761116 ], [ 75.9787792, 11.6762823 ], [ 75.9791869, 11.6764084 ], [ 75.979354, 11.6765101 ], [ 75.9794819, 11.6765712 ], [ 75.9797287, 11.6767446 ], [ 75.9797624, 11.6767838 ], [ 75.9799325, 11.676918 ], [ 75.9805816, 11.6770493 ], [ 75.9810805, 11.6771071 ], [ 75.9813112, 11.6771176 ], [ 75.9816974, 11.6773803 ], [ 75.9822446, 11.6776009 ], [ 75.9826211, 11.6777128 ], [ 75.9827328, 11.6777375 ], [ 75.9831458, 11.6778321 ], [ 75.9835052, 11.6779371 ], [ 75.9836984, 11.6777585 ], [ 75.9840202, 11.6771754 ], [ 75.9844011, 11.6767078 ], [ 75.9847927, 11.6763769 ], [ 75.9851038, 11.6761299 ], [ 75.9857047, 11.6759671 ], [ 75.9862143, 11.6758515 ], [ 75.9868419, 11.675778 ], [ 75.9872657, 11.6758831 ], [ 75.987432, 11.6757149 ], [ 75.9875607, 11.675426 ], [ 75.9877324, 11.6752631 ], [ 75.9880811, 11.6752894 ], [ 75.988639, 11.675405 ], [ 75.9889163, 11.6753678 ], [ 75.9890356, 11.675299 ], [ 75.9889823, 11.6751686 ], [ 75.9889508, 11.6751094 ], [ 75.988861, 11.6749409 ], [ 75.9889984, 11.674969 ], [ 75.9892398, 11.67499 ], [ 75.9899908, 11.6749269 ], [ 75.9906024, 11.6749427 ], [ 75.9910047, 11.6749952 ], [ 75.9918576, 11.6751843 ], [ 75.9923887, 11.6752789 ], [ 75.9928447, 11.6753052 ], [ 75.9933543, 11.6752001 ], [ 75.993526, 11.6749269 ], [ 75.9937245, 11.6744646 ], [ 75.9941268, 11.6741179 ], [ 75.9945559, 11.6739761 ], [ 75.9948027, 11.6737502 ], [ 75.9956664, 11.6728991 ], [ 75.9961492, 11.6725471 ], [ 75.9969163, 11.6723843 ], [ 75.9975064, 11.6723948 ], [ 75.9979355, 11.672337 ], [ 75.9982628, 11.672379 ], [ 75.9983826, 11.6724306 ], [ 75.9984544, 11.672453 ], [ 75.9989279, 11.6726102 ], [ 75.9993571, 11.6727888 ], [ 76.0000027, 11.6733102 ], [ 76.0003281, 11.673561 ], [ 76.0004256, 11.6736188 ], [ 76.0010469, 11.6739866 ], [ 76.0014278, 11.6741337 ], [ 76.0014635, 11.6741299 ], [ 76.0017711, 11.6740969 ], [ 76.0024524, 11.6738867 ], [ 76.003477, 11.6736924 ], [ 76.0036325, 11.6736924 ], [ 76.0037243, 11.6737054 ], [ 76.0037583, 11.6737257 ], [ 76.0038364, 11.6734297 ], [ 76.0038791, 11.6732952 ], [ 76.0039042, 11.6732164 ], [ 76.0039115, 11.6731933 ], [ 76.004008, 11.6730777 ], [ 76.0041181, 11.6729243 ], [ 76.0041851, 11.6728308 ], [ 76.004346, 11.6728045 ], [ 76.0046303, 11.6727993 ], [ 76.0047966, 11.672773 ], [ 76.00492, 11.6725681 ], [ 76.005097, 11.6722161 ], [ 76.0054028, 11.671943 ], [ 76.0061002, 11.671281 ], [ 76.0062611, 11.6711812 ], [ 76.0065401, 11.6712075 ], [ 76.0067117, 11.6711812 ], [ 76.0076183, 11.6708292 ], [ 76.0080528, 11.670648 ], [ 76.0084015, 11.6706401 ], [ 76.0088173, 11.6706138 ], [ 76.0089514, 11.6705823 ], [ 76.0092115, 11.6704378 ], [ 76.0093832, 11.6701935 ], [ 76.0094288, 11.6701252 ], [ 76.0097238, 11.6701226 ], [ 76.0097863, 11.6701328 ], [ 76.0098794, 11.6701357 ], [ 76.0098979, 11.6700905 ], [ 76.009917, 11.6700438 ], [ 76.009925, 11.6699545 ], [ 76.009876, 11.6692487 ], [ 76.0098767, 11.6691901 ], [ 76.0099411, 11.6691428 ], [ 76.0102817, 11.6690378 ], [ 76.0108665, 11.668909 ], [ 76.0111535, 11.6690929 ], [ 76.0113385, 11.6690693 ], [ 76.011647, 11.6691008 ], [ 76.0118267, 11.669198 ], [ 76.0119687, 11.6692451 ], [ 76.012001, 11.6692558 ], [ 76.0120681, 11.6691297 ], [ 76.012162, 11.6688959 ], [ 76.0124946, 11.6684284 ], [ 76.0128824, 11.6680823 ], [ 76.0131152, 11.6681174 ], [ 76.0131438, 11.6681217 ], [ 76.0138587, 11.6682294 ], [ 76.0140291, 11.6682583 ], [ 76.0138288, 11.6677734 ], [ 76.0134816, 11.667178 ], [ 76.0135084, 11.6669836 ], [ 76.0139401, 11.6662831 ], [ 76.0146832, 11.6647613 ], [ 76.0149274, 11.6643491 ], [ 76.0158098, 11.6628595 ], [ 76.0159099, 11.6626724 ], [ 76.0159868, 11.6625285 ], [ 76.0165822, 11.6621398 ], [ 76.0168397, 11.6620137 ], [ 76.0169041, 11.6617037 ], [ 76.0170237, 11.661311 ], [ 76.0172445, 11.661036 ], [ 76.0175759, 11.6607862 ], [ 76.0177237, 11.6604808 ], [ 76.0178695, 11.6600302 ], [ 76.0180844, 11.6594741 ], [ 76.0181326, 11.6593711 ], [ 76.0187051, 11.6586915 ], [ 76.0188776, 11.658375 ], [ 76.0188729, 11.6579893 ], [ 76.018948, 11.657837 ], [ 76.0189801, 11.6575743 ], [ 76.0192323, 11.6573746 ], [ 76.0194576, 11.6570069 ], [ 76.0194576, 11.6566601 ], [ 76.0195112, 11.6561348 ], [ 76.0192913, 11.6553362 ], [ 76.0193181, 11.6547688 ], [ 76.0192698, 11.6539754 ], [ 76.0192557, 11.6536982 ], [ 76.0192376, 11.6529404 ], [ 76.0193932, 11.6527776 ], [ 76.0195609, 11.6526929 ], [ 76.0196024, 11.6526672 ], [ 76.0196484, 11.652516 ], [ 76.0196775, 11.6524203 ], [ 76.0196686, 11.6523788 ], [ 76.0196292, 11.6519632 ], [ 76.0197633, 11.6515376 ], [ 76.02005, 11.651176 ], [ 76.0201013, 11.6511121 ], [ 76.0202107, 11.651009 ], [ 76.0203159, 11.6509098 ], [ 76.0205492, 11.6507811 ], [ 76.020796, 11.6506208 ], [ 76.0209596, 11.6505683 ], [ 76.0215309, 11.6505473 ], [ 76.0219681, 11.6504475 ], [ 76.0220781, 11.6503711 ], [ 76.0220982, 11.6506064 ], [ 76.0221559, 11.6506497 ], [ 76.0222243, 11.6506563 ], [ 76.0225247, 11.6505985 ], [ 76.0228377, 11.6504998 ], [ 76.023387, 11.6503266 ], [ 76.0236445, 11.6503098 ], [ 76.0240684, 11.650382 ], [ 76.0240928, 11.6503313 ], [ 76.0244816, 11.6497243 ], [ 76.0245149, 11.64967 ], [ 76.0248556, 11.6498485 ], [ 76.025164, 11.6499207 ], [ 76.025467, 11.6499339 ], [ 76.0256604, 11.6499634 ], [ 76.0261086, 11.6500244 ], [ 76.0267805, 11.6496221 ], [ 76.0271269, 11.649444 ], [ 76.0275187, 11.6493726 ], [ 76.0279926, 11.6495154 ], [ 76.0288079, 11.6499689 ], [ 76.0296698, 11.6491333 ], [ 76.0308102, 11.6477265 ], [ 76.0316835, 11.64693 ], [ 76.0317713, 11.6469119 ], [ 76.032067, 11.6467535 ], [ 76.0327773, 11.6459074 ], [ 76.0328987, 11.6460692 ], [ 76.0332729, 11.6463508 ], [ 76.0342028, 11.6467763 ], [ 76.0349785, 11.6468599 ], [ 76.0351756, 11.6469081 ], [ 76.0355549, 11.6472017 ], [ 76.0364359, 11.6476871 ], [ 76.0366256, 11.647753 ], [ 76.0370547, 11.6477048 ], [ 76.0373659, 11.647705 ], [ 76.0384059, 11.6476991 ], [ 76.0385711, 11.647735 ], [ 76.0393237, 11.6481904 ], [ 76.0395133, 11.6482683 ], [ 76.0396381, 11.6482735 ], [ 76.0400884, 11.6482923 ], [ 76.0404066, 11.6484001 ], [ 76.0409368, 11.6486568 ], [ 76.0412211, 11.6486974 ], [ 76.041387, 11.6487264 ], [ 76.0416228, 11.6487793 ], [ 76.0418519, 11.6485242 ], [ 76.0422543, 11.6483334 ], [ 76.0424143, 11.6481375 ], [ 76.0427686, 11.6480759 ], [ 76.0431686, 11.647964 ], [ 76.0435401, 11.6478688 ], [ 76.0437344, 11.6476617 ], [ 76.0439058, 11.6473539 ], [ 76.0440773, 11.6470741 ], [ 76.0445916, 11.6466431 ], [ 76.044906, 11.6468109 ], [ 76.0455917, 11.64699 ], [ 76.046026, 11.6470236 ], [ 76.0464031, 11.6471747 ], [ 76.0464882, 11.6472066 ], [ 76.0468203, 11.6473314 ], [ 76.0470086, 11.647152 ], [ 76.0474715, 11.6468945 ], [ 76.0479972, 11.6467434 ], [ 76.0483344, 11.646486 ], [ 76.0485001, 11.6462845 ], [ 76.0487517, 11.6461277 ], [ 76.0489231, 11.6457303 ], [ 76.0490088, 11.6451594 ], [ 76.0491574, 11.6445997 ], [ 76.0491735, 11.6443546 ], [ 76.0496136, 11.6439282 ], [ 76.0499165, 11.6435805 ], [ 76.0499882, 11.6434523 ], [ 76.0501342, 11.6431912 ], [ 76.0501957, 11.6428667 ], [ 76.0503519, 11.6424912 ], [ 76.0505412, 11.6421343 ], [ 76.0508157, 11.6417217 ], [ 76.0509719, 11.6414019 ], [ 76.0511518, 11.6410125 ], [ 76.0512606, 11.6406602 ], [ 76.0514083, 11.6402712 ], [ 76.0514362, 11.6402453 ], [ 76.0517236, 11.6396071 ], [ 76.0519139, 11.6394114 ], [ 76.0521661, 11.6390898 ], [ 76.0523707, 11.6389826 ], [ 76.0525563, 11.6389406 ], [ 76.0531511, 11.6388847 ], [ 76.0534319, 11.63895 ], [ 76.0542338, 11.6393324 ], [ 76.0545342, 11.6397527 ], [ 76.0546929, 11.6398215 ], [ 76.0557779, 11.6398495 ], [ 76.0558978, 11.6398425 ], [ 76.0560967, 11.6398308 ], [ 76.0562966, 11.6397656 ], [ 76.0567265, 11.6393684 ], [ 76.056801, 11.6392995 ], [ 76.0569804, 11.6392063 ], [ 76.0574567, 11.6390952 ], [ 76.0578816, 11.6389961 ], [ 76.0581106, 11.6388487 ], [ 76.0582884, 11.6387343 ], [ 76.0587018, 11.6384682 ], [ 76.0589442, 11.6382562 ], [ 76.0592818, 11.6379167 ], [ 76.0595204, 11.6376565 ], [ 76.0596645, 11.6374008 ], [ 76.059777, 11.6370569 ], [ 76.0598293, 11.6369409 ], [ 76.0599121, 11.636757 ], [ 76.0600697, 11.6364837 ], [ 76.06016, 11.6361645 ], [ 76.0601732, 11.6361177 ], [ 76.0602227, 11.635809 ], [ 76.0601702, 11.6353394 ], [ 76.0602669, 11.6352013 ], [ 76.0604455, 11.6349932 ], [ 76.0606398, 11.6347973 ], [ 76.0608628, 11.6347021 ], [ 76.06116, 11.6346629 ], [ 76.061743, 11.6345622 ], [ 76.0620345, 11.6344838 ], [ 76.0620688, 11.634327 ], [ 76.0620688, 11.6340583 ], [ 76.0621831, 11.6339687 ], [ 76.062446, 11.6339183 ], [ 76.0627033, 11.6339351 ], [ 76.0628976, 11.6339127 ], [ 76.0631091, 11.6337952 ], [ 76.06325, 11.6336606 ], [ 76.0634564, 11.6334634 ], [ 76.0638064, 11.633129 ], [ 76.064298, 11.6327371 ], [ 76.0644294, 11.6327763 ], [ 76.0646558, 11.6329086 ], [ 76.0647273, 11.6329504 ], [ 76.0647874, 11.6329729 ], [ 76.0650002, 11.6329968 ], [ 76.0651396, 11.632936 ], [ 76.0652182, 11.6326923 ], [ 76.0653132, 11.6324337 ], [ 76.0653512, 11.6322892 ], [ 76.0654499, 11.6320312 ], [ 76.0655557, 11.6317369 ], [ 76.0657371, 11.631445 ], [ 76.0657821, 11.6313727 ], [ 76.0660893, 11.6310877 ], [ 76.0666389, 11.6308977 ], [ 76.0667243, 11.6308947 ], [ 76.0670916, 11.6308819 ], [ 76.0676564, 11.6308462 ], [ 76.067936, 11.63087 ], [ 76.0682122, 11.6310364 ], [ 76.068297, 11.6308539 ], [ 76.0684433, 11.6307504 ], [ 76.068671, 11.6307344 ], [ 76.0688905, 11.6307822 ], [ 76.069102, 11.630838 ], [ 76.0693296, 11.6308459 ], [ 76.0697768, 11.6307265 ], [ 76.0699476, 11.6307344 ], [ 76.0701183, 11.6307981 ], [ 76.0703541, 11.6307981 ], [ 76.0705737, 11.6307344 ], [ 76.0708013, 11.6305672 ], [ 76.0709395, 11.6304637 ], [ 76.0711997, 11.6304477 ], [ 76.0717727, 11.6304553 ], [ 76.0721043, 11.6305376 ], [ 76.0724732, 11.6306474 ], [ 76.0727347, 11.630748 ], [ 76.0728935, 11.6308212 ], [ 76.0729597, 11.6309447 ], [ 76.0730298, 11.6309996 ], [ 76.0731139, 11.6310133 ], [ 76.0732026, 11.6310087 ], [ 76.0734174, 11.6309722 ], [ 76.0738548, 11.6308607 ], [ 76.0739014, 11.6308475 ], [ 76.0741739, 11.6307709 ], [ 76.0746216, 11.6307632 ], [ 76.0748742, 11.630767 ], [ 76.0751126, 11.6307983 ], [ 76.0753508, 11.6308487 ], [ 76.0755885, 11.6308669 ], [ 76.0757846, 11.6308669 ], [ 76.0760742, 11.6308669 ], [ 76.0764779, 11.6307402 ], [ 76.0766586, 11.6307063 ], [ 76.0767509, 11.6307192 ], [ 76.0770743, 11.6309945 ], [ 76.0770969, 11.631073 ], [ 76.0771626, 11.6310481 ], [ 76.077514, 11.6307854 ], [ 76.0776307, 11.6307295 ], [ 76.0777313, 11.6307026 ], [ 76.0778211, 11.6306947 ], [ 76.0779769, 11.6307015 ], [ 76.0781024, 11.6307069 ], [ 76.0787049, 11.6307722 ], [ 76.0788611, 11.6308162 ], [ 76.0789215, 11.6308543 ], [ 76.0790207, 11.6309463 ], [ 76.0791146, 11.6309771 ], [ 76.0792326, 11.6310008 ], [ 76.0794827, 11.630983 ], [ 76.0801184, 11.6309771 ], [ 76.0801586, 11.6309417 ], [ 76.0803587, 11.6309236 ], [ 76.0810775, 11.630871 ], [ 76.0816837, 11.6309446 ], [ 76.0817802, 11.6312336 ], [ 76.0819142, 11.6316208 ], [ 76.0824895, 11.6312976 ], [ 76.0826265, 11.6312305 ], [ 76.0831144, 11.6309916 ], [ 76.083388, 11.6308524 ], [ 76.0834283, 11.6308051 ], [ 76.0834377, 11.6307381 ], [ 76.0832807, 11.6299893 ], [ 76.0840929, 11.6299533 ], [ 76.0841521, 11.6300981 ], [ 76.0842671, 11.6301188 ], [ 76.0843677, 11.6301188 ], [ 76.08473, 11.6300987 ], [ 76.0854009, 11.6300249 ], [ 76.0857216, 11.6299805 ], [ 76.085837, 11.6299645 ], [ 76.0860114, 11.6299779 ], [ 76.0863066, 11.6301121 ], [ 76.0864123, 11.6301278 ], [ 76.0867003, 11.6300536 ], [ 76.0871697, 11.6298972 ], [ 76.0873399, 11.6297833 ], [ 76.0875143, 11.6294948 ], [ 76.0876619, 11.62926 ], [ 76.0878095, 11.6290789 ], [ 76.0878483, 11.6290235 ], [ 76.0879504, 11.6288776 ], [ 76.0880242, 11.6286159 ], [ 76.0880579, 11.6284656 ], [ 76.088138, 11.6285817 ], [ 76.0882196, 11.6286547 ], [ 76.0883928, 11.6287678 ], [ 76.0884537, 11.6288216 ], [ 76.0885737, 11.6289274 ], [ 76.0886751, 11.629097 ], [ 76.0886984, 11.6291452 ], [ 76.0887766, 11.6293073 ], [ 76.0888471, 11.6294832 ] ] } },
{ "type": "Feature", "properties": { "origin_id": 2, "origin": "Padinjarethara", "destination_type": "Hospital", "destination": "K J Medical Trust Hospital", "route_type": "least_risk", "distance_km": 18.448, "mean_risk": 0.2744, "max_risk": 0.8644 }, "geometry": { "type": "LineString", "coordinates": [ [ 75.9656675, 11.6808754 ], [ 75.9658557, 11.681125 ], [ 75.9658678, 11.681333 ], [ 75.9657925, 11.6819942 ], [ 75.9658885, 11.6819402 ], [ 75.9662747, 11.6817195 ], [ 75.9665779, 11.681616 ], [ 75.9669644, 11.6815203 ], [ 75.9675542, 11.6813744 ], [ 75.9678626, 11.6814201 ], [ 75.9684555, 11.6816791 ], [ 75.9690992, 11.6818314 ], [ 75.969488, 11.6818404 ], [ 75.9700111, 11.6817631 ], [ 75.9704483, 11.6816985 ], [ 75.9710196, 11.6817106 ], [ 75.9711778, 11.6816775 ], [ 75.9720711, 11.680828 ], [ 75.9722535, 11.6803447 ], [ 75.9723542, 11.680115 ], [ 75.9723863, 11.6800658 ], [ 75.9724305, 11.679998 ], [ 75.9726129, 11.6799455 ], [ 75.9730367, 11.6798509 ], [ 75.973403, 11.679535 ], [ 75.9737555, 11.679231 ], [ 75.9740405, 11.6791675 ], [ 75.9743051, 11.6791086 ], [ 75.9747546, 11.6789845 ], [ 75.9748928, 11.6789468 ], [ 75.9750591, 11.6788707 ], [ 75.9751, 11.67884 ], [ 75.9750796, 11.6786377 ], [ 75.9750172, 11.6780804 ], [ 75.9750984, 11.6779185 ], [ 75.9752831, 11.6777008 ], [ 75.9755525, 11.6774531 ], [ 75.975825, 11.6773203 ], [ 75.9760055, 11.6772766 ], [ 75.9761667, 11.6772323 ], [ 75.9764383, 11.6772271 ], [ 75.9766105, 11.6772494 ], [ 75.9767946, 11.6771939 ], [ 75.9769779, 11.6770906 ], [ 75.9771546, 11.6769351 ], [ 75.9772493, 11.6767539 ], [ 75.9772774, 11.676606 ], [ 75.9772938, 11.6764233 ], [ 75.9773058, 11.6761766 ], [ 75.9773586, 11.6760319 ], [ 75.9774794, 11.6759 ], [ 75.977648, 11.6758094 ], [ 75.9777222, 11.6757649 ], [ 75.97805, 11.6755708 ], [ 75.9786008, 11.6761116 ], [ 75.9787792, 11.6762823 ], [ 75.9791869, 11.6764084 ], [ 75.979354, 11.6765101 ], [ 75.9794819, 11.6765712 ], [ 75.9797287, 11.6767446 ], [ 75.9797624, 11.6767838 ], [ 75.9799325, 11.676918 ], [ 75.9805816, 11.6770493 ], [ 75.9810805, 11.6771071 ], [ 75.9813112, 11.6771176 ], [ 75.9816974, 11.6773803 ], [ 75.9822446, 11.6776009 ], [ 75.9826211, 11.6777128 ], [ 75.9827328, 11.6777375 ], [ 75.9831458, 11.6778321 ], [ 75.9835052, 11.6779371 ], [ 75.9836984, 11.6777585 ], [ 75.9840202, 11.6771754 ], [ 75.9844011, 11.6767078 ], [ 75.9847927, 11.6763769 ], [ 75.9851038, 11.6761299 ], [ 75.9857047, 11.6759671 ], [ 75.9862143, 11.6758515 ], [ 75.9868419, 11.675778 ], [ 75.9872657, 11.6758831 ], [ 75.987432, 11.6757149 ], [ 75.9875607, 11.675426 ], [ 75.9877324, 11.6752631 ], [ 75.9880811, 11.6752894 ], [ 75.988639, 11.675405 ], [ 75.9889163, 11.6753678 ], [ 75.9890356, 11.675299 ], [ 75.9889823, 11.6751686 ], [ 75.9889508, 11.6751094 ], [ 75.988861, 11.6749409 ], [ 75.9889984, 11.674969 ], [ 75.9892398, 11.67499 ], [ 75.9899908, 11.6749269 ], [ 75.9906024, 11.6749427 ], [ 75.9910047, 11.6749952 ], [ 75.9918576, 11.6751843 ], [ 75.9923887, 11.6752789 ], [ 75.9928447, 11.6753052 ], [ 75.9933543, 11.6752001 ], [ 75.993526, 11.6749269 ], [ 75.9937245, 11.6744646 ], [ 75.9941268, 11.6741179 ], [ 75.9945559, 11.6739761 ], [ 75.9948027, 11.6737502 ], [ 75.9956664, 11.6728991 ], [ 75.9961492, 11.6725471 ], [ 75.9969163, 11.6723843 ], [ 75.9975064, 11.6723948 ], [ 75.9979355, 11.672337 ], [ 75.9982628, 11.672379 ], [ 75.9983826, 11.6724306 ], [ 75.9984544, 11.672453 ], [ 75.9989279, 11.6726102 ], [ 75.9993571, 11.6727888 ], [ 76.0000027, 11.6733102 ], [ 76.0003281, 11.673561 ], [ 76.0004256, 11.6736188 ], [ 76.0010469, 11.6739866 ], [ 76.0014278, 11.6741337 ], [ 76.0014635, 11.6741299 ], [ 76.0017711, 11.6740969 ], [ 76.0024524, 11.6738867 ], [ 76.003477, 11.6736924 ], [ 76.0036325, 11.6736924 ], [ 76.0037243, 11.6737054 ], [ 76.0037583, 11.6737257 ], [ 76.0038364, 11.6734297 ], [ 76.0038791, 11.6732952 ], [ 76.0039042, 11.6732164 ], [ 76.0039115, 11.6731933 ], [ 76.004008, 11.6730777 ], [ 76.0041181, 11.6729243 ], [ 76.0041851, 11.6728308 ], [ 76.004346, 11.6728045 ], [ 76.0046303, 11.6727993 ], [ 76.0047966, 11.672773 ], [ 76.00492, 11.6725681 ], [ 76.005097, 11.6722161 ], [ 76.0054028, 11.671943 ], [ 76.0061002, 11.671281 ], [ 76.0062611, 11.6711812 ], [ 76.0065401, 11.6712075 ], [ 76.0067117, 11.6711812 ], [ 76.0076183, 11.6708292 ], [ 76.0080528, 11.670648 ], [ 76.0084015, 11.6706401 ], [ 76.0088173, 11.6706138 ], [ 76.0089514, 11.6705823 ], [ 76.0092115, 11.6704378 ], [ 76.0093832, 11.6701935 ], [ 76.0094288, 11.6701252 ], [ 76.0097238, 11.6701226 ], [ 76.0097863, 11.6701328 ], [ 76.0098794, 11.6701357 ], [ 76.0098979, 11.6700905 ], [ 76.009917, 11.6700438 ], [ 76.009925, 11.6699545 ], [ 76.009876, 11.6692487 ], [ 76.0098767, 11.6691901 ], [ 76.0099411, 11.6691428 ], [ 76.0102817, 11.6690378 ], [ 76.0108665, 11.668909 ], [ 76.0111535, 11.6690929 ], [ 76.0113385, 11.6690693 ], [ 76.011647, 11.6691008 ], [ 76.0118267, 11.669198 ], [ 76.0119687, 11.6692451 ], [ 76.012001, 11.6692558 ], [ 76.0120681, 11.6691297 ], [ 76.012162, 11.6688959 ], [ 76.0124946, 11.6684284 ], [ 76.0128824, 11.6680823 ], [ 76.0131152, 11.6681174 ], [ 76.0131438, 11.6681217 ], [ 76.0138587, 11.6682294 ], [ 76.0140291, 11.6682583 ], [ 76.0138288, 11.6677734 ], [ 76.0134816, 11.667178 ], [ 76.0135084, 11.6669836 ], [ 76.0139401, 11.6662831 ], [ 76.0146832, 11.6647613 ], [ 76.0149274, 11.6643491 ], [ 76.0158098, 11.6628595 ], [ 76.0159099, 11.6626724 ], [ 76.0159868, 11.6625285 ], [ 76.0165822, 11.6621398 ], [ 76.0168397, 11.6620137 ], [ 76.0169041, 11.6617037 ], [ 76.0170237, 11.661311 ], [ 76.0172445, 11.661036 ], [ 76.0175759, 11.6607862 ], [ 76.0177237, 11.6604808 ], [ 76.0178695, 11.6600302 ], [ 76.0180844, 11.6594741 ], [ 76.0181326, 11.6593711 ], [ 76.0187051, 11.6586915 ], [ 76.0188776, 11.658375 ], [ 76.0188729, 11.6579893 ], [ 76.018948, 11.657837 ], [ 76.0189801, 11.6575743 ], [ 76.0192323, 11.6573746 ], [ 76.0194576, 11.6570069 ], [ 76.0194576, 11.6566601 ], [ 76.0195112, 11.6561348 ], [ 76.0192913, 11.6553362 ], [ 76.0193181, 11.6547688 ], [ 76.0192698, 11.6539754 ], [ 76.0192557, 11.6536982 ], [ 76.0192376, 11.6529404 ], [ 76.0193932, 11.6527776 ], [ 76.0195609, 11.6526929 ], [ 76.0196024, 11.6526672 ], [ 76.0196484, 11.652516 ], [ 76.0196775, 11.6524203 ], [ 76.0196686, 11.6523788 ], [ 76.0196292, 11.6519632 ], [ 76.0197633, 11.6515376 ], [ 76.02005, 11.651176 ], [ 76.0201013, 11.6511121 ], [ 76.0202107, 11.651009 ], [ 76.0203159, 11.6509098 ], [ 76.0205492, 11.6507811 ], [ 76.020796, 11.6506208 ], [ 76.0209596, 11.6505683 ], [ 76.0215309, 11.6505473 ], [ 76.0219681, 11.6504475 ], [ 76.0220781, 11.6503711 ], [ 76.0220982, 11.6506064 ], [ 76.0221559, 11.6506497 ], [ 76.0222243, 11.6506563 ], [ 76.0225247, 11.6505985 ], [ 76.0228377, 11.6504998 ], [ 76.023387, 11.6503266 ], [ 76.0236445, 11.6503098 ], [ 76.0240684, 11.650382 ], [ 76.0240928, 11.6503313 ], [ 76.0244816, 11.6497243 ], [ 76.0245149, 11.64967 ], [ 76.0248556, 11.6498485 ], [ 76.025164, 11.6499207 ], [ 76.025467, 11.6499339 ], [ 76.0256604, 11.6499634 ], [ 76.0261086, 11.6500244 ], [ 76.0267805, 11.6496221 ], [ 76.0271269, 11.649444 ], [ 76.0275187, 11.6493726 ], [ 76.0279926, 11.6495154 ], [ 76.0288079, 11.6499689 ], [ 76.0296698, 11.6491333 ], [ 76.0308102, 11.6477265 ], [ 76.0316835, 11.64693 ], [ 76.0317713, 11.6469119 ], [ 76.032067, 11.6467535 ], [ 76.0327773, 11.6459074 ], [ 76.0328987, 11.6460692 ], [ 76.0332729, 11.6463508 ], [ 76.0342028, 11.6467763 ], [ 76.0349785, 11.6468599 ], [ 76.0351756, 11.6469081 ], [ 76.0355549, 11.6472017 ], [ 76.0364359, 11.6476871 ], [ 76.0366256, 11.647753 ], [ 76.0370547, 11.6477048 ], [ 76.0373659, 11.647705 ], [ 76.0384059, 11.6476991 ], [ 76.0385711, 11.647735 ], [ 76.0393237, 11.6481904 ], [ 76.0395133, 11.6482683 ], [ 76.0396381, 11.6482735 ], [ 76.0400884, 11.6482923 ], [ 76.0404066, 11.6484001 ], [ 76.0409368, 11.6486568 ], [ 76.0412211, 11.6486974 ], [ 76.041387, 11.6487264 ], [ 76.0416228, 11.6487793 ], [ 76.0418519, 11.6485242 ], [ 76.0422543, 11.6483334 ], [ 76.0424143, 11.6481375 ], [ 76.0427686, 11.6480759 ], [ 76.0431686, 11.647964 ], [ 76.0435401, 11.6478688 ], [ 76.0437344, 11.6476617 ], [ 76.0439058, 11.6473539 ], [ 76.0440773, 11.6470741 ], [ 76.0445916, 11.6466431 ], [ 76.044906, 11.6468109 ], [ 76.0455917, 11.64699 ], [ 76.046026, 11.6470236 ], [ 76.0464031, 11.6471747 ], [ 76.0464882, 11.6472066 ], [ 76.0468203, 11.6473314 ], [ 76.0470086, 11.647152 ], [ 76.0474715, 11.6468945 ], [ 76.0479972, 11.6467434 ], [ 76.0483344, 11.646486 ], [ 76.0485001, 11.6462845 ], [ 76.0487517, 11.6461277 ], [ 76.0489231, 11.6457303 ], [ 76.0490088, 11.6451594 ], [ 76.0491574, 11.6445997 ], [ 76.0491735, 11.6443546 ], [ 76.0496136, 11.6439282 ], [ 76.0499165, 11.6435805 ], [ 76.0499882, 11.6434523 ], [ 76.0501342, 11.6431912 ], [ 76.0501957, 11.6428667 ], [ 76.0503519, 11.6424912 ], [ 76.0505412, 11.6421343 ], [ 76.0508157, 11.6417217 ], [ 76.0509719, 11.6414019 ], [ 76.0511518, 11.6410125 ], [ 76.0512606, 11.6406602 ], [ 76.0514083, 11.6402712 ], [ 76.0514362, 11.6402453 ], [ 76.0517236, 11.6396071 ], [ 76.0519139, 11.6394114 ], [ 76.0521661, 11.6390898 ], [ 76.0523707, 11.6389826 ], [ 76.0525563, 11.6389406 ], [ 76.0531511, 11.6388847 ], [ 76.0534319, 11.63895 ], [ 76.0542338, 11.6393324 ], [ 76.0545342, 11.6397527 ], [ 76.0546929, 11.6398215 ], [ 76.0557779, 11.6398495 ], [ 76.0558978, 11.6398425 ], [ 76.0560967, 11.6398308 ], [ 76.0562966, 11.6397656 ], [ 76.0567265, 11.6393684 ], [ 76.056801, 11.6392995 ], [ 76.0569804, 11.6392063 ], [ 76.0574567, 11.6390952 ], [ 76.0578816, 11.6389961 ], [ 76.0581106, 11.6388487 ], [ 76.0582884, 11.6387343 ], [ 76.0587018, 11.6384682 ], [ 76.0589442, 11.6382562 ], [ 76.0592818, 11.6379167 ], [ 76.0595204, 11.6376565 ], [ 76.0596645, 11.6374008 ], [ 76.059777, 11.6370569 ], [ 76.0598293, 11.6369409 ], [ 76.0599121, 11.636757 ], [ 76.0600697, 11.6364837 ], [ 76.06016, 11.6361645 ], [ 76.0601732, 11.6361177 ], [ 76.0602227, 11.635809 ], [ 76.0601702, 11.6353394 ], [ 76.0602669, 11.6352013 ], [ 76.0604455, 11.6349932 ], [ 76.0606398, 11.6347973 ], [ 76.0608628, 11.6347021 ], [ 76.06116, 11.6346629 ], [ 76.061743, 11.6345622 ], [ 76.0620345, 11.6344838 ], [ 76.0620688, 11.634327 ], [ 76.0620688, 11.6340583 ], [ 76.0621831, 11.6339687 ], [ 76.062446, 11.6339183 ], [ 76.0627033, 11.6339351 ], [ 76.0628976, 11.6339127 ], [ 76.0631091, 11.6337952 ], [ 76.06325, 11.6336606 ], [ 76.0634564, 11.6334634 ], [ 76.0638064, 11.633129 ], [ 76.064298, 11.6327371 ], [ 76.0644294, 11.6327763 ], [ 76.0646558, 11.6329086 ], [ 76.0647273, 11.6329504 ], [ 76.0647874, 11.6329729 ], [ 76.0650002, 11.6329968 ], [ 76.0651396, 11.632936 ], [ 76.0652182, 11.6326923 ], [ 76.0653132, 11.6324337 ], [ 76.0653512, 11.6322892 ], [ 76.0654499, 11.6320312 ], [ 76.0655557, 11.6317369 ], [ 76.0657371, 11.631445 ], [ 76.0657821, 11.6313727 ], [ 76.0660893, 11.6310877 ], [ 76.0666389, 11.6308977 ], [ 76.0667243, 11.6308947 ], [ 76.0670916, 11.6308819 ], [ 76.0676564, 11.6308462 ], [ 76.067936, 11.63087 ], [ 76.0682122, 11.6310364 ], [ 76.068297, 11.6308539 ], [ 76.0684433, 11.6307504 ], [ 76.068671, 11.6307344 ], [ 76.0688905, 11.6307822 ], [ 76.069102, 11.630838 ], [ 76.0693296, 11.6308459 ], [ 76.0697768, 11.6307265 ], [ 76.0699476, 11.6307344 ], [ 76.0701183, 11.6307981 ], [ 76.0703541, 11.6307981 ], [ 76.0705737, 11.6307344 ], [ 76.0708013, 11.6305672 ], [ 76.0709395, 11.6304637 ], [ 76.0711997, 11.6304477 ], [ 76.0717727, 11.6304553 ], [ 76.0721043, 11.6305376 ], [ 76.0724732, 11.6306474 ], [ 76.0727347, 11.630748 ], [ 76.0728935, 11.6308212 ], [ 76.0729597, 11.6309447 ], [ 76.0730298, 11.6309996 ], [ 76.0731139, 11.6310133 ], [ 76.0732026, 11.6310087 ], [ 76.0734174, 11.6309722 ], [ 76.0738548, 11.6308607 ], [ 76.0739014, 11.6308475 ], [ 76.0741739, 11.6307709 ], [ 76.0746216, 11.6307632 ], [ 76.0748742, 11.630767 ], [ 76.0751126, 11.6307983 ], [ 76.0753508, 11.6308487 ], [ 76.0755885, 11.6308669 ], [ 76.0757846, 11.6308669 ], [ 76.0760742, 11.6308669 ], [ 76.0764779, 11.6307402 ], [ 76.0766586, 11.6307063 ], [ 76.0767509, 11.6307192 ], [ 76.0770743, 11.6309945 ], [ 76.0770969, 11.631073 ], [ 76.0771626, 11.6310481 ], [ 76.077514, 11.6307854 ], [ 76.0776307, 11.6307295 ], [ 76.0777313, 11.6307026 ], [ 76.0778211, 11.6306947 ], [ 76.0779769, 11.6307015 ], [ 76.0781024, 11.6307069 ], [ 76.0787049, 11.6307722 ], [ 76.0788611, 11.6308162 ], [ 76.0789215, 11.6308543 ], [ 76.0790207, 11.6309463 ], [ 76.0791146, 11.6309771 ], [ 76.0792326, 11.6310008 ], [ 76.0794827, 11.630983 ], [ 76.0801184, 11.6309771 ], [ 76.0801586, 11.6309417 ], [ 76.0803587, 11.6309236 ], [ 76.0810775, 11.630871 ], [ 76.0816837, 11.6309446 ], [ 76.0817802, 11.6312336 ], [ 76.0819142, 11.6316208 ], [ 76.0824895, 11.6312976 ], [ 76.0826265, 11.6312305 ], [ 76.0831144, 11.6309916 ], [ 76.083388, 11.6308524 ], [ 76.0834283, 11.6308051 ], [ 76.0834377, 11.6307381 ], [ 76.0832807, 11.6299893 ], [ 76.0840929, 11.6299533 ], [ 76.0841521, 11.6300981 ], [ 76.0842671, 11.6301188 ], [ 76.0843677, 11.6301188 ], [ 76.08473, 11.6300987 ], [ 76.0854009, 11.6300249 ], [ 76.0857216, 11.6299805 ], [ 76.085837, 11.6299645 ], [ 76.0860114, 11.6299779 ], [ 76.0863066, 11.6301121 ], [ 76.0864123, 11.6301278 ], [ 76.0867003, 11.6300536 ], [ 76.0871697, 11.6298972 ], [ 76.0873399, 11.6297833 ], [ 76.0875143, 11.6294948 ], [ 76.0876619, 11.62926 ], [ 76.0878095, 11.6290789 ], [ 76.0878483, 11.6290235 ], [ 76.0879504, 11.6288776 ], [ 76.0880242, 11.6286159 ], [ 76.0880579, 11.6284656 ], [ 76.088138, 11.6285817 ], [ 76.0882196, 11.6286547 ], [ 76.0883928, 11.6287678 ], [ 76.0884537, 11.6288216 ], [ 76.0885737, 11.6289274 ], [ 76.0886751, 11.629097 ], [ 76.0886984, 11.6291452 ], [ 76.0887766, 11.6293073 ], [ 76.0888471, 11.6294832 ] ] } },
{ "type": "Feature", "properties": { "origin_id": 2, "origin": "Padinjarethara", "destination_type": "Shelter", "destination": "Panchayat Auditorium", "route_type": "shortest", "distance_km": 1.335, "mean_risk": 0.3319, "max_risk": 0.3609 }, "geometry": { "type": "LineString", "coordinates": [ [ 75.9656675, 11.6808754 ], [ 75.9658557, 11.681125 ], [ 75.9658678, 11.681333 ], [ 75.9657925, 11.6819942 ], [ 75.9658885, 11.6819402 ], [ 75.9662747, 11.6817195 ], [ 75.9665779, 11.681616 ], [ 75.9669644, 11.6815203 ], [ 75.9675542, 11.6813744 ], [ 75.9678626, 11.6814201 ], [ 75.9684555, 11.6816791 ], [ 75.9690992, 11.6818314 ], [ 75.969488, 11.6818404 ], [ 75.9700111, 11.6817631 ], [ 75.9704483, 11.6816985 ], [ 75.9710196, 11.6817106 ], [ 75.9711778, 11.6816775 ], [ 75.9720711, 11.680828 ], [ 75.9722535, 11.6803447 ], [ 75.9723542, 11.680115 ], [ 75.9723863, 11.6800658 ], [ 75.9724305, 11.679998 ], [ 75.9726129, 11.6799455 ], [ 75.9730367, 11.6798509 ], [ 75.973403, 11.679535 ], [ 75.9735535, 11.6796863 ], [ 75.973792, 11.6799249 ], [ 75.9740407, 11.6801187 ], [ 75.974396, 11.6802716 ], [ 75.97447, 11.6801102 ], [ 75.9746271, 11.6799754 ], [ 75.97476, 11.67989 ], [ 75.9750789, 11.6797297 ] ] } },
{ "type": "Feature", "properties": { "origin_id": 2, "origin": "Padinjarethara", "destination_type": "Shelter", "destination": "Panchayat Auditorium", "route_type": "least_risk", "distance_km": 1.335, "mean_risk": 0.3319, "max_risk": 0.3609 }, "geometry": { "type": "LineString", "coordinates": [ [ 75.9656675, 11.6808754 ], [ 75.9658557, 11.681125 ], [ 75.9658678, 11.681333 ], [ 75.9657925, 11.6819942 ], [ 75.9658885, 11.6819402 ], [ 75.9662747, 11.6817195 ], [ 75.9665779, 11.681616 ], [ 75.9669644, 11.6815203 ], [ 75.9675542, 11.6813744 ], [ 75.9678626, 11.6814201 ], [ 75.9684555, 11.6816791 ], [ 75.9690992, 11.6818314 ], [ 75.969488, 11.6818404 ], [ 75.9700111, 11.6817631 ], [ 75.9704483, 11.6816985 ], [ 75.9710196, 11.6817106 ], [ 75.9711778, 11.6816775 ], [ 75.9720711, 11.680828 ], [ 75.9722535, 11.6803447 ], [ 75.9723542, 11.680115 ], [ 75.9723863, 11.6800658 ], [ 75.9724305, 11.679998 ], [ 75.9726129, 11.6799455 ], [ 75.9730367, 11.6798509 ], [ 75.973403, 11.679535 ], [ 75.9735535, 11.6796863 ], [ 75.973792, 11.6799249 ], [ 75.9740407, 11.6801187 ], [ 75.974396, 11.6802716 ], [ 75.97447, 11.6801102 ], [ 75.9746271, 11.6799754 ], [ 75.97476, 11.67989 ], [ 75.9750789, 11.6797297 ] ] } },
{ "type": "Feature", "properties": { "origin_id": 3, "origin": "Panamaram", "destination_type": "Hospital", "destination": "District Hospital Mananthavady", "route_type": "shortest", "distance_km": 14.113, "mean_risk": 0.3675, "max_risk": 1.0 }, "geometry": { "type": "LineString", "coordinates": [ [ 76.0730132, 11.734463 ], [ 76.0731769, 11.7347361 ], [ 76.0732439, 11.7348911 ], [ 76.0732627, 11.73513 ], [ 76.0732412, 11.7353637 ], [ 76.073193, 11.7355764 ], [ 76.0731339, 11.7358443 ], [ 76.073038, 11.7362211 ], [ 76.0729703, 11.7365009 ], [ 76.0729031, 11.7368201 ], [ 76.0728718, 11.7371806 ], [ 76.0728572, 11.737352 ], [ 76.0728519, 11.7374143 ], [ 76.072914, 11.7378244 ], [ 76.0732248, 11.7384523 ], [ 76.0732175, 11.7387744 ], [ 76.0731666, 11.7389073 ], [ 76.0731289, 11.7390057 ], [ 76.0731078, 11.7390608 ], [ 76.073102, 11.739073 ], [ 76.0730617, 11.7391583 ], [ 76.0728372, 11.7396335 ], [ 76.072808, 11.7398912 ], [ 76.0730446, 11.7402752 ], [ 76.0732089, 11.740588 ], [ 76.0731211, 11.740897 ], [ 76.0731151, 11.740928 ], [ 76.0729343, 11.7415835 ], [ 76.0729088, 11.7416759 ], [ 76.0728604, 11.7417843 ], [ 76.0727488, 11.7420346 ], [ 76.0726502, 11.7422556 ], [ 76.0724746, 11.7426491 ], [ 76.0719213, 11.7435687 ], [ 76.0713165, 11.7444815 ], [ 76.0707265, 11.7453529 ], [ 76.0702071, 11.7461519 ], [ 76.0699361, 11.7465569 ], [ 76.0696332, 11.7468846 ], [ 76.069399, 11.7470589 ], [ 76.0692984, 11.7471207 ], [ 76.0691104, 11.7472027 ], [ 76.0689336, 11.7472993 ], [ 76.0687265, 11.7474573 ], [ 76.0684194, 11.7479651 ], [ 76.0683516, 11.7481318 ], [ 76.0683113, 11.7482552 ], [ 76.0682496, 11.748418 ], [ 76.0681944, 11.7486243 ], [ 76.0681397, 11.7488933 ], [ 76.0680955, 11.7491517 ], [ 76.068067, 11.7493332 ], [ 76.0679895, 11.7497546 ], [ 76.0679519, 11.7500461 ], [ 76.0679439, 11.7503639 ], [ 76.0679519, 11.750637 ], [ 76.0679653, 11.7509521 ], [ 76.0679733, 11.7512252 ], [ 76.0679439, 11.751367 ], [ 76.0678795, 11.7514825 ], [ 76.0677561, 11.7515902 ], [ 76.0675845, 11.7517005 ], [ 76.0672472, 11.7519353 ], [ 76.0668549, 11.7522283 ], [ 76.0664284, 11.7524962 ], [ 76.0661119, 11.7527404 ], [ 76.0658399, 11.7529905 ], [ 76.0651211, 11.7538294 ], [ 76.0650541, 11.7539323 ], [ 76.0648379, 11.7542004 ], [ 76.0647055, 11.754434 ], [ 76.0646673, 11.7544835 ], [ 76.0645298, 11.7546618 ], [ 76.0642939, 11.7548861 ], [ 76.0641359, 11.755004 ], [ 76.0640386, 11.7552641 ], [ 76.0639595, 11.7555505 ], [ 76.0639312, 11.7556829 ], [ 76.0638835, 11.7559576 ], [ 76.0639559, 11.756236 ], [ 76.0641937, 11.7567624 ], [ 76.0643385, 11.7572939 ], [ 76.0643953, 11.7575571 ], [ 76.0643436, 11.7578051 ], [ 76.0638421, 11.7585643 ], [ 76.0634761, 11.7593623 ], [ 76.0634302, 11.7600137 ], [ 76.0634078, 11.7603309 ], [ 76.0634544, 11.7607864 ], [ 76.0635076, 11.7609674 ], [ 76.0635237, 11.7612812 ], [ 76.0634673, 11.7617894 ], [ 76.0634595, 11.762148 ], [ 76.0634039, 11.7625424 ], [ 76.0632345, 11.7628628 ], [ 76.0632068, 11.7629253 ], [ 76.0631239, 11.7630445 ], [ 76.0630007, 11.7632019 ], [ 76.0626627, 11.7634504 ], [ 76.0623302, 11.7637216 ], [ 76.0620188, 11.7639867 ], [ 76.0617667, 11.7642104 ], [ 76.0615315, 11.7643827 ], [ 76.0613243, 11.7645499 ], [ 76.0610226, 11.7649109 ], [ 76.0607896, 11.7653353 ], [ 76.0604577, 11.7662152 ], [ 76.0603761, 11.7665939 ], [ 76.0603804, 11.7670819 ], [ 76.060452, 11.7693246 ], [ 76.06049, 11.769554 ], [ 76.0605563, 11.7696793 ], [ 76.0605276, 11.76994 ], [ 76.0605509, 11.7702464 ], [ 76.0605728, 11.7705218 ], [ 76.060565, 11.7708159 ], [ 76.0605061, 11.7711584 ], [ 76.0604578, 11.7713054 ], [ 76.0603552, 11.7714536 ], [ 76.060076, 11.7717406 ], [ 76.0599965, 11.7719461 ], [ 76.0598945, 11.7722824 ], [ 76.0596299, 11.7730853 ], [ 76.0595339, 11.7733291 ], [ 76.0594876, 11.7734727 ], [ 76.0594627, 11.7735827 ], [ 76.0594193, 11.7737318 ], [ 76.0593565, 11.7738763 ], [ 76.0592567, 11.7740656 ], [ 76.0591167, 11.7742831 ], [ 76.059003, 11.7744539 ], [ 76.0589034, 11.7745788 ], [ 76.0586865, 11.7747828 ], [ 76.058532, 11.7749526 ], [ 76.0584193, 11.7750761 ], [ 76.0583442, 11.7752283 ], [ 76.0582295, 11.77545 ], [ 76.0581297, 11.7755749 ], [ 76.0579931, 11.7756569 ], [ 76.0576396, 11.7758393 ], [ 76.0573786, 11.7759583 ], [ 76.0571122, 11.7760856 ], [ 76.0568744, 11.7761447 ], [ 76.0563379, 11.7761474 ], [ 76.0562127, 11.7761655 ], [ 76.0559717, 11.7762003 ], [ 76.0556647, 11.7762498 ], [ 76.0554434, 11.7762632 ], [ 76.0549191, 11.776207 ], [ 76.0543799, 11.7761395 ], [ 76.0538961, 11.7760537 ], [ 76.0533179, 11.7759165 ], [ 76.0532051, 11.7758874 ], [ 76.0530705, 11.7758582 ], [ 76.0529396, 11.7758927 ], [ 76.0527116, 11.7759977 ], [ 76.0525029, 11.7761352 ], [ 76.0522905, 11.776318 ], [ 76.0521131, 11.7765365 ], [ 76.0517364, 11.7772376 ], [ 76.0512394, 11.777837 ], [ 76.0506383, 11.778562 ], [ 76.049557, 11.7797575 ], [ 76.0488921, 11.7804326 ], [ 76.0486484, 11.7806856 ], [ 76.0485423, 11.7808092 ], [ 76.0484579, 11.7809075 ], [ 76.0482722, 11.7809655 ], [ 76.0478142, 11.7811398 ], [ 76.047458, 11.7814262 ], [ 76.0467075, 11.7820489 ], [ 76.0460841, 11.7827961 ], [ 76.0455147, 11.7836329 ], [ 76.0454869, 11.7837298 ], [ 76.0454011, 11.7840289 ], [ 76.0453664, 11.7842529 ], [ 76.0453336, 11.7844648 ], [ 76.04527, 11.7852369 ], [ 76.0452557, 11.7856268 ], [ 76.0453193, 11.7860123 ], [ 76.0454346, 11.7865692 ], [ 76.0454968, 11.7869138 ], [ 76.0454244, 11.7871409 ], [ 76.045365, 11.7875986 ], [ 76.0452615, 11.7882153 ], [ 76.0451102, 11.7886687 ], [ 76.0449661, 11.7888163 ], [ 76.0449365, 11.7888382 ], [ 76.044798, 11.7889406 ], [ 76.0443721, 11.7891148 ], [ 76.0439696, 11.7893433 ], [ 76.0430775, 11.7905039 ], [ 76.042714, 11.7911213 ], [ 76.0424819, 11.7913956 ], [ 76.0422071, 11.7916524 ], [ 76.041955, 11.7918898 ], [ 76.0416485, 11.7922413 ], [ 76.041158, 11.7929615 ], [ 76.0408865, 11.7936474 ], [ 76.0408652, 11.7937299 ], [ 76.0407025, 11.7943591 ], [ 76.0404485, 11.7950278 ], [ 76.0400544, 11.7956366 ], [ 76.0395989, 11.7962625 ], [ 76.0394325, 11.796554 ], [ 76.0393014, 11.796889 ], [ 76.0386705, 11.7978347 ], [ 76.0382338, 11.7984893 ], [ 76.0375188, 11.7999689 ], [ 76.0373895, 11.8002364 ], [ 76.0370659, 11.8007822 ], [ 76.0369433, 11.8010823 ], [ 76.0368863, 11.8013824 ], [ 76.0368173, 11.8015682 ], [ 76.0366937, 11.8019011 ], [ 76.0364966, 11.8021497 ], [ 76.0363871, 11.8022697 ], [ 76.0362376, 11.8023825 ], [ 76.0356513, 11.8025698 ], [ 76.0350732, 11.8026493 ], [ 76.0344426, 11.8026213 ], [ 76.0343642, 11.8025803 ], [ 76.0341886, 11.8024884 ], [ 76.033884, 11.8024068 ], [ 76.0330789, 11.8022977 ], [ 76.0322614, 11.8023219 ], [ 76.0313076, 11.8024068 ], [ 76.0312231, 11.8023894 ], [ 76.0306015, 11.8022613 ], [ 76.0302285, 11.8020284 ], [ 76.0302183, 11.802022 ], [ 76.0298831, 11.8018127 ], [ 76.0292761, 11.8012428 ], [ 76.029167, 11.8011368 ], [ 76.0290465, 11.8010197 ], [ 76.0286858, 11.8006748 ], [ 76.028273, 11.8002801 ], [ 76.0280437, 11.8000979 ], [ 76.0279968, 11.8000817 ], [ 76.0276947, 11.7999775 ], [ 76.0275209, 11.7999199 ], [ 76.0274425, 11.799894 ], [ 76.0272524, 11.799831 ], [ 76.0268004, 11.7996619 ], [ 76.0262618, 11.7993362 ], [ 76.0258895, 11.7991149 ], [ 76.0254807, 11.7989974 ], [ 76.0250785, 11.7987925 ], [ 76.0245864, 11.7986856 ], [ 76.024484, 11.798662 ], [ 76.024159, 11.7985708 ], [ 76.0239854, 11.7985221 ], [ 76.0233106, 11.79833 ], [ 76.0227754, 11.7983658 ], [ 76.0224231, 11.7983522 ], [ 76.021981, 11.7985572 ], [ 76.0215189, 11.7987878 ], [ 76.0214207, 11.7988475 ], [ 76.0210269, 11.7990869 ], [ 76.020476, 11.7994635 ], [ 76.0199845, 11.7998078 ], [ 76.0198125, 11.7999878 ], [ 76.0194659, 11.8001794 ], [ 76.0189907, 11.8002898 ], [ 76.0188142, 11.8003893 ], [ 76.0184654, 11.8005859 ], [ 76.0178571, 11.8009242 ], [ 76.017505, 11.8010273 ], [ 76.0172131, 11.8011128 ], [ 76.016432, 11.8013714 ], [ 76.0157754, 11.8015404 ], [ 76.0152701, 11.8018397 ], [ 76.0147383, 11.8019762 ], [ 76.0142364, 11.8018525 ], [ 76.0139737, 11.8018872 ], [ 76.0137446, 11.8019175 ], [ 76.013482, 11.8017809 ], [ 76.0130968, 11.8016563 ], [ 76.0128472, 11.8015755 ], [ 76.0120379, 11.8012544 ], [ 76.0118572, 11.801239 ], [ 76.0115205, 11.8014092 ], [ 76.0113248, 11.8015057 ], [ 76.0111751, 11.8015796 ], [ 76.0107655, 11.8017817 ], [ 76.0101073, 11.8019329 ], [ 76.0099297, 11.8019737 ], [ 76.00958, 11.8020739 ], [ 76.00929, 11.8022909 ], [ 76.0087783, 11.8027334 ], [ 76.008641, 11.8028309 ], [ 76.0084372, 11.8029755 ], [ 76.008079, 11.8030924 ], [ 76.0077464, 11.8031341 ], [ 76.0074527, 11.8031155 ], [ 76.007096, 11.8029974 ], [ 76.0067983, 11.8029265 ], [ 76.00645, 11.8028503 ], [ 76.0060591, 11.8029448 ], [ 76.0060192, 11.8027965 ], [ 76.005965, 11.8025921 ], [ 76.0058461, 11.8023594 ], [ 76.0057388, 11.8020233 ], [ 76.0056637, 11.8015219 ], [ 76.0056474, 11.8012852 ], [ 76.0055786, 11.8010361 ], [ 76.0055213, 11.8008287 ], [ 76.0054172, 11.8009081 ], [ 76.0053517, 11.8009708 ], [ 76.0051698, 11.8010134 ], [ 76.004975, 11.8010555 ], [ 76.0047855, 11.8010713 ], [ 76.0046223, 11.8010292 ], [ 76.0044327, 11.8009871 ], [ 76.0042695, 11.8009976 ], [ 76.0040537, 11.8010976 ], [ 76.0039063, 11.8012398 ], [ 76.0038954, 11.8012584 ], [ 76.0037764, 11.8014608 ], [ 76.0037723, 11.8014777 ], [ 76.0037364, 11.8016239 ], [ 76.0036797, 11.8018551 ], [ 76.003721, 11.8021036 ], [ 76.0037338, 11.8021518 ], [ 76.003807, 11.802394 ], [ 76.003891, 11.8025759 ], [ 76.003933, 11.8027901 ], [ 76.0038754, 11.8029963 ], [ 76.0037624, 11.8029214 ], [ 76.003497, 11.8027399 ], [ 76.0032862, 11.8025877 ], [ 76.0032436, 11.8025569 ], [ 76.0031931, 11.8025204 ], [ 76.0030746, 11.8023975 ], [ 76.0030555, 11.8023684 ], [ 76.0030197, 11.802314 ], [ 76.0027845, 11.8021239 ], [ 76.002633, 11.801661 ], [ 76.0024964, 11.8012437 ], [ 76.0023871, 11.8010365 ], [ 76.0022878, 11.8007451 ], [ 76.0022154, 11.8007083 ], [ 76.0021215, 11.8005771 ], [ 76.0020545, 11.8004353 ], [ 76.0020196, 11.8002725 ], [ 76.00199, 11.8000737 ], [ 76.0016016, 11.800223 ], [ 76.0015162, 11.8002306 ] ] } },
{ "type": "Feature", "properties": { "origin_id": 3, "origin": "Panamaram", "destination_type": "Hospital", "destination": "District Hospital Mananthavady", "route_type": "least_risk", "distance_km": 14.871, "mean_risk": 0.2998, "max_risk": 1.0 }, "geometry": { "type": "LineString", "coordinates": [ [ 76.0730132, 11.734463 ], [ 76.0731769, 11.7347361 ], [ 76.0732439, 11.7348911 ], [ 76.0732627, 11.73513 ], [ 76.0732412, 11.7353637 ], [ 76.073193, 11.7355764 ], [ 76.0731339, 11.7358443 ], [ 76.073038, 11.7362211 ], [ 76.0729703, 11.7365009 ], [ 76.0729031, 11.7368201 ], [ 76.0728718, 11.7371806 ], [ 76.0728572, 11.737352 ], [ 76.0728519, 11.7374143 ], [ 76.072914, 11.7378244 ], [ 76.0732248, 11.7384523 ], [ 76.0732175, 11.7387744 ], [ 76.0731666, 11.7389073 ], [ 76.0731289, 11.7390057 ], [ 76.0731078, 11.7390608 ], [ 76.073102, 11.739073 ], [ 76.0730617, 11.7391583 ], [ 76.0728372, 11.7396335 ], [ 76.072808, 11.7398912 ], [ 76.0730446, 11.7402752 ], [ 76.0732089, 11.740588 ], [ 76.0731211, 11.740897 ], [ 76.0731151, 11.740928 ], [ 76.0729343, 11.7415835 ], [ 76.0729088, 11.7416759 ], [ 76.0728604, 11.7417843 ], [ 76.0727488, 11.7420346 ], [ 76.0726502, 11.7422556 ], [ 76.0724746, 11.7426491 ], [ 76.0719213, 11.7435687 ], [ 76.0713165, 11.7444815 ], [ 76.0707265, 11.7453529 ], [ 76.0702071, 11.7461519 ], [ 76.0699361, 11.7465569 ], [ 76.0696332, 11.7468846 ], [ 76.069399, 11.7470589 ], [ 76.0692984, 11.7471207 ], [ 76.0691104, 11.7472027 ], [ 76.0689336, 11.7472993 ], [ 76.0687265, 11.7474573 ], [ 76.0684194, 11.7479651 ], [ 76.0683516, 11.7481318 ], [ 76.0683113, 11.7482552 ], [ 76.0682496, 11.748418 ], [ 76.0681944, 11.7486243 ], [ 76.0681397, 11.7488933 ], [ 76.0680955, 11.7491517 ], [ 76.068067, 11.7493332 ], [ 76.0679895, 11.7497546 ], [ 76.0679519, 11.7500461 ], [ 76.0679439, 11.7503639 ], [ 76.0679519, 11.750637 ], [ 76.0679653, 11.7509521 ], [ 76.0679733, 11.7512252 ], [ 76.0679439, 11.751367 ], [ 76.0678795, 11.7514825 ], [ 76.0677561, 11.7515902 ], [ 76.0675845, 11.7517005 ], [ 76.0672472, 11.7519353 ], [ 76.0668549, 11.7522283 ], [ 76.0664284, 11.7524962 ], [ 76.0661119, 11.7527404 ], [ 76.0658399, 11.7529905 ], [ 76.0651211, 11.7538294 ], [ 76.0650541, 11.7539323 ], [ 76.0648379, 11.7542004 ], [ 76.0647055, 11.754434 ], [ 76.0646673, 11.7544835 ], [ 76.0645298, 11.7546618 ], [ 76.0642939, 11.7548861 ], [ 76.0641359, 11.755004 ], [ 76.0639071, 11.7550223 ], [ 76.0636014, 11.7550023 ], [ 76.0632707, 11.7549018 ], [ 76.0629442, 11.754807 ], [ 76.0625951, 11.7546919 ], [ 76.0622147, 11.7545733 ], [ 76.0619797, 11.7545014 ], [ 76.0618257, 11.7544972 ], [ 76.0616475, 11.7545118 ], [ 76.0614368, 11.7545497 ], [ 76.0611744, 11.7546288 ], [ 76.0610422, 11.7546817 ], [ 76.0609326, 11.7547256 ], [ 76.0607287, 11.7548622 ], [ 76.0604445, 11.7550565 ], [ 76.0603023, 11.7551904 ], [ 76.0601923, 11.7553243 ], [ 76.0601065, 11.7554766 ], [ 76.0600153, 11.7556867 ], [ 76.059908, 11.7559336 ], [ 76.0598409, 11.7561751 ], [ 76.0598168, 11.7563747 ], [ 76.0598195, 11.756745 ], [ 76.0598329, 11.7572465 ], [ 76.0598114, 11.7575091 ], [ 76.0597926, 11.7577822 ], [ 76.0597604, 11.7580474 ], [ 76.0597497, 11.7582313 ], [ 76.0597685, 11.7585437 ], [ 76.0597899, 11.758914 ], [ 76.0597792, 11.7591109 ], [ 76.0597577, 11.7593131 ], [ 76.059688, 11.7594024 ], [ 76.0596156, 11.7594576 ], [ 76.059539, 11.7594886 ], [ 76.0593639, 11.759516 ], [ 76.0589965, 11.7594976 ], [ 76.0587755, 11.7594804 ], [ 76.0586593, 11.759464 ], [ 76.0584784, 11.7594444 ], [ 76.058253, 11.7594155 ], [ 76.057918, 11.7593567 ], [ 76.0577112, 11.7593525 ], [ 76.0574993, 11.7593656 ], [ 76.0572312, 11.7593533 ], [ 76.0568073, 11.7593604 ], [ 76.0564997, 11.7593448 ], [ 76.0562897, 11.7593052 ], [ 76.0559071, 11.7592159 ], [ 76.0554904, 11.7590978 ], [ 76.0551799, 11.7590126 ], [ 76.055111, 11.7589988 ], [ 76.0550049, 11.7589718 ], [ 76.0547501, 11.7589376 ], [ 76.0542406, 11.7589566 ], [ 76.0540527, 11.7589639 ], [ 76.0538354, 11.7589586 ], [ 76.0535458, 11.7589245 ], [ 76.0533838, 11.7589163 ], [ 76.0532024, 11.7589508 ], [ 76.0530135, 11.759001 ], [ 76.0527923, 11.7590306 ], [ 76.0525589, 11.7590307 ], [ 76.0523732, 11.7590169 ], [ 76.052119, 11.7589493 ], [ 76.0519815, 11.7588966 ], [ 76.0515885, 11.7587617 ], [ 76.0512874, 11.7586882 ], [ 76.0509434, 11.758626 ], [ 76.0508636, 11.7590164 ], [ 76.0506409, 11.7598593 ], [ 76.0503513, 11.7607574 ], [ 76.0500146, 11.7616714 ], [ 76.0497625, 11.7615386 ], [ 76.0490142, 11.7612432 ], [ 76.0483262, 11.7610226 ], [ 76.0477965, 11.7608322 ], [ 76.0476489, 11.7607285 ], [ 76.0475428, 11.7610641 ], [ 76.0473767, 11.7615015 ], [ 76.0472586, 11.7618238 ], [ 76.0471494, 11.7621448 ], [ 76.0469417, 11.7623588 ], [ 76.0466138, 11.7626584 ], [ 76.0461695, 11.7630363 ], [ 76.0460455, 11.7631398 ], [ 76.0456302, 11.7637604 ], [ 76.0452477, 11.7642633 ], [ 76.0450619, 11.7649908 ], [ 76.0449308, 11.7657719 ], [ 76.0449354, 11.765894 ], [ 76.0449526, 11.7663497 ], [ 76.0449198, 11.7669916 ], [ 76.0447778, 11.7674089 ], [ 76.0447013, 11.7679867 ], [ 76.0446759, 11.7681053 ], [ 76.0441393, 11.7680284 ], [ 76.043635, 11.7679444 ], [ 76.0428572, 11.7676398 ], [ 76.0422563, 11.7674087 ], [ 76.0411547, 11.7673347 ], [ 76.0410064, 11.7673247 ], [ 76.0406256, 11.7672827 ], [ 76.0404217, 11.7671199 ], [ 76.0402071, 11.7668941 ], [ 76.0397887, 11.7665737 ], [ 76.039381, 11.7664162 ], [ 76.0390645, 11.7663111 ], [ 76.038571, 11.7660695 ], [ 76.0383403, 11.7659277 ], [ 76.0380131, 11.7657072 ], [ 76.037702, 11.7655496 ], [ 76.0374927, 11.7654919 ], [ 76.0373747, 11.7655759 ], [ 76.0372835, 11.7655549 ], [ 76.0371494, 11.7654813 ], [ 76.0369885, 11.765308 ], [ 76.0367578, 11.7650139 ], [ 76.0365379, 11.7647619 ], [ 76.0364145, 11.7646673 ], [ 76.036098, 11.7645518 ], [ 76.035701, 11.7645045 ], [ 76.0353309, 11.7645465 ], [ 76.0349023, 11.7644755 ], [ 76.0346657, 11.764557 ], [ 76.034317, 11.7646463 ], [ 76.0337108, 11.7646831 ], [ 76.0334748, 11.7647461 ], [ 76.0326779, 11.7651829 ], [ 76.0324824, 11.7646043 ], [ 76.0320747, 11.7636905 ], [ 76.0319519, 11.7635345 ], [ 76.0313344, 11.7626822 ], [ 76.03125, 11.7625698 ], [ 76.030004, 11.7634279 ], [ 76.027861, 11.7647828 ], [ 76.0280133, 11.7654832 ], [ 76.0281399, 11.7658936 ], [ 76.0281667, 11.7661956 ], [ 76.0281646, 11.7664343 ], [ 76.0286849, 11.7680466 ], [ 76.0285454, 11.7696851 ], [ 76.0280583, 11.7712263 ], [ 76.0278052, 11.7720273 ], [ 76.0276803, 11.7721734 ], [ 76.0275852, 11.772395 ], [ 76.0275471, 11.7725894 ], [ 76.0275632, 11.7732984 ], [ 76.0275965, 11.7736004 ], [ 76.0276254, 11.7738628 ], [ 76.027694, 11.7744607 ], [ 76.0276603, 11.7746899 ], [ 76.0276303, 11.7748712 ], [ 76.0275316, 11.7750548 ], [ 76.0273406, 11.7753806 ], [ 76.0273438, 11.7755039 ], [ 76.0273975, 11.7761025 ], [ 76.0273787, 11.7763441 ], [ 76.0271861, 11.7765308 ], [ 76.0271153, 11.7765859 ], [ 76.0268256, 11.7768301 ], [ 76.0263669, 11.7771845 ], [ 76.0261046, 11.7773235 ], [ 76.0259437, 11.777615 ], [ 76.025756, 11.7779038 ], [ 76.0253214, 11.7782399 ], [ 76.0249084, 11.7785917 ], [ 76.0240286, 11.7788175 ], [ 76.0235673, 11.7788543 ], [ 76.0234117, 11.7788438 ], [ 76.0230362, 11.7787073 ], [ 76.0225641, 11.7783817 ], [ 76.0221243, 11.7780823 ], [ 76.0218399, 11.7780246 ], [ 76.0215342, 11.7781664 ], [ 76.0213899, 11.7783225 ], [ 76.0213192, 11.778399 ], [ 76.0212284, 11.7784972 ], [ 76.021119, 11.7787026 ], [ 76.0210085, 11.7791221 ], [ 76.0209977, 11.779411 ], [ 76.0210173, 11.7798387 ], [ 76.0205268, 11.7806937 ], [ 76.0201376, 11.7813721 ], [ 76.0199015, 11.7815664 ], [ 76.0194885, 11.78164 ], [ 76.0189735, 11.7822491 ], [ 76.0172032, 11.7825485 ], [ 76.017017, 11.7825118 ], [ 76.0169669, 11.782498 ], [ 76.0169344, 11.782489 ], [ 76.0167292, 11.7824631 ], [ 76.0162319, 11.7825543 ], [ 76.0159158, 11.782727 ], [ 76.0156476, 11.7827165 ], [ 76.0147302, 11.7826797 ], [ 76.0144956, 11.7826696 ], [ 76.0133945, 11.782622 ], [ 76.0129094, 11.7834702 ], [ 76.0126596, 11.7839611 ], [ 76.0124633, 11.7843251 ], [ 76.0125094, 11.7852529 ], [ 76.0122932, 11.7855607 ], [ 76.0121231, 11.7857728 ], [ 76.0117047, 11.7862297 ], [ 76.0114011, 11.7869968 ], [ 76.0113077, 11.7872327 ], [ 76.0111838, 11.7874164 ], [ 76.0111308, 11.787495 ], [ 76.0110992, 11.7875471 ], [ 76.011071, 11.7876123 ], [ 76.0109912, 11.7878084 ], [ 76.0109347, 11.7881736 ], [ 76.010949, 11.7883085 ], [ 76.0110367, 11.7890609 ], [ 76.0113573, 11.7902028 ], [ 76.0113667, 11.7902364 ], [ 76.0112369, 11.7905948 ], [ 76.0106747, 11.7916122 ], [ 76.0104847, 11.7920197 ], [ 76.0104468, 11.7921243 ], [ 76.0104373, 11.7921506 ], [ 76.0104441, 11.7922423 ], [ 76.0104655, 11.7929539 ], [ 76.0102885, 11.7933845 ], [ 76.0101963, 11.7934522 ], [ 76.0100096, 11.7935893 ], [ 76.0093873, 11.7939936 ], [ 76.0090708, 11.7940514 ], [ 76.008942, 11.7942509 ], [ 76.0087894, 11.7956375 ], [ 76.0087865, 11.7956635 ], [ 76.0079872, 11.7967137 ], [ 76.0077297, 11.7968975 ], [ 76.0074668, 11.7970589 ], [ 76.007238, 11.7971994 ], [ 76.0070967, 11.7972861 ], [ 76.0070524, 11.7973206 ], [ 76.0070122, 11.7973519 ], [ 76.0069141, 11.7974283 ], [ 76.0062849, 11.7979109 ], [ 76.0057024, 11.7983135 ], [ 76.0055693, 11.7984598 ], [ 76.0055738, 11.7984956 ], [ 76.0055779, 11.7985285 ], [ 76.0055614, 11.7986006 ], [ 76.0055164, 11.7988947 ], [ 76.0054958, 11.7997047 ], [ 76.005495, 11.799725 ], [ 76.0054873, 11.7999101 ], [ 76.0054857, 11.7999566 ], [ 76.0054913, 11.8000709 ], [ 76.0054958, 11.8002653 ], [ 76.0055027, 11.8004595 ], [ 76.0055037, 11.8005489 ], [ 76.0055047, 11.8006249 ], [ 76.0055213, 11.8008287 ], [ 76.0054172, 11.8009081 ], [ 76.0053517, 11.8009708 ], [ 76.0051698, 11.8010134 ], [ 76.004975, 11.8010555 ], [ 76.0047855, 11.8010713 ], [ 76.0046223, 11.8010292 ], [ 76.0044327, 11.8009871 ], [ 76.0042695, 11.8009976 ], [ 76.0040537, 11.8010976 ], [ 76.0039063, 11.8012398 ], [ 76.0038954, 11.8012584 ], [ 76.0037764, 11.8014608 ], [ 76.0037723, 11.8014777 ], [ 76.0037364, 11.8016239 ], [ 76.0036797, 11.8018551 ], [ 76.003721, 11.8021036 ], [ 76.0037338, 11.8021518 ], [ 76.003807, 11.802394 ], [ 76.003891, 11.8025759 ], [ 76.003933, 11.8027901 ], [ 76.0038754, 11.8029963 ], [ 76.0037624, 11.8029214 ], [ 76.003497, 11.8027399 ], [ 76.0032862, 11.8025877 ], [ 76.0032436, 11.8025569 ], [ 76.0031931, 11.8025204 ], [ 76.0030746, 11.8023975 ], [ 76.0030555, 11.8023684 ], [ 76.0030197, 11.802314 ], [ 76.0027845, 11.8021239 ], [ 76.002633, 11.801661 ], [ 76.0024964, 11.8012437 ], [ 76.0023871, 11.8010365 ], [ 76.0022878, 11.8007451 ], [ 76.0022154, 11.8007083 ], [ 76.0021215, 11.8005771 ], [ 76.0020545, 11.8004353 ], [ 76.0020196, 11.8002725 ], [ 76.00199, 11.8000737 ], [ 76.0016016, 11.800223 ], [ 76.0015162, 11.8002306 ] ] } },
{ "type": "Feature", "properties": { "origin_id": 3, "origin": "Panamaram", "destination_type": "Shelter", "destination": "Crescent Public High School", "route_type": "shortest", "distance_km": 0.436, "mean_risk": 0.3077, "max_risk": 0.3614 }, "geometry": { "type": "LineString", "coordinates": [ [ 76.0730132, 11.734463 ], [ 76.0729633, 11.7343084 ], [ 76.0729165, 11.7340691 ], [ 76.0728684, 11.733767 ], [ 76.0727853, 11.733465 ], [ 76.0726708, 11.7328052 ], [ 76.0727256, 11.7323144 ], [ 76.0727688, 11.7317443 ], [ 76.0728436, 11.7312568 ], [ 76.0729654, 11.7313013 ], [ 76.0730385, 11.7314553 ], [ 76.0731063, 11.7315932 ], [ 76.0731686, 11.7317206 ], [ 76.0731876, 11.7318002 ] ] } },
{ "type": "Feature", "properties": { "origin_id": 3, "origin": "Panamaram", "destination_type": "Shelter", "destination": "Crescent Public High School", "route_type": "least_risk", "distance_km": 0.436, "mean_risk": 0.3077, "max_risk": 0.3614 }, "geometry": { "type": "LineString", "coordinates": [ [ 76.0730132, 11.734463 ], [ 76.0729633, 11.7343084 ], [ 76.0729165, 11.7340691 ], [ 76.0728684, 11.733767 ], [ 76.0727853, 11.733465 ], [ 76.0726708, 11.7328052 ], [ 76.0727256, 11.7323144 ], [ 76.0727688, 11.7317443 ], [ 76.0728436, 11.7312568 ], [ 76.0729654, 11.7313013 ], [ 76.0730385, 11.7314553 ], [ 76.0731063, 11.7315932 ], [ 76.0731686, 11.7317206 ], [ 76.0731876, 11.7318002 ] ] } },
{ "type": "Feature", "properties": { "origin_id": 4, "origin": "Vellmunda", "destination_type": "Hospital", "destination": "District Hospital Mananthavady", "route_type": "shortest", "distance_km": 12.276, "mean_risk": 0.2868, "max_risk": 0.5617 }, "geometry": { "type": "LineString", "coordinates": [ [ 75.9342298, 11.737849 ], [ 75.9338007, 11.7381904 ], [ 75.9336451, 11.7384846 ], [ 75.9334252, 11.7390465 ], [ 75.9333447, 11.7397451 ], [ 75.9332481, 11.7399394 ], [ 75.9331068, 11.7401124 ], [ 75.9330551, 11.7401756 ], [ 75.9328619, 11.7404121 ], [ 75.9323255, 11.7409006 ], [ 75.9318427, 11.7411684 ], [ 75.9316495, 11.7412682 ], [ 75.9315369, 11.74141 ], [ 75.9315905, 11.7414993 ], [ 75.9316871, 11.741452 ], [ 75.9319017, 11.7413733 ], [ 75.9321538, 11.741452 ], [ 75.9323791, 11.7416411 ], [ 75.9325025, 11.7418039 ], [ 75.9325508, 11.7419457 ], [ 75.9326044, 11.7422346 ], [ 75.9324918, 11.7424342 ], [ 75.9324864, 11.7426495 ], [ 75.9325347, 11.7428018 ], [ 75.93254, 11.7431432 ], [ 75.9324059, 11.7432693 ], [ 75.9322289, 11.7435371 ], [ 75.9322182, 11.7439206 ], [ 75.9322021, 11.7441727 ], [ 75.9318909, 11.74443 ], [ 75.9319231, 11.7445351 ], [ 75.9320572, 11.7446296 ], [ 75.932701, 11.7449342 ], [ 75.9328619, 11.745034 ], [ 75.9329424, 11.7453124 ], [ 75.932937, 11.7455697 ], [ 75.9326688, 11.7459164 ], [ 75.9325561, 11.7460687 ], [ 75.9323094, 11.7467829 ], [ 75.9321499, 11.7471808 ], [ 75.9323778, 11.747383 ], [ 75.9326326, 11.7479187 ], [ 75.9329434, 11.7481486 ], [ 75.9332354, 11.7482774 ], [ 75.93333, 11.7483442 ], [ 75.9334876, 11.7484842 ], [ 75.933561, 11.748598 ], [ 75.9337121, 11.7488015 ], [ 75.933882, 11.7489908 ], [ 75.9341205, 11.7492567 ], [ 75.9342302, 11.7493121 ], [ 75.9343003, 11.7493195 ], [ 75.934393, 11.7493278 ], [ 75.9345593, 11.7493352 ], [ 75.9346097, 11.7493407 ], [ 75.9347125, 11.7493846 ], [ 75.9348467, 11.749456 ], [ 75.9350077, 11.7495084 ], [ 75.9351439, 11.7495256 ], [ 75.9352871, 11.7495182 ], [ 75.9354236, 11.7494932 ], [ 75.9355768, 11.7494673 ], [ 75.9356566, 11.749476 ], [ 75.9357861, 11.7495754 ], [ 75.9358663, 11.7497735 ], [ 75.9358309, 11.7499843 ], [ 75.9357627, 11.7501429 ], [ 75.9357544, 11.7501989 ], [ 75.9357627, 11.7502322 ], [ 75.9357923, 11.7502648 ], [ 75.9358374, 11.7502883 ], [ 75.9358984, 11.7503053 ], [ 75.9363701, 11.7503577 ], [ 75.9366238, 11.7503656 ], [ 75.9368313, 11.750372 ], [ 75.9375697, 11.7504663 ], [ 75.9378326, 11.7505372 ], [ 75.9381625, 11.7506212 ], [ 75.9384495, 11.7506711 ], [ 75.9386453, 11.7507079 ], [ 75.9388626, 11.7507893 ], [ 75.9390315, 11.750847 ], [ 75.9392484, 11.7509704 ], [ 75.9393695, 11.7510598 ], [ 75.9394982, 11.7511175 ], [ 75.9396216, 11.7511595 ], [ 75.9397101, 11.7512094 ], [ 75.9398738, 11.7513696 ], [ 75.9401071, 11.7516033 ], [ 75.9403565, 11.7518029 ], [ 75.9406328, 11.7520104 ], [ 75.9409064, 11.7521916 ], [ 75.9411719, 11.7523649 ], [ 75.9413919, 11.7525329 ], [ 75.9415609, 11.7526353 ], [ 75.9416547, 11.7527062 ], [ 75.9418693, 11.7529636 ], [ 75.9420088, 11.7531448 ], [ 75.9420839, 11.7532997 ], [ 75.9421456, 11.7535072 ], [ 75.9421697, 11.7536857 ], [ 75.9421509, 11.7539431 ], [ 75.9420919, 11.754119 ], [ 75.942041, 11.7542319 ], [ 75.9419578, 11.754358 ], [ 75.9418532, 11.7544788 ], [ 75.9417942, 11.7545996 ], [ 75.9417808, 11.7546561 ], [ 75.9418237, 11.7547886 ], [ 75.9419203, 11.754849 ], [ 75.9421134, 11.7549252 ], [ 75.9423092, 11.755004 ], [ 75.9426177, 11.7551169 ], [ 75.9428161, 11.755214 ], [ 75.942969, 11.7553191 ], [ 75.9431004, 11.7553952 ], [ 75.9433284, 11.7554793 ], [ 75.9435779, 11.7555134 ], [ 75.9438381, 11.7556053 ], [ 75.9439936, 11.7556972 ], [ 75.9441224, 11.7558206 ], [ 75.9444201, 11.7560622 ], [ 75.9445226, 11.7561624 ], [ 75.9447098, 11.7563169 ], [ 75.9449458, 11.7564903 ], [ 75.9452328, 11.7567371 ], [ 75.9454823, 11.7569235 ], [ 75.9457344, 11.757068 ], [ 75.945949, 11.757215 ], [ 75.9460697, 11.7573148 ], [ 75.9461421, 11.7574513 ], [ 75.9462735, 11.7576509 ], [ 75.9464336, 11.7578213 ], [ 75.9464794, 11.7578569 ], [ 75.9466785, 11.7579897 ], [ 75.9471077, 11.7582444 ], [ 75.9475341, 11.758528 ], [ 75.9477189, 11.7586383 ], [ 75.947856, 11.7587827 ], [ 75.947918, 11.7588312 ], [ 75.9479828, 11.7588818 ], [ 75.9482825, 11.7591162 ], [ 75.9485319, 11.7593079 ], [ 75.9486768, 11.7594444 ], [ 75.9488162, 11.7596099 ], [ 75.9489262, 11.75977 ], [ 75.9489362, 11.7597821 ], [ 75.9489883, 11.7598454 ], [ 75.949071, 11.759946 ], [ 75.9492105, 11.7600904 ], [ 75.9493473, 11.7601429 ], [ 75.9497443, 11.760135 ], [ 75.9499897, 11.7601204 ], [ 75.9501868, 11.760114 ], [ 75.9505087, 11.760093 ], [ 75.9507206, 11.7601035 ], [ 75.9509271, 11.7601219 ], [ 75.9511095, 11.7601797 ], [ 75.9513429, 11.7603162 ], [ 75.9514502, 11.7604291 ], [ 75.951713, 11.7606366 ], [ 75.9517774, 11.7607968 ], [ 75.9518069, 11.7609333 ], [ 75.9518149, 11.7610856 ], [ 75.9517854, 11.7612957 ], [ 75.9517318, 11.7614585 ], [ 75.9516755, 11.7616712 ], [ 75.9517111, 11.7617956 ], [ 75.9517693, 11.7618182 ], [ 75.9519625, 11.7618025 ], [ 75.9523621, 11.7617316 ], [ 75.9527484, 11.7616817 ], [ 75.9530407, 11.7616659 ], [ 75.9532338, 11.7616659 ], [ 75.9534377, 11.7617132 ], [ 75.9536657, 11.7617946 ], [ 75.9538937, 11.7618996 ], [ 75.9541136, 11.7619837 ], [ 75.9542209, 11.7619863 ], [ 75.9543765, 11.761918 ], [ 75.9545474, 11.7618194 ], [ 75.9546715, 11.7618104 ], [ 75.954819, 11.761834 ], [ 75.9549129, 11.761897 ], [ 75.955047, 11.7620703 ], [ 75.9552026, 11.7622699 ], [ 75.955385, 11.7625299 ], [ 75.9555057, 11.7627084 ], [ 75.9557023, 11.7628998 ], [ 75.9558034, 11.7629001 ], [ 75.9560823, 11.7629001 ], [ 75.956246, 11.7629342 ], [ 75.9565169, 11.7630734 ], [ 75.9567609, 11.7633176 ], [ 75.9569406, 11.7635382 ], [ 75.9570371, 11.76364 ], [ 75.9571123, 11.7637194 ], [ 75.9572357, 11.7638455 ], [ 75.9573188, 11.7639635 ], [ 75.9574207, 11.7640582 ], [ 75.9575871, 11.7642708 ], [ 75.9576756, 11.7643181 ], [ 75.9577694, 11.7643391 ], [ 75.9579438, 11.7643469 ], [ 75.9581208, 11.7643864 ], [ 75.9581986, 11.7644389 ], [ 75.9584722, 11.764712 ], [ 75.9585996, 11.7648117 ], [ 75.9587163, 11.7648761 ], [ 75.9589053, 11.7649351 ], [ 75.9589979, 11.7649837 ], [ 75.9591817, 11.7651019 ], [ 75.959305, 11.7651807 ], [ 75.9593721, 11.7652109 ], [ 75.9594592, 11.7652279 ], [ 75.9597073, 11.76522 ], [ 75.9600318, 11.7652292 ], [ 75.9602947, 11.7652266 ], [ 75.9605053, 11.7652293 ], [ 75.9607321, 11.7652489 ], [ 75.9609647, 11.765317 ], [ 75.9610713, 11.765354 ], [ 75.9611983, 11.7654019 ], [ 75.9614019, 11.7656183 ], [ 75.9615583, 11.7657792 ], [ 75.9615753, 11.7657975 ], [ 75.9618089, 11.765996 ], [ 75.9619859, 11.7661325 ], [ 75.9621227, 11.7661982 ], [ 75.9622777, 11.7662472 ], [ 75.9624533, 11.7662558 ], [ 75.9626867, 11.7662189 ], [ 75.9629032, 11.7661089 ], [ 75.9631151, 11.7659881 ], [ 75.9633511, 11.7657912 ], [ 75.9635147, 11.765673 ], [ 75.9637749, 11.7655601 ], [ 75.9639975, 11.7655365 ], [ 75.9642282, 11.7655339 ], [ 75.9644347, 11.7655916 ], [ 75.9646413, 11.7656835 ], [ 75.9648183, 11.7658358 ], [ 75.9649095, 11.7659645 ], [ 75.9649739, 11.7661982 ], [ 75.9650061, 11.7664371 ], [ 75.9652448, 11.7667365 ], [ 75.9654969, 11.7669518 ], [ 75.9657061, 11.7671671 ], [ 75.9658724, 11.7673667 ], [ 75.9659618, 11.7676 ], [ 75.9659744, 11.767633 ], [ 75.9660655, 11.7678709 ], [ 75.9663337, 11.7687899 ], [ 75.9664115, 11.7690525 ], [ 75.9664732, 11.7692205 ], [ 75.9666288, 11.7693991 ], [ 75.9668595, 11.7695566 ], [ 75.9671786, 11.7697011 ], [ 75.9674013, 11.7697956 ], [ 75.96764, 11.7698796 ], [ 75.9679925, 11.769934 ], [ 75.9683454, 11.7699374 ], [ 75.9688148, 11.7700056 ], [ 75.9691662, 11.7700503 ], [ 75.9693861, 11.7701763 ], [ 75.9696597, 11.7703916 ], [ 75.9699896, 11.7706201 ], [ 75.9703919, 11.7708984 ], [ 75.9708104, 11.7712056 ], [ 75.9711269, 11.7714105 ], [ 75.9715131, 11.7716153 ], [ 75.9718189, 11.7717072 ], [ 75.9723204, 11.7719015 ], [ 75.9723836, 11.7719167 ], [ 75.9726161, 11.7719728 ], [ 75.9729856, 11.7720039 ], [ 75.9732807, 11.7719908 ], [ 75.9735543, 11.7720328 ], [ 75.9739432, 11.7721562 ], [ 75.9744287, 11.772445 ], [ 75.97467, 11.7726209 ], [ 75.9749651, 11.7728494 ], [ 75.9751958, 11.7730306 ], [ 75.9752923, 11.7730778 ], [ 75.975417, 11.7731294 ], [ 75.9754613, 11.7732853 ], [ 75.9755044, 11.7733878 ], [ 75.9755766, 11.7735295 ], [ 75.9757081, 11.7737264 ], [ 75.9758931, 11.7740205 ], [ 75.9760246, 11.7743855 ], [ 75.9761158, 11.7747032 ], [ 75.9761667, 11.7749185 ], [ 75.9761676, 11.7751312 ], [ 75.9761614, 11.7753911 ], [ 75.9761506, 11.7755539 ], [ 75.976156, 11.7757351 ], [ 75.9762204, 11.776066 ], [ 75.9762847, 11.7763417 ], [ 75.9763277, 11.7765517 ], [ 75.9764296, 11.7769823 ], [ 75.9764651, 11.7771523 ], [ 75.9764813, 11.7772301 ], [ 75.9765234, 11.7773618 ], [ 75.9766106, 11.7775122 ], [ 75.9766514, 11.7775761 ], [ 75.9766976, 11.7776395 ], [ 75.976739, 11.7777179 ], [ 75.97677, 11.7778085 ], [ 75.976805, 11.7786402 ], [ 75.9771437, 11.7789623 ], [ 75.9772597, 11.7792132 ], [ 75.977325, 11.7793717 ], [ 75.9774459, 11.7794995 ], [ 75.9782409, 11.7802887 ], [ 75.978401, 11.7804108 ], [ 75.9794809, 11.7812343 ], [ 75.9805644, 11.7818349 ], [ 75.9818622, 11.7821808 ], [ 75.9825554, 11.7823656 ], [ 75.9833448, 11.782576 ], [ 75.9836046, 11.7826754 ], [ 75.9849545, 11.7829183 ], [ 75.986582, 11.7836877 ], [ 75.9887854, 11.784518 ], [ 75.9895321, 11.7847994 ], [ 75.9901126, 11.7852799 ], [ 75.9902109, 11.7854384 ], [ 75.9902938, 11.7860412 ], [ 75.9903983, 11.7864942 ], [ 75.9906286, 11.7869462 ], [ 75.9916598, 11.7881601 ], [ 75.991701, 11.7883619 ], [ 75.9918426, 11.7890546 ], [ 75.9927757, 11.7898698 ], [ 75.9930566, 11.7901152 ], [ 75.9933412, 11.7905636 ], [ 75.9942531, 11.7920546 ], [ 75.9943896, 11.7922778 ], [ 75.9944938, 11.7927695 ], [ 75.9945321, 11.7930219 ], [ 75.9945417, 11.7931255 ], [ 75.9945623, 11.7932788 ], [ 75.994614, 11.7936631 ], [ 75.994724, 11.7938232 ], [ 75.9952644, 11.7946239 ], [ 75.9956386, 11.7948377 ], [ 75.9960519, 11.7951204 ], [ 75.9964886, 11.7954192 ], [ 75.9968711, 11.7956353 ], [ 75.9972691, 11.7957267 ], [ 75.9977822, 11.7959915 ], [ 75.9979246, 11.7958945 ], [ 75.9979819, 11.7958554 ], [ 75.9982615, 11.7958217 ], [ 75.9984623, 11.7958169 ], [ 75.9986425, 11.7958133 ], [ 75.9991206, 11.7957665 ], [ 75.999453, 11.7957355 ], [ 75.9997253, 11.7957014 ], [ 75.9997555, 11.7956957 ], [ 75.9997749, 11.795692 ], [ 75.9997612, 11.7958417 ], [ 75.9997366, 11.7959533 ], [ 75.9997366, 11.7960649 ], [ 75.9997039, 11.7961775 ], [ 75.9997093, 11.7962037 ], [ 75.9997764, 11.7964427 ], [ 75.9998354, 11.7966264 ], [ 75.9998877, 11.7967715 ], [ 75.9998689, 11.7968595 ], [ 75.9998984, 11.7970905 ], [ 75.999942, 11.7973307 ], [ 76.000003, 11.7978119 ], [ 76.0002894, 11.7980967 ], [ 76.0005331, 11.7983102 ], [ 76.000757, 11.7984148 ], [ 76.0010734, 11.7986414 ], [ 76.0014315, 11.798839 ], [ 76.0016338, 11.798945 ], [ 76.0016575, 11.798961 ], [ 76.0016495, 11.7990044 ], [ 76.0016602, 11.7990713 ], [ 76.0017152, 11.7991895 ], [ 76.0018332, 11.7993444 ], [ 76.0019446, 11.7995502 ], [ 76.0019634, 11.7996658 ], [ 76.0019687, 11.7999309 ], [ 76.00199, 11.8000737 ], [ 76.0016016, 11.800223 ], [ 76.0015162, 11.8002306 ] ] } },
{ "type": "Feature", "properties": { "origin_id": 4, "origin": "Vellmunda", "destination_type": "Hospital", "destination": "District Hospital Mananthavady", "route_type": "least_risk", "distance_km": 12.276, "mean_risk": 0.2868, "max_risk": 0.5617 }, "geometry": { "type": "LineString", "coordinates": [ [ 75.9342298, 11.737849 ], [ 75.9338007, 11.7381904 ], [ 75.9336451, 11.7384846 ], [ 75.9334252, 11.7390465 ], [ 75.9333447, 11.7397451 ], [ 75.9332481, 11.7399394 ], [ 75.9331068, 11.7401124 ], [ 75.9330551, 11.7401756 ], [ 75.9328619, 11.7404121 ], [ 75.9323255, 11.7409006 ], [ 75.9318427, 11.7411684 ], [ 75.9316495, 11.7412682 ], [ 75.9315369, 11.74141 ], [ 75.9315905, 11.7414993 ], [ 75.9316871, 11.741452 ], [ 75.9319017, 11.7413733 ], [ 75.9321538, 11.741452 ], [ 75.9323791, 11.7416411 ], [ 75.9325025, 11.7418039 ], [ 75.9325508, 11.7419457 ], [ 75.9326044, 11.7422346 ], [ 75.9324918, 11.7424342 ], [ 75.9324864, 11.7426495 ], [ 75.9325347, 11.7428018 ], [ 75.93254, 11.7431432 ], [ 75.9324059, 11.7432693 ], [ 75.9322289, 11.7435371 ], [ 75.9322182, 11.7439206 ], [ 75.9322021, 11.7441727 ], [ 75.9318909, 11.74443 ], [ 75.9319231, 11.7445351 ], [ 75.9320572, 11.7446296 ], [ 75.932701, 11.7449342 ], [ 75.9328619, 11.745034 ], [ 75.9329424, 11.7453124 ], [ 75.932937, 11.7455697 ], [ 75.9326688, 11.7459164 ], [ 75.9325561, 11.7460687 ], [ 75.9323094, 11.7467829 ], [ 75.9321499, 11.7471808 ], [ 75.9323778, 11.747383 ], [ 75.9326326, 11.7479187 ], [ 75.9329434, 11.7481486 ], [ 75.9332354, 11.7482774 ], [ 75.93333, 11.7483442 ], [ 75.9334876, 11.7484842 ], [ 75.933561, 11.748598 ], [ 75.9337121, 11.7488015 ], [ 75.933882, 11.7489908 ], [ 75.9341205, 11.7492567 ], [ 75.9342302, 11.7493121 ], [ 75.9343003, 11.7493195 ], [ 75.934393, 11.7493278 ], [ 75.9345593, 11.7493352 ], [ 75.9346097, 11.7493407 ], [ 75.9347125, 11.7493846 ], [ 75.9348467, 11.749456 ], [ 75.9350077, 11.7495084 ], [ 75.9351439, 11.7495256 ], [ 75.9352871, 11.7495182 ], [ 75.9354236, 11.7494932 ], [ 75.9355768, 11.7494673 ], [ 75.9356566, 11.749476 ], [ 75.9357861, 11.7495754 ], [ 75.9358663, 11.7497735 ], [ 75.9358309, 11.7499843 ], [ 75.9357627, 11.7501429 ], [ 75.9357544, 11.7501989 ], [ 75.9357627, 11.7502322 ], [ 75.9357923, 11.7502648 ], [ 75.9358374, 11.7502883 ], [ 75.9358984, 11.7503053 ], [ 75.9363701, 11.7503577 ], [ 75.9366238, 11.7503656 ], [ 75.9368313, 11.750372 ], [ 75.9375697, 11.7504663 ], [ 75.9378326, 11.7505372 ], [ 75.9381625, 11.7506212 ], [ 75.9384495, 11.7506711 ], [ 75.9386453, 11.7507079 ], [ 75.9388626, 11.7507893 ], [ 75.9390315, 11.750847 ], [ 75.9392484, 11.7509704 ], [ 75.9393695, 11.7510598 ], [ 75.9394982, 11.7511175 ], [ 75.9396216, 11.7511595 ], [ 75.9397101, 11.7512094 ], [ 75.9398738, 11.7513696 ], [ 75.9401071, 11.7516033 ], [ 75.9403565, 11.7518029 ], [ 75.9406328, 11.7520104 ], [ 75.9409064, 11.7521916 ], [ 75.9411719, 11.7523649 ], [ 75.9413919, 11.7525329 ], [ 75.9415609, 11.7526353 ], [ 75.9416547, 11.7527062 ], [ 75.9418693, 11.7529636 ], [ 75.9420088, 11.7531448 ], [ 75.9420839, 11.7532997 ], [ 75.9421456, 11.7535072 ], [ 75.9421697, 11.7536857 ], [ 75.9421509, 11.7539431 ], [ 75.9420919, 11.754119 ], [ 75.942041, 11.7542319 ], [ 75.9419578, 11.754358 ], [ 75.9418532, 11.7544788 ], [ 75.9417942, 11.7545996 ], [ 75.9417808, 11.7546561 ], [ 75.9418237, 11.7547886 ], [ 75.9419203, 11.754849 ], [ 75.9421134, 11.7549252 ], [ 75.9423092, 11.755004 ], [ 75.9426177, 11.7551169 ], [ 75.9428161, 11.755214 ], [ 75.942969, 11.7553191 ], [ 75.9431004, 11.7553952 ], [ 75.9433284, 11.7554793 ], [ 75.9435779, 11.7555134 ], [ 75.9438381, 11.7556053 ], [ 75.9439936, 11.7556972 ], [ 75.9441224, 11.7558206 ], [ 75.9444201, 11.7560622 ], [ 75.9445226, 11.7561624 ], [ 75.9447098, 11.7563169 ], [ 75.9449458, 11.7564903 ], [ 75.9452328, 11.7567371 ], [ 75.9454823, 11.7569235 ], [ 75.9457344, 11.757068 ], [ 75.945949, 11.757215 ], [ 75.9460697, 11.7573148 ], [ 75.9461421, 11.7574513 ], [ 75.9462735, 11.7576509 ], [ 75.9464336, 11.7578213 ], [ 75.9464794, 11.7578569 ], [ 75.9466785, 11.7579897 ], [ 75.9471077, 11.7582444 ], [ 75.9475341, 11.758528 ], [ 75.9477189, 11.7586383 ], [ 75.947856, 11.7587827 ], [ 75.947918, 11.7588312 ], [ 75.9479828, 11.7588818 ], [ 75.9482825, 11.7591162 ], [ 75.9485319, 11.7593079 ], [ 75.9486768, 11.7594444 ], [ 75.9488162, 11.7596099 ], [ 75.9489262, 11.75977 ], [ 75.9489362, 11.7597821 ], [ 75.9489883, 11.7598454 ], [ 75.949071, 11.759946 ], [ 75.9492105, 11.7600904 ], [ 75.9493473, 11.7601429 ], [ 75.9497443, 11.760135 ], [ 75.9499897, 11.7601204 ], [ 75.9501868, 11.760114 ], [ 75.9505087, 11.760093 ], [ 75.9507206, 11.7601035 ], [ 75.9509271, 11.7601219 ], [ 75.9511095, 11.7601797 ], [ 75.9513429, 11.7603162 ], [ 75.9514502, 11.7604291 ], [ 75.951713, 11.7606366 ], [ 75.9517774, 11.7607968 ], [ 75.9518069, 11.7609333 ], [ 75.9518149, 11.7610856 ], [ 75.9517854, 11.7612957 ], [ 75.9517318, 11.7614585 ], [ 75.9516755, 11.7616712 ], [ 75.9517111, 11.7617956 ], [ 75.9517693, 11.7618182 ], [ 75.9519625, 11.7618025 ], [ 75.9523621, 11.7617316 ], [ 75.9527484, 11.7616817 ], [ 75.9530407, 11.7616659 ], [ 75.9532338, 11.7616659 ], [ 75.9534377, 11.7617132 ], [ 75.9536657, 11.7617946 ], [ 75.9538937, 11.7618996 ], [ 75.9541136, 11.7619837 ], [ 75.9542209, 11.7619863 ], [ 75.9543765, 11.761918 ], [ 75.9545474, 11.7618194 ], [ 75.9546715, 11.7618104 ], [ 75.954819, 11.761834 ], [ 75.9549129, 11.761897 ], [ 75.955047, 11.7620703 ], [ 75.9552026, 11.7622699 ], [ 75.955385, 11.7625299 ], [ 75.9555057, 11.7627084 ], [ 75.9557023, 11.7628998 ], [ 75.9558034, 11.7629001 ], [ 75.9560823, 11.7629001 ], [ 75.956246, 11.7629342 ], [ 75.9565169, 11.7630734 ], [ 75.9567609, 11.7633176 ], [ 75.9569406, 11.7635382 ], [ 75.9570371, 11.76364 ], [ 75.9571123, 11.7637194 ], [ 75.9572357, 11.7638455 ], [ 75.9573188, 11.7639635 ], [ 75.9574207, 11.7640582 ], [ 75.9575871, 11.7642708 ], [ 75.9576756, 11.7643181 ], [ 75.9577694, 11.7643391 ], [ 75.9579438, 11.7643469 ], [ 75.9581208, 11.7643864 ], [ 75.9581986, 11.7644389 ], [ 75.9584722, 11.764712 ], [ 75.9585996, 11.7648117 ], [ 75.9587163, 11.7648761 ], [ 75.9589053, 11.7649351 ], [ 75.9589979, 11.7649837 ], [ 75.9591817, 11.7651019 ], [ 75.959305, 11.7651807 ], [ 75.9593721, 11.7652109 ], [ 75.9594592, 11.7652279 ], [ 75.9597073, 11.76522 ], [ 75.9600318, 11.7652292 ], [ 75.9602947, 11.7652266 ], [ 75.9605053, 11.7652293 ], [ 75.9607321, 11.7652489 ], [ 75.9609647, 11.765317 ], [ 75.9610713, 11.765354 ], [ 75.9611983, 11.7654019 ], [ 75.9614019, 11.7656183 ], [ 75.9615583, 11.7657792 ], [ 75.9615753, 11.7657975 ], [ 75.9618089, 11.765996 ], [ 75.9619859, 11.7661325 ], [ 75.9621227, 11.7661982 ], [ 75.9622777, 11.7662472 ], [ 75.9624533, 11.7662558 ], [ 75.9626867, 11.7662189 ], [ 75.9629032, 11.7661089 ], [ 75.9631151, 11.7659881 ], [ 75.9633511, 11.7657912 ], [ 75.9635147, 11.765673 ], [ 75.9637749, 11.7655601 ], [ 75.9639975, 11.7655365 ], [ 75.9642282, 11.7655339 ], [ 75.9644347, 11.7655916 ], [ 75.9646413, 11.7656835 ], [ 75.9648183, 11.7658358 ], [ 75.9649095, 11.7659645 ], [ 75.9649739, 11.7661982 ], [ 75.9650061, 11.7664371 ], [ 75.9652448, 11.7667365 ], [ 75.9654969, 11.7669518 ], [ 75.9657061, 11.7671671 ], [ 75.9658724, 11.7673667 ], [ 75.9659618, 11.7676 ], [ 75.9659744, 11.767633 ], [ 75.9660655, 11.7678709 ], [ 75.9663337, 11.7687899 ], [ 75.9664115, 11.7690525 ], [ 75.9664732, 11.7692205 ], [ 75.9666288, 11.7693991 ], [ 75.9668595, 11.7695566 ], [ 75.9671786, 11.7697011 ], [ 75.9674013, 11.7697956 ], [ 75.96764, 11.7698796 ], [ 75.9679925, 11.769934 ], [ 75.9683454, 11.7699374 ], [ 75.9688148, 11.7700056 ], [ 75.9691662, 11.7700503 ], [ 75.9693861, 11.7701763 ], [ 75.9696597, 11.7703916 ], [ 75.9699896, 11.7706201 ], [ 75.9703919, 11.7708984 ], [ 75.9708104, 11.7712056 ], [ 75.9711269, 11.7714105 ], [ 75.9715131, 11.7716153 ], [ 75.9718189, 11.7717072 ], [ 75.9723204, 11.7719015 ], [ 75.9723836, 11.7719167 ], [ 75.9726161, 11.7719728 ], [ 75.9729856, 11.7720039 ], [ 75.9732807, 11.7719908 ], [ 75.9735543, 11.7720328 ], [ 75.9739432, 11.7721562 ], [ 75.9744287, 11.772445 ], [ 75.97467, 11.7726209 ], [ 75.9749651, 11.7728494 ], [ 75.9751958, 11.7730306 ], [ 75.9752923, 11.7730778 ], [ 75.975417, 11.7731294 ], [ 75.9754613, 11.7732853 ], [ 75.9755044, 11.7733878 ], [ 75.9755766, 11.7735295 ], [ 75.9757081, 11.7737264 ], [ 75.9758931, 11.7740205 ], [ 75.9760246, 11.7743855 ], [ 75.9761158, 11.7747032 ], [ 75.9761667, 11.7749185 ], [ 75.9761676, 11.7751312 ], [ 75.9761614, 11.7753911 ], [ 75.9761506, 11.7755539 ], [ 75.976156, 11.7757351 ], [ 75.9762204, 11.776066 ], [ 75.9762847, 11.7763417 ], [ 75.9763277, 11.7765517 ], [ 75.9764296, 11.7769823 ], [ 75.9764651, 11.7771523 ], [ 75.9764813, 11.7772301 ], [ 75.9765234, 11.7773618 ], [ 75.9766106, 11.7775122 ], [ 75.9766514, 11.7775761 ], [ 75.9766976, 11.7776395 ], [ 75.976739, 11.7777179 ], [ 75.97677, 11.7778085 ], [ 75.976805, 11.7786402 ], [ 75.9771437, 11.7789623 ], [ 75.9772597, 11.7792132 ], [ 75.977325, 11.7793717 ], [ 75.9774459, 11.7794995 ], [ 75.9782409, 11.7802887 ], [ 75.978401, 11.7804108 ], [ 75.9794809, 11.7812343 ], [ 75.9805644, 11.7818349 ], [ 75.9818622, 11.7821808 ], [ 75.9825554, 11.7823656 ], [ 75.9833448, 11.782576 ], [ 75.9836046, 11.7826754 ], [ 75.9849545, 11.7829183 ], [ 75.986582, 11.7836877 ], [ 75.9887854, 11.784518 ], [ 75.9895321, 11.7847994 ], [ 75.9901126, 11.7852799 ], [ 75.9902109, 11.7854384 ], [ 75.9902938, 11.7860412 ], [ 75.9903983, 11.7864942 ], [ 75.9906286, 11.7869462 ], [ 75.9916598, 11.7881601 ], [ 75.991701, 11.7883619 ], [ 75.9918426, 11.7890546 ], [ 75.9927757, 11.7898698 ], [ 75.9930566, 11.7901152 ], [ 75.9933412, 11.7905636 ], [ 75.9942531, 11.7920546 ], [ 75.9943896, 11.7922778 ], [ 75.9944938, 11.7927695 ], [ 75.9945321, 11.7930219 ], [ 75.9945417, 11.7931255 ], [ 75.9945623, 11.7932788 ], [ 75.994614, 11.7936631 ], [ 75.994724, 11.7938232 ], [ 75.9952644, 11.7946239 ], [ 75.9956386, 11.7948377 ], [ 75.9960519, 11.7951204 ], [ 75.9964886, 11.7954192 ], [ 75.9968711, 11.7956353 ], [ 75.9972691, 11.7957267 ], [ 75.9977822, 11.7959915 ], [ 75.9979246, 11.7958945 ], [ 75.9979819, 11.7958554 ], [ 75.9982615, 11.7958217 ], [ 75.9984623, 11.7958169 ], [ 75.9986425, 11.7958133 ], [ 75.9991206, 11.7957665 ], [ 75.999453, 11.7957355 ], [ 75.9997253, 11.7957014 ], [ 75.9997555, 11.7956957 ], [ 75.9997749, 11.795692 ], [ 75.9997612, 11.7958417 ], [ 75.9997366, 11.7959533 ], [ 75.9997366, 11.7960649 ], [ 75.9997039, 11.7961775 ], [ 75.9997093, 11.7962037 ], [ 75.9997764, 11.7964427 ], [ 75.9998354, 11.7966264 ], [ 75.9998877, 11.7967715 ], [ 75.9998689, 11.7968595 ], [ 75.9998984, 11.7970905 ], [ 75.999942, 11.7973307 ], [ 76.000003, 11.7978119 ], [ 76.0002894, 11.7980967 ], [ 76.0005331, 11.7983102 ], [ 76.000757, 11.7984148 ], [ 76.0010734, 11.7986414 ], [ 76.0014315, 11.798839 ], [ 76.0016338, 11.798945 ], [ 76.0016575, 11.798961 ], [ 76.0016495, 11.7990044 ], [ 76.0016602, 11.7990713 ], [ 76.0017152, 11.7991895 ], [ 76.0018332, 11.7993444 ], [ 76.0019446, 11.7995502 ], [ 76.0019634, 11.7996658 ], [ 76.0019687, 11.7999309 ], [ 76.00199, 11.8000737 ], [ 76.0016016, 11.800223 ], [ 76.0015162, 11.8002306 ] ] } },
{ "type": "Feature", "properties": { "origin_id": 4, "origin": "Vellmunda", "destination_type": "Shelter", "destination": "St Annes English Medium Public School", "route_type": "shortest", "distance_km": 1.268, "mean_risk": 0.3397, "max_risk": 0.359 }, "geometry": { "type": "LineString", "coordinates": [ [ 75.9342298, 11.737849 ], [ 75.9344605, 11.7375024 ], [ 75.9352008, 11.7368248 ], [ 75.9355495, 11.7364309 ], [ 75.9357048, 11.7362438 ], [ 75.9357587, 11.7361841 ], [ 75.9359918, 11.7357585 ], [ 75.9360752, 11.7356063 ], [ 75.9363059, 11.7352229 ], [ 75.9365043, 11.734787 ], [ 75.9365669, 11.7345929 ], [ 75.9366043, 11.7343905 ], [ 75.9366338, 11.7341766 ], [ 75.936683, 11.734034 ], [ 75.9367657, 11.7338972 ], [ 75.9368719, 11.73377 ], [ 75.9370589, 11.733583 ], [ 75.9372286, 11.7333996 ], [ 75.9374168, 11.7333311 ], [ 75.937787, 11.7330974 ], [ 75.9378163, 11.733064 ], [ 75.9379724, 11.7328671 ], [ 75.938135, 11.7326797 ], [ 75.9383578, 11.7324461 ], [ 75.9385384, 11.732187 ], [ 75.9386173, 11.7320473 ], [ 75.93883, 11.7319234 ], [ 75.9388997, 11.7319171 ], [ 75.9389695, 11.7319107 ], [ 75.939122, 11.7319674 ], [ 75.9392273, 11.7320615 ], [ 75.9393582, 11.7322409 ], [ 75.9395245, 11.7324352 ], [ 75.9396264, 11.7325875 ], [ 75.9399107, 11.7327661 ], [ 75.9402541, 11.7327136 ], [ 75.9404188, 11.7326805 ], [ 75.9405835, 11.732618 ], [ 75.9413139, 11.7325836 ], [ 75.9413955, 11.7325793 ], [ 75.9413865, 11.7328868 ], [ 75.941391, 11.7334523 ] ] } },
{ "type": "Feature", "properties": { "origin_id": 4, "origin": "Vellmunda", "destination_type": "Shelter", "destination": "St Annes English Medium Public School", "route_type": "least_risk", "distance_km": 1.268, "mean_risk": 0.3397, "max_risk": 0.359 }, "geometry": { "type": "LineString", "coordinates": [ [ 75.9342298, 11.737849 ], [ 75.9344605, 11.7375024 ], [ 75.9352008, 11.7368248 ], [ 75.9355495, 11.7364309 ], [ 75.9357048, 11.7362438 ], [ 75.9357587, 11.7361841 ], [ 75.9359918, 11.7357585 ], [ 75.9360752, 11.7356063 ], [ 75.9363059, 11.7352229 ], [ 75.9365043, 11.734787 ], [ 75.9365669, 11.7345929 ], [ 75.9366043, 11.7343905 ], [ 75.9366338, 11.7341766 ], [ 75.936683, 11.734034 ], [ 75.9367657, 11.7338972 ], [ 75.9368719, 11.73377 ], [ 75.9370589, 11.733583 ], [ 75.9372286, 11.7333996 ], [ 75.9374168, 11.7333311 ], [ 75.937787, 11.7330974 ], [ 75.9378163, 11.733064 ], [ 75.9379724, 11.7328671 ], [ 75.938135, 11.7326797 ], [ 75.9383578, 11.7324461 ], [ 75.9385384, 11.732187 ], [ 75.9386173, 11.7320473 ], [ 75.93883, 11.7319234 ], [ 75.9388997, 11.7319171 ], [ 75.9389695, 11.7319107 ], [ 75.939122, 11.7319674 ], [ 75.9392273, 11.7320615 ], [ 75.9393582, 11.7322409 ], [ 75.9395245, 11.7324352 ], [ 75.9396264, 11.7325875 ], [ 75.9399107, 11.7327661 ], [ 75.9402541, 11.7327136 ], [ 75.9404188, 11.7326805 ], [ 75.9405835, 11.732618 ], [ 75.9413139, 11.7325836 ], [ 75.9413955, 11.7325793 ], [ 75.9413865, 11.7328868 ], [ 75.941391, 11.7334523 ] ] } },
{ "type": "Feature", "properties": { "origin_id": 5, "origin": "Korome", "destination_type": "Hospital", "destination": "District Hospital Mananthavady", "route_type": "shortest", "distance_km": 17.245, "mean_risk": 0.2919, "max_risk": 0.5617 }, "geometry": { "type": "LineString", "coordinates": [ [ 75.8822433, 11.7433693 ], [ 75.8821812, 11.7435237 ], [ 75.8821952, 11.743703 ], [ 75.8821308, 11.7437829 ], [ 75.8821467, 11.7442436 ], [ 75.8824024, 11.7441691 ], [ 75.8828688, 11.7439852 ], [ 75.8831424, 11.7438946 ], [ 75.8835329, 11.7438017 ], [ 75.8841431, 11.7436897 ], [ 75.8843507, 11.7436286 ], [ 75.8845532, 11.7435624 ], [ 75.884694, 11.7435401 ], [ 75.884859, 11.7435349 ], [ 75.8850481, 11.7435401 ], [ 75.8852942, 11.7435607 ], [ 75.8860762, 11.7435935 ], [ 75.8864468, 11.7435834 ], [ 75.886482, 11.7435791 ], [ 75.8865642, 11.7435689 ], [ 75.8867905, 11.7435409 ], [ 75.8873212, 11.7434613 ], [ 75.8878144, 11.7434137 ], [ 75.8880924, 11.7433865 ], [ 75.8884223, 11.7433327 ], [ 75.888781, 11.7432967 ], [ 75.8891043, 11.7432626 ], [ 75.8893222, 11.743225 ], [ 75.8895555, 11.7431501 ], [ 75.8898233, 11.7430497 ], [ 75.8899269, 11.743019 ], [ 75.8899672, 11.743007 ], [ 75.8901362, 11.7430031 ], [ 75.8906789, 11.7430536 ], [ 75.8909623, 11.7430832 ], [ 75.891134, 11.7430911 ], [ 75.891239, 11.7431084 ], [ 75.8913325, 11.7430635 ], [ 75.8917012, 11.743016 ], [ 75.891966, 11.7429217 ], [ 75.8922038, 11.7427691 ], [ 75.8924507, 11.7426435 ], [ 75.8929982, 11.7424729 ], [ 75.8938644, 11.7419523 ], [ 75.8941516, 11.7418805 ], [ 75.8949145, 11.7417997 ], [ 75.8952017, 11.7418042 ], [ 75.8956056, 11.7418581 ], [ 75.8964808, 11.742078 ], [ 75.8972527, 11.7423921 ], [ 75.8973155, 11.7424011 ], [ 75.8974861, 11.7423921 ], [ 75.8977419, 11.7423203 ], [ 75.8980964, 11.7422755 ], [ 75.8987068, 11.7420241 ], [ 75.898792, 11.7420241 ], [ 75.8990553, 11.7421016 ], [ 75.8991928, 11.7420343 ], [ 75.8992495, 11.7420044 ], [ 75.8993604, 11.7419459 ], [ 75.8994506, 11.7418281 ], [ 75.8995838, 11.7415336 ], [ 75.8997131, 11.7412661 ], [ 75.8997342, 11.7412223 ], [ 75.8999679, 11.7410141 ], [ 75.9000838, 11.7409609 ], [ 75.9004124, 11.7408099 ], [ 75.9006716, 11.7407726 ], [ 75.900805, 11.7408398 ], [ 75.9009231, 11.7409424 ], [ 75.9010222, 11.7410543 ], [ 75.9010427, 11.7410836 ], [ 75.9010898, 11.7411509 ], [ 75.9011453, 11.7412567 ], [ 75.9011722, 11.7413434 ], [ 75.9012178, 11.7414117 ], [ 75.9012741, 11.7414432 ], [ 75.9013438, 11.7414458 ], [ 75.9014216, 11.7414064 ], [ 75.9014645, 11.7413539 ], [ 75.9015155, 11.7412856 ], [ 75.9016475, 11.7411307 ], [ 75.9017918, 11.7410246 ], [ 75.9019848, 11.7408745 ], [ 75.9021329, 11.7406554 ], [ 75.9022136, 11.7405919 ], [ 75.9023256, 11.7405038 ], [ 75.9025536, 11.7403628 ], [ 75.9029866, 11.7401499 ], [ 75.9032, 11.74011 ], [ 75.9034606, 11.7401321 ], [ 75.9040222, 11.7403498 ], [ 75.9042816, 11.7404186 ], [ 75.9046391, 11.7404986 ], [ 75.9052051, 11.7405891 ], [ 75.9055286, 11.7404081 ], [ 75.9059733, 11.7403572 ], [ 75.9065105, 11.7402554 ], [ 75.9068979, 11.7400558 ], [ 75.9072446, 11.7397928 ], [ 75.9074531, 11.7396255 ], [ 75.9076891, 11.7395303 ], [ 75.907809, 11.7395049 ], [ 75.9080139, 11.7394615 ], [ 75.9081588, 11.7394475 ], [ 75.9082621, 11.7394375 ], [ 75.9083411, 11.7394299 ], [ 75.9086308, 11.7396243 ], [ 75.90884, 11.7398711 ], [ 75.9089205, 11.7399972 ], [ 75.9089627, 11.7400579 ], [ 75.9090694, 11.7401849 ], [ 75.9091356, 11.740315 ], [ 75.9091603, 11.7403507 ], [ 75.9091957, 11.7403761 ], [ 75.9092432, 11.7403919 ], [ 75.9093841, 11.7403973 ], [ 75.9095415, 11.7403741 ], [ 75.9097963, 11.740332 ], [ 75.9100665, 11.7402358 ], [ 75.9103448, 11.7401258 ], [ 75.9105651, 11.7400506 ], [ 75.9107909, 11.7400094 ], [ 75.9110341, 11.7400116 ], [ 75.9112916, 11.7400878 ], [ 75.9117941, 11.7402609 ], [ 75.9119663, 11.7403141 ], [ 75.9121526, 11.7404436 ], [ 75.9123062, 11.7406546 ], [ 75.9124382, 11.7408402 ], [ 75.9128689, 11.7415425 ], [ 75.9129098, 11.7416467 ], [ 75.912958, 11.741733 ], [ 75.913067, 11.7418662 ], [ 75.913323, 11.7420192 ], [ 75.913565, 11.7421455 ], [ 75.9136483, 11.742164 ], [ 75.913753, 11.7422081 ], [ 75.9138944, 11.7422773 ], [ 75.9141214, 11.7424276 ], [ 75.9143792, 11.7425723 ], [ 75.9145725, 11.742624 ], [ 75.9147438, 11.742674 ], [ 75.9149464, 11.7427137 ], [ 75.9150216, 11.7427385 ], [ 75.9151081, 11.7427822 ], [ 75.915196, 11.7428433 ], [ 75.9152466, 11.7429301 ], [ 75.9152981, 11.7430312 ], [ 75.9154072, 11.7431881 ], [ 75.915563, 11.7433287 ], [ 75.9157654, 11.7434315 ], [ 75.9159635, 11.7435144 ], [ 75.9162267, 11.743497 ], [ 75.9164137, 11.7435028 ], [ 75.916591, 11.7435091 ], [ 75.9168055, 11.7435036 ], [ 75.9169672, 11.7434873 ], [ 75.9169978, 11.7434842 ], [ 75.9170209, 11.7434868 ], [ 75.9171892, 11.7435057 ], [ 75.9172617, 11.7435094 ], [ 75.9173187, 11.7434961 ], [ 75.9174095, 11.7435135 ], [ 75.9174901, 11.7435191 ], [ 75.9175648, 11.7435049 ], [ 75.9176347, 11.7435182 ], [ 75.9177211, 11.7435189 ], [ 75.9178652, 11.7434959 ], [ 75.918035, 11.7434667 ], [ 75.9182259, 11.7434345 ], [ 75.9182678, 11.7434291 ], [ 75.9183371, 11.7434248 ], [ 75.9184314, 11.7434248 ], [ 75.9185322, 11.743459 ], [ 75.9187474, 11.743571 ], [ 75.9188913, 11.7436432 ], [ 75.9192112, 11.7438245 ], [ 75.9193941, 11.743978 ], [ 75.9197509, 11.7442549 ], [ 75.9200091, 11.7444149 ], [ 75.9217563, 11.7449518 ], [ 75.921845, 11.7450151 ], [ 75.9219484, 11.7450723 ], [ 75.9220328, 11.7451079 ], [ 75.9221331, 11.7451328 ], [ 75.9222635, 11.7451528 ], [ 75.9224292, 11.7451288 ], [ 75.9225516, 11.7450686 ], [ 75.9227488, 11.7449715 ], [ 75.922909, 11.7448651 ], [ 75.9230476, 11.7447555 ], [ 75.9232555, 11.7446373 ], [ 75.9238791, 11.7444286 ], [ 75.9241196, 11.7443584 ], [ 75.9242643, 11.744302 ], [ 75.9245135, 11.744304 ], [ 75.9247603, 11.7444905 ], [ 75.9248984, 11.7447086 ], [ 75.9249829, 11.7450944 ], [ 75.9250742, 11.7452625 ], [ 75.9251769, 11.7453382 ], [ 75.9253075, 11.7453833 ], [ 75.9254826, 11.7453711 ], [ 75.9256365, 11.7453116 ], [ 75.9258091, 11.7453176 ], [ 75.9260894, 11.7454056 ], [ 75.9263428, 11.7455514 ], [ 75.9265467, 11.7460083 ], [ 75.9266164, 11.7463497 ], [ 75.9267291, 11.7466123 ], [ 75.9270026, 11.7467987 ], [ 75.9273164, 11.7469038 ], [ 75.9276437, 11.7469143 ], [ 75.9281275, 11.7468158 ], [ 75.9282533, 11.7467508 ], [ 75.9285744, 11.7465125 ], [ 75.9290101, 11.7462733 ], [ 75.9293791, 11.7461264 ], [ 75.9297144, 11.7462026 ], [ 75.9298914, 11.7462472 ], [ 75.9300153, 11.7462139 ], [ 75.9302941, 11.7461285 ], [ 75.9304172, 11.7461265 ], [ 75.9305445, 11.7461418 ], [ 75.9307282, 11.7461934 ], [ 75.931042, 11.7463418 ], [ 75.9313505, 11.7465531 ], [ 75.9315678, 11.7467843 ], [ 75.9318306, 11.7470074 ], [ 75.9321499, 11.7471808 ], [ 75.9323778, 11.747383 ], [ 75.9326326, 11.7479187 ], [ 75.9329434, 11.7481486 ], [ 75.9332354, 11.7482774 ], [ 75.93333, 11.7483442 ], [ 75.9334876, 11.7484842 ], [ 75.933561, 11.748598 ], [ 75.9337121, 11.7488015 ], [ 75.933882, 11.7489908 ], [ 75.9341205, 11.7492567 ], [ 75.9342302, 11.7493121 ], [ 75.9343003, 11.7493195 ], [ 75.934393, 11.7493278 ], [ 75.9345593, 11.7493352 ], [ 75.9346097, 11.7493407 ], [ 75.9347125, 11.7493846 ], [ 75.9348467, 11.749456 ], [ 75.9350077, 11.7495084 ], [ 75.9351439, 11.7495256 ], [ 75.9352871, 11.7495182 ], [ 75.9354236, 11.7494932 ], [ 75.9355768, 11.7494673 ], [ 75.9356566, 11.749476 ], [ 75.9357861, 11.7495754 ], [ 75.9358663, 11.7497735 ], [ 75.9358309, 11.7499843 ], [ 75.9357627, 11.7501429 ], [ 75.9357544, 11.7501989 ], [ 75.9357627, 11.7502322 ], [ 75.9357923, 11.7502648 ], [ 75.9358374, 11.7502883 ], [ 75.9358984, 11.7503053 ], [ 75.9363701, 11.7503577 ], [ 75.9366238, 11.7503656 ], [ 75.9368313, 11.750372 ], [ 75.9375697, 11.7504663 ], [ 75.9378326, 11.7505372 ], [ 75.9381625, 11.7506212 ], [ 75.9384495, 11.7506711 ], [ 75.9386453, 11.7507079 ], [ 75.9388626, 11.7507893 ], [ 75.9390315, 11.750847 ], [ 75.9392484, 11.7509704 ], [ 75.9393695, 11.7510598 ], [ 75.9394982, 11.7511175 ], [ 75.9396216, 11.7511595 ], [ 75.9397101, 11.7512094 ], [ 75.9398738, 11.7513696 ], [ 75.9401071, 11.7516033 ], [ 75.9403565, 11.7518029 ], [ 75.9406328, 11.7520104 ], [ 75.9409064, 11.7521916 ], [ 75.9411719, 11.7523649 ], [ 75.9413919, 11.7525329 ], [ 75.9415609, 11.7526353 ], [ 75.9416547, 11.7527062 ], [ 75.9418693, 11.7529636 ], [ 75.9420088, 11.7531448 ], [ 75.9420839, 11.7532997 ], [ 75.9421456, 11.7535072 ], [ 75.9421697, 11.7536857 ], [ 75.9421509, 11.7539431 ], [ 75.9420919, 11.754119 ], [ 75.942041, 11.7542319 ], [ 75.9419578, 11.754358 ], [ 75.9418532, 11.7544788 ], [ 75.9417942, 11.7545996 ], [ 75.9417808, 11.7546561 ], [ 75.9418237, 11.7547886 ], [ 75.9419203, 11.754849 ], [ 75.9421134, 11.7549252 ], [ 75.9423092, 11.755004 ], [ 75.9426177, 11.7551169 ], [ 75.9428161, 11.755214 ], [ 75.942969, 11.7553191 ], [ 75.9431004, 11.7553952 ], [ 75.9433284, 11.7554793 ], [ 75.9435779, 11.7555134 ], [ 75.9438381, 11.7556053 ], [ 75.9439936, 11.7556972 ], [ 75.9441224, 11.7558206 ], [ 75.9444201, 11.7560622 ], [ 75.9445226, 11.7561624 ], [ 75.9447098, 11.7563169 ], [ 75.9449458, 11.7564903 ], [ 75.9452328, 11.7567371 ], [ 75.9454823, 11.7569235 ], [ 75.9457344, 11.757068 ], [ 75.945949, 11.757215 ], [ 75.9460697, 11.7573148 ], [ 75.9461421, 11.7574513 ], [ 75.9462735, 11.7576509 ], [ 75.9464336, 11.7578213 ], [ 75.9464794, 11.7578569 ], [ 75.9466785, 11.7579897 ], [ 75.9471077, 11.7582444 ], [ 75.9475341, 11.758528 ], [ 75.9477189, 11.7586383 ], [ 75.947856, 11.7587827 ], [ 75.947918, 11.7588312 ], [ 75.9479828, 11.7588818 ], [ 75.9482825, 11.7591162 ], [ 75.9485319, 11.7593079 ], [ 75.9486768, 11.7594444 ], [ 75.9488162, 11.7596099 ], [ 75.9489262, 11.75977 ], [ 75.9489362, 11.7597821 ], [ 75.9489883, 11.7598454 ], [ 75.949071, 11.759946 ], [ 75.9492105, 11.7600904 ], [ 75.9493473, 11.7601429 ], [ 75.9497443, 11.760135 ], [ 75.9499897, 11.7601204 ], [ 75.9501868, 11.760114 ], [ 75.9505087, 11.760093 ], [ 75.9507206, 11.7601035 ], [ 75.9509271, 11.7601219 ], [ 75.9511095, 11.7601797 ], [ 75.9513429, 11.7603162 ], [ 75.9514502, 11.7604291 ], [ 75.951713, 11.7606366 ], [ 75.9517774, 11.7607968 ], [ 75.9518069, 11.7609333 ], [ 75.9518149, 11.7610856 ], [ 75.9517854, 11.7612957 ], [ 75.9517318, 11.7614585 ], [ 75.9516755, 11.7616712 ], [ 75.9517111, 11.7617956 ], [ 75.9517693, 11.7618182 ], [ 75.9519625, 11.7618025 ], [ 75.9523621, 11.7617316 ], [ 75.9527484, 11.7616817 ], [ 75.9530407, 11.7616659 ], [ 75.9532338, 11.7616659 ], [ 75.9534377, 11.7617132 ], [ 75.9536657, 11.7617946 ], [ 75.9538937, 11.7618996 ], [ 75.9541136, 11.7619837 ], [ 75.9542209, 11.7619863 ], [ 75.9543765, 11.761918 ], [ 75.9545474, 11.7618194 ], [ 75.9546715, 11.7618104 ], [ 75.954819, 11.761834 ], [ 75.9549129, 11.761897 ], [ 75.955047, 11.7620703 ], [ 75.9552026, 11.7622699 ], [ 75.955385, 11.7625299 ], [ 75.9555057, 11.7627084 ], [ 75.9557023, 11.7628998 ], [ 75.9558034, 11.7629001 ], [ 75.9560823, 11.7629001 ], [ 75.956246, 11.7629342 ], [ 75.9565169, 11.7630734 ], [ 75.9567609, 11.7633176 ], [ 75.9569406, 11.7635382 ], [ 75.9570371, 11.76364 ], [ 75.9571123, 11.7637194 ], [ 75.9572357, 11.7638455 ], [ 75.9573188, 11.7639635 ], [ 75.9574207, 11.7640582 ], [ 75.9575871, 11.7642708 ], [ 75.9576756, 11.7643181 ], [ 75.9577694, 11.7643391 ], [ 75.9579438, 11.7643469 ], [ 75.9581208, 11.7643864 ], [ 75.9581986, 11.7644389 ], [ 75.9584722, 11.764712 ], [ 75.9585996, 11.7648117 ], [ 75.9587163, 11.7648761 ], [ 75.9589053, 11.7649351 ], [ 75.9589979, 11.7649837 ], [ 75.9591817, 11.7651019 ], [ 75.959305, 11.7651807 ], [ 75.9593721, 11.7652109 ], [ 75.9594592, 11.7652279 ], [ 75.9597073, 11.76522 ], [ 75.9600318, 11.7652292 ], [ 75.9602947, 11.7652266 ], [ 75.9605053, 11.7652293 ], [ 75.9607321, 11.7652489 ], [ 75.9609647, 11.765317 ], [ 75.9610713, 11.765354 ], [ 75.9611983, 11.7654019 ], [ 75.9614019, 11.7656183 ], [ 75.9615583, 11.7657792 ], [ 75.9615753, 11.7657975 ], [ 75.9618089, 11.765996 ], [ 75.9619859, 11.7661325 ], [ 75.9621227, 11.7661982 ], [ 75.9622777, 11.7662472 ], [ 75.9624533, 11.7662558 ], [ 75.9626867, 11.7662189 ], [ 75.9629032, 11.7661089 ], [ 75.9631151, 11.7659881 ], [ 75.9633511, 11.7657912 ], [ 75.9635147, 11.765673 ], [ 75.9637749, 11.7655601 ], [ 75.9639975, 11.7655365 ], [ 75.9642282, 11.7655339 ], [ 75.9644347, 11.7655916 ], [ 75.9646413, 11.7656835 ], [ 75.9648183, 11.7658358 ], [ 75.9649095, 11.7659645 ], [ 75.9649739, 11.7661982 ], [ 75.9650061, 11.7664371 ], [ 75.9652448, 11.7667365 ], [ 75.9654969, 11.7669518 ], [ 75.9657061, 11.7671671 ], [ 75.9658724, 11.7673667 ], [ 75.9659618, 11.7676 ], [ 75.9659744, 11.767633 ], [ 75.9660655, 11.7678709 ], [ 75.9663337, 11.7687899 ], [ 75.9664115, 11.7690525 ], [ 75.9664732, 11.7692205 ], [ 75.9666288, 11.7693991 ], [ 75.9668595, 11.7695566 ], [ 75.9671786, 11.7697011 ], [ 75.9674013, 11.7697956 ], [ 75.96764, 11.7698796 ], [ 75.9679925, 11.769934 ], [ 75.9683454, 11.7699374 ], [ 75.9688148, 11.7700056 ], [ 75.9691662, 11.7700503 ], [ 75.9693861, 11.7701763 ], [ 75.9696597, 11.7703916 ], [ 75.9699896, 11.7706201 ], [ 75.9703919, 11.7708984 ], [ 75.9708104, 11.7712056 ], [ 75.9711269, 11.7714105 ], [ 75.9715131, 11.7716153 ], [ 75.9718189, 11.7717072 ], [ 75.9723204, 11.7719015 ], [ 75.9723836, 11.7719167 ], [ 75.9726161, 11.7719728 ], [ 75.9729856, 11.7720039 ], [ 75.9732807, 11.7719908 ], [ 75.9735543, 11.7720328 ], [ 75.9739432, 11.7721562 ], [ 75.9744287, 11.772445 ], [ 75.97467, 11.7726209 ], [ 75.9749651, 11.7728494 ], [ 75.9751958, 11.7730306 ], [ 75.9752923, 11.7730778 ], [ 75.975417, 11.7731294 ], [ 75.9754613, 11.7732853 ], [ 75.9755044, 11.7733878 ], [ 75.9755766, 11.7735295 ], [ 75.9757081, 11.7737264 ], [ 75.9758931, 11.7740205 ], [ 75.9760246, 11.7743855 ], [ 75.9761158, 11.7747032 ], [ 75.9761667, 11.7749185 ], [ 75.9761676, 11.7751312 ], [ 75.9761614, 11.7753911 ], [ 75.9761506, 11.7755539 ], [ 75.976156, 11.7757351 ], [ 75.9762204, 11.776066 ], [ 75.9762847, 11.7763417 ], [ 75.9763277, 11.7765517 ], [ 75.9764296, 11.7769823 ], [ 75.9764651, 11.7771523 ], [ 75.9764813, 11.7772301 ], [ 75.9765234, 11.7773618 ], [ 75.9766106, 11.7775122 ], [ 75.9766514, 11.7775761 ], [ 75.9766976, 11.7776395 ], [ 75.976739, 11.7777179 ], [ 75.97677, 11.7778085 ], [ 75.976805, 11.7786402 ], [ 75.9771437, 11.7789623 ], [ 75.9772597, 11.7792132 ], [ 75.977325, 11.7793717 ], [ 75.9774459, 11.7794995 ], [ 75.9782409, 11.7802887 ], [ 75.978401, 11.7804108 ], [ 75.9794809, 11.7812343 ], [ 75.9805644, 11.7818349 ], [ 75.9818622, 11.7821808 ], [ 75.9825554, 11.7823656 ], [ 75.9833448, 11.782576 ], [ 75.9836046, 11.7826754 ], [ 75.9849545, 11.7829183 ], [ 75.986582, 11.7836877 ], [ 75.9887854, 11.784518 ], [ 75.9895321, 11.7847994 ], [ 75.9901126, 11.7852799 ], [ 75.9902109, 11.7854384 ], [ 75.9902938, 11.7860412 ], [ 75.9903983, 11.7864942 ], [ 75.9906286, 11.7869462 ], [ 75.9916598, 11.7881601 ], [ 75.991701, 11.7883619 ], [ 75.9918426, 11.7890546 ], [ 75.9927757, 11.7898698 ], [ 75.9930566, 11.7901152 ], [ 75.9933412, 11.7905636 ], [ 75.9942531, 11.7920546 ], [ 75.9943896, 11.7922778 ], [ 75.9944938, 11.7927695 ], [ 75.9945321, 11.7930219 ], [ 75.9945417, 11.7931255 ], [ 75.9945623, 11.7932788 ], [ 75.994614, 11.7936631 ], [ 75.994724, 11.7938232 ], [ 75.9952644, 11.7946239 ], [ 75.9956386, 11.7948377 ], [ 75.9960519, 11.7951204 ], [ 75.9964886, 11.7954192 ], [ 75.9968711, 11.7956353 ], [ 75.9972691, 11.7957267 ], [ 75.9977822, 11.7959915 ], [ 75.9979246, 11.7958945 ], [ 75.9979819, 11.7958554 ], [ 75.9982615, 11.7958217 ], [ 75.9984623, 11.7958169 ], [ 75.9986425, 11.7958133 ], [ 75.9991206, 11.7957665 ], [ 75.999453, 11.7957355 ], [ 75.9997253, 11.7957014 ], [ 75.9997555, 11.7956957 ], [ 75.9997749, 11.795692 ], [ 75.9997612, 11.7958417 ], [ 75.9997366, 11.7959533 ], [ 75.9997366, 11.7960649 ], [ 75.9997039, 11.7961775 ], [ 75.9997093, 11.7962037 ], [ 75.9997764, 11.7964427 ], [ 75.9998354, 11.7966264 ], [ 75.9998877, 11.7967715 ], [ 75.9998689, 11.7968595 ], [ 75.9998984, 11.7970905 ], [ 75.999942, 11.7973307 ], [ 76.000003, 11.7978119 ], [ 76.0002894, 11.7980967 ], [ 76.0005331, 11.7983102 ], [ 76.000757, 11.7984148 ], [ 76.0010734, 11.7986414 ], [ 76.0014315, 11.798839 ], [ 76.0016338, 11.798945 ], [ 76.0016575, 11.798961 ], [ 76.0016495, 11.7990044 ], [ 76.0016602, 11.7990713 ], [ 76.0017152, 11.7991895 ], [ 76.0018332, 11.7993444 ], [ 76.0019446, 11.7995502 ], [ 76.0019634, 11.7996658 ], [ 76.0019687, 11.7999309 ], [ 76.00199, 11.8000737 ], [ 76.0016016, 11.800223 ], [ 76.0015162, 11.8002306 ] ] } },
{ "type": "Feature", "properties": { "origin_id": 5, "origin": "Korome", "destination_type": "Hospital", "destination": "District Hospital Mananthavady", "route_type": "least_risk", "distance_km": 17.245, "mean_risk": 0.2919, "max_risk": 0.5617 }, "geometry": { "type": "LineString", "coordinates": [ [ 75.8822433, 11.7433693 ], [ 75.8821812, 11.7435237 ], [ 75.8821952, 11.743703 ], [ 75.8821308, 11.7437829 ], [ 75.8821467, 11.7442436 ], [ 75.8824024, 11.7441691 ], [ 75.8828688, 11.7439852 ], [ 75.8831424, 11.7438946 ], [ 75.8835329, 11.7438017 ], [ 75.8841431, 11.7436897 ], [ 75.8843507, 11.7436286 ], [ 75.8845532, 11.7435624 ], [ 75.884694, 11.7435401 ], [ 75.884859, 11.7435349 ], [ 75.8850481, 11.7435401 ], [ 75.8852942, 11.7435607 ], [ 75.8860762, 11.7435935 ], [ 75.8864468, 11.7435834 ], [ 75.886482, 11.7435791 ], [ 75.8865642, 11.7435689 ], [ 75.8867905, 11.7435409 ], [ 75.8873212, 11.7434613 ], [ 75.8878144, 11.7434137 ], [ 75.8880924, 11.7433865 ], [ 75.8884223, 11.7433327 ], [ 75.888781, 11.7432967 ], [ 75.8891043, 11.7432626 ], [ 75.8893222, 11.743225 ], [ 75.8895555, 11.7431501 ], [ 75.8898233, 11.7430497 ], [ 75.8899269, 11.743019 ], [ 75.8899672, 11.743007 ], [ 75.8901362, 11.7430031 ], [ 75.8906789, 11.7430536 ], [ 75.8909623, 11.7430832 ], [ 75.891134, 11.7430911 ], [ 75.891239, 11.7431084 ], [ 75.8913325, 11.7430635 ], [ 75.8917012, 11.743016 ], [ 75.891966, 11.7429217 ], [ 75.8922038, 11.7427691 ], [ 75.8924507, 11.7426435 ], [ 75.8929982, 11.7424729 ], [ 75.8938644, 11.7419523 ], [ 75.8941516, 11.7418805 ], [ 75.8949145, 11.7417997 ], [ 75.8952017, 11.7418042 ], [ 75.8956056, 11.7418581 ], [ 75.8964808, 11.742078 ], [ 75.8972527, 11.7423921 ], [ 75.8973155, 11.7424011 ], [ 75.8974861, 11.7423921 ], [ 75.8977419, 11.7423203 ], [ 75.8980964, 11.7422755 ], [ 75.8987068, 11.7420241 ], [ 75.898792, 11.7420241 ], [ 75.8990553, 11.7421016 ], [ 75.8991928, 11.7420343 ], [ 75.8992495, 11.7420044 ], [ 75.8993604, 11.7419459 ], [ 75.8994506, 11.7418281 ], [ 75.8995838, 11.7415336 ], [ 75.8997131, 11.7412661 ], [ 75.8997342, 11.7412223 ], [ 75.8999679, 11.7410141 ], [ 75.9000838, 11.7409609 ], [ 75.9004124, 11.7408099 ], [ 75.9006716, 11.7407726 ], [ 75.900805, 11.7408398 ], [ 75.9009231, 11.7409424 ], [ 75.9010222, 11.7410543 ], [ 75.9010427, 11.7410836 ], [ 75.9010898, 11.7411509 ], [ 75.9011453, 11.7412567 ], [ 75.9011722, 11.7413434 ], [ 75.9012178, 11.7414117 ], [ 75.9012741, 11.7414432 ], [ 75.9013438, 11.7414458 ], [ 75.9014216, 11.7414064 ], [ 75.9014645, 11.7413539 ], [ 75.9015155, 11.7412856 ], [ 75.9016475, 11.7411307 ], [ 75.9017918, 11.7410246 ], [ 75.9019848, 11.7408745 ], [ 75.9021329, 11.7406554 ], [ 75.9022136, 11.7405919 ], [ 75.9023256, 11.7405038 ], [ 75.9025536, 11.7403628 ], [ 75.9029866, 11.7401499 ], [ 75.9032, 11.74011 ], [ 75.9034606, 11.7401321 ], [ 75.9040222, 11.7403498 ], [ 75.9042816, 11.7404186 ], [ 75.9046391, 11.7404986 ], [ 75.9052051, 11.7405891 ], [ 75.9055286, 11.7404081 ], [ 75.9059733, 11.7403572 ], [ 75.9065105, 11.7402554 ], [ 75.9068979, 11.7400558 ], [ 75.9072446, 11.7397928 ], [ 75.9074531, 11.7396255 ], [ 75.9076891, 11.7395303 ], [ 75.907809, 11.7395049 ], [ 75.9080139, 11.7394615 ], [ 75.9081588, 11.7394475 ], [ 75.9082621, 11.7394375 ], [ 75.9083411, 11.7394299 ], [ 75.9086308, 11.7396243 ], [ 75.90884, 11.7398711 ], [ 75.9089205, 11.7399972 ], [ 75.9089627, 11.7400579 ], [ 75.9090694, 11.7401849 ], [ 75.9091356, 11.740315 ], [ 75.9091603, 11.7403507 ], [ 75.9091957, 11.7403761 ], [ 75.9092432, 11.7403919 ], [ 75.9093841, 11.7403973 ], [ 75.9095415, 11.7403741 ], [ 75.9097963, 11.740332 ], [ 75.9100665, 11.7402358 ], [ 75.9103448, 11.7401258 ], [ 75.9105651, 11.7400506 ], [ 75.9107909, 11.7400094 ], [ 75.9110341, 11.7400116 ], [ 75.9112916, 11.7400878 ], [ 75.9117941, 11.7402609 ], [ 75.9119663, 11.7403141 ], [ 75.9121526, 11.7404436 ], [ 75.9123062, 11.7406546 ], [ 75.9124382, 11.7408402 ], [ 75.9128689, 11.7415425 ], [ 75.9129098, 11.7416467 ], [ 75.912958, 11.741733 ], [ 75.913067, 11.7418662 ], [ 75.913323, 11.7420192 ], [ 75.913565, 11.7421455 ], [ 75.9136483, 11.742164 ], [ 75.913753, 11.7422081 ], [ 75.9138944, 11.7422773 ], [ 75.9141214, 11.7424276 ], [ 75.9143792, 11.7425723 ], [ 75.9145725, 11.742624 ], [ 75.9147438, 11.742674 ], [ 75.9149464, 11.7427137 ], [ 75.9150216, 11.7427385 ], [ 75.9151081, 11.7427822 ], [ 75.915196, 11.7428433 ], [ 75.9152466, 11.7429301 ], [ 75.9152981, 11.7430312 ], [ 75.9154072, 11.7431881 ], [ 75.915563, 11.7433287 ], [ 75.9157654, 11.7434315 ], [ 75.9159635, 11.7435144 ], [ 75.9162267, 11.743497 ], [ 75.9164137, 11.7435028 ], [ 75.916591, 11.7435091 ], [ 75.9168055, 11.7435036 ], [ 75.9169672, 11.7434873 ], [ 75.9169978, 11.7434842 ], [ 75.9170209, 11.7434868 ], [ 75.9171892, 11.7435057 ], [ 75.9172617, 11.7435094 ], [ 75.9173187, 11.7434961 ], [ 75.9174095, 11.7435135 ], [ 75.9174901, 11.7435191 ], [ 75.9175648, 11.7435049 ], [ 75.9176347, 11.7435182 ], [ 75.9177211, 11.7435189 ], [ 75.9178652, 11.7434959 ], [ 75.918035, 11.7434667 ], [ 75.9182259, 11.7434345 ], [ 75.9182678, 11.7434291 ], [ 75.9183371, 11.7434248 ], [ 75.9184314, 11.7434248 ], [ 75.9185322, 11.743459 ], [ 75.9187474, 11.743571 ], [ 75.9188913, 11.7436432 ], [ 75.9192112, 11.7438245 ], [ 75.9193941, 11.743978 ], [ 75.9197509, 11.7442549 ], [ 75.9200091, 11.7444149 ], [ 75.9217563, 11.7449518 ], [ 75.921845, 11.7450151 ], [ 75.9219484, 11.7450723 ], [ 75.9220328, 11.7451079 ], [ 75.9221331, 11.7451328 ], [ 75.9222635, 11.7451528 ], [ 75.9224292, 11.7451288 ], [ 75.9225516, 11.7450686 ], [ 75.9227488, 11.7449715 ], [ 75.922909, 11.7448651 ], [ 75.9230476, 11.7447555 ], [ 75.9232555, 11.7446373 ], [ 75.9238791, 11.7444286 ], [ 75.9241196, 11.7443584 ], [ 75.9242643, 11.744302 ], [ 75.9245135, 11.744304 ], [ 75.9247603, 11.7444905 ], [ 75.9248984, 11.7447086 ], [ 75.9249829, 11.7450944 ], [ 75.9250742, 11.7452625 ], [ 75.9251769, 11.7453382 ], [ 75.9253075, 11.7453833 ], [ 75.9254826, 11.7453711 ], [ 75.9256365, 11.7453116 ], [ 75.9258091, 11.7453176 ], [ 75.9260894, 11.7454056 ], [ 75.9263428, 11.7455514 ], [ 75.9265467, 11.7460083 ], [ 75.9266164, 11.7463497 ], [ 75.9267291, 11.7466123 ], [ 75.9270026, 11.7467987 ], [ 75.9273164, 11.7469038 ], [ 75.9276437, 11.7469143 ], [ 75.9281275, 11.7468158 ], [ 75.9282533, 11.7467508 ], [ 75.9285744, 11.7465125 ], [ 75.9290101, 11.7462733 ], [ 75.9293791, 11.7461264 ], [ 75.9297144, 11.7462026 ], [ 75.9298914, 11.7462472 ], [ 75.9300153, 11.7462139 ], [ 75.9302941, 11.7461285 ], [ 75.9304172, 11.7461265 ], [ 75.9305445, 11.7461418 ], [ 75.9307282, 11.7461934 ], [ 75.931042, 11.7463418 ], [ 75.9313505, 11.7465531 ], [ 75.9315678, 11.7467843 ], [ 75.9318306, 11.7470074 ], [ 75.9321499, 11.7471808 ], [ 75.9323778, 11.747383 ], [ 75.9326326, 11.7479187 ], [ 75.9329434, 11.7481486 ], [ 75.9332354, 11.7482774 ], [ 75.93333, 11.7483442 ], [ 75.9334876, 11.7484842 ], [ 75.933561, 11.748598 ], [ 75.9337121, 11.7488015 ], [ 75.933882, 11.7489908 ], [ 75.9341205, 11.7492567 ], [ 75.9342302, 11.7493121 ], [ 75.9343003, 11.7493195 ], [ 75.934393, 11.7493278 ], [ 75.9345593, 11.7493352 ], [ 75.9346097, 11.7493407 ], [ 75.9347125, 11.7493846 ], [ 75.9348467, 11.749456 ], [ 75.9350077, 11.7495084 ], [ 75.9351439, 11.7495256 ], [ 75.9352871, 11.7495182 ], [ 75.9354236, 11.7494932 ], [ 75.9355768, 11.7494673 ], [ 75.9356566, 11.749476 ], [ 75.9357861, 11.7495754 ], [ 75.9358663, 11.7497735 ], [ 75.9358309, 11.7499843 ], [ 75.9357627, 11.7501429 ], [ 75.9357544, 11.7501989 ], [ 75.9357627, 11.7502322 ], [ 75.9357923, 11.7502648 ], [ 75.9358374, 11.7502883 ], [ 75.9358984, 11.7503053 ], [ 75.9363701, 11.7503577 ], [ 75.9366238, 11.7503656 ], [ 75.9368313, 11.750372 ], [ 75.9375697, 11.7504663 ], [ 75.9378326, 11.7505372 ], [ 75.9381625, 11.7506212 ], [ 75.9384495, 11.7506711 ], [ 75.9386453, 11.7507079 ], [ 75.9388626, 11.7507893 ], [ 75.9390315, 11.750847 ], [ 75.9392484, 11.7509704 ], [ 75.9393695, 11.7510598 ], [ 75.9394982, 11.7511175 ], [ 75.9396216, 11.7511595 ], [ 75.9397101, 11.7512094 ], [ 75.9398738, 11.7513696 ], [ 75.9401071, 11.7516033 ], [ 75.9403565, 11.7518029 ], [ 75.9406328, 11.7520104 ], [ 75.9409064, 11.7521916 ], [ 75.9411719, 11.7523649 ], [ 75.9413919, 11.7525329 ], [ 75.9415609, 11.7526353 ], [ 75.9416547, 11.7527062 ], [ 75.9418693, 11.7529636 ], [ 75.9420088, 11.7531448 ], [ 75.9420839, 11.7532997 ], [ 75.9421456, 11.7535072 ], [ 75.9421697, 11.7536857 ], [ 75.9421509, 11.7539431 ], [ 75.9420919, 11.754119 ], [ 75.942041, 11.7542319 ], [ 75.9419578, 11.754358 ], [ 75.9418532, 11.7544788 ], [ 75.9417942, 11.7545996 ], [ 75.9417808, 11.7546561 ], [ 75.9418237, 11.7547886 ], [ 75.9419203, 11.754849 ], [ 75.9421134, 11.7549252 ], [ 75.9423092, 11.755004 ], [ 75.9426177, 11.7551169 ], [ 75.9428161, 11.755214 ], [ 75.942969, 11.7553191 ], [ 75.9431004, 11.7553952 ], [ 75.9433284, 11.7554793 ], [ 75.9435779, 11.7555134 ], [ 75.9438381, 11.7556053 ], [ 75.9439936, 11.7556972 ], [ 75.9441224, 11.7558206 ], [ 75.9444201, 11.7560622 ], [ 75.9445226, 11.7561624 ], [ 75.9447098, 11.7563169 ], [ 75.9449458, 11.7564903 ], [ 75.9452328, 11.7567371 ], [ 75.9454823, 11.7569235 ], [ 75.9457344, 11.757068 ], [ 75.945949, 11.757215 ], [ 75.9460697, 11.7573148 ], [ 75.9461421, 11.7574513 ], [ 75.9462735, 11.7576509 ], [ 75.9464336, 11.7578213 ], [ 75.9464794, 11.7578569 ], [ 75.9466785, 11.7579897 ], [ 75.9471077, 11.7582444 ], [ 75.9475341, 11.758528 ], [ 75.9477189, 11.7586383 ], [ 75.947856, 11.7587827 ], [ 75.947918, 11.7588312 ], [ 75.9479828, 11.7588818 ], [ 75.9482825, 11.7591162 ], [ 75.9485319, 11.7593079 ], [ 75.9486768, 11.7594444 ], [ 75.9488162, 11.7596099 ], [ 75.9489262, 11.75977 ], [ 75.9489362, 11.7597821 ], [ 75.9489883, 11.7598454 ], [ 75.949071, 11.759946 ], [ 75.9492105, 11.7600904 ], [ 75.9493473, 11.7601429 ], [ 75.9497443, 11.760135 ], [ 75.9499897, 11.7601204 ], [ 75.9501868, 11.760114 ], [ 75.9505087, 11.760093 ], [ 75.9507206, 11.7601035 ], [ 75.9509271, 11.7601219 ], [ 75.9511095, 11.7601797 ], [ 75.9513429, 11.7603162 ], [ 75.9514502, 11.7604291 ], [ 75.951713, 11.7606366 ], [ 75.9517774, 11.7607968 ], [ 75.9518069, 11.7609333 ], [ 75.9518149, 11.7610856 ], [ 75.9517854, 11.7612957 ], [ 75.9517318, 11.7614585 ], [ 75.9516755, 11.7616712 ], [ 75.9517111, 11.7617956 ], [ 75.9517693, 11.7618182 ], [ 75.9519625, 11.7618025 ], [ 75.9523621, 11.7617316 ], [ 75.9527484, 11.7616817 ], [ 75.9530407, 11.7616659 ], [ 75.9532338, 11.7616659 ], [ 75.9534377, 11.7617132 ], [ 75.9536657, 11.7617946 ], [ 75.9538937, 11.7618996 ], [ 75.9541136, 11.7619837 ], [ 75.9542209, 11.7619863 ], [ 75.9543765, 11.761918 ], [ 75.9545474, 11.7618194 ], [ 75.9546715, 11.7618104 ], [ 75.954819, 11.761834 ], [ 75.9549129, 11.761897 ], [ 75.955047, 11.7620703 ], [ 75.9552026, 11.7622699 ], [ 75.955385, 11.7625299 ], [ 75.9555057, 11.7627084 ], [ 75.9557023, 11.7628998 ], [ 75.9558034, 11.7629001 ], [ 75.9560823, 11.7629001 ], [ 75.956246, 11.7629342 ], [ 75.9565169, 11.7630734 ], [ 75.9567609, 11.7633176 ], [ 75.9569406, 11.7635382 ], [ 75.9570371, 11.76364 ], [ 75.9571123, 11.7637194 ], [ 75.9572357, 11.7638455 ], [ 75.9573188, 11.7639635 ], [ 75.9574207, 11.7640582 ], [ 75.9575871, 11.7642708 ], [ 75.9576756, 11.7643181 ], [ 75.9577694, 11.7643391 ], [ 75.9579438, 11.7643469 ], [ 75.9581208, 11.7643864 ], [ 75.9581986, 11.7644389 ], [ 75.9584722, 11.764712 ], [ 75.9585996, 11.7648117 ], [ 75.9587163, 11.7648761 ], [ 75.9589053, 11.7649351 ], [ 75.9589979, 11.7649837 ], [ 75.9591817, 11.7651019 ], [ 75.959305, 11.7651807 ], [ 75.9593721, 11.7652109 ], [ 75.9594592, 11.7652279 ], [ 75.9597073, 11.76522 ], [ 75.9600318, 11.7652292 ], [ 75.9602947, 11.7652266 ], [ 75.9605053, 11.7652293 ], [ 75.9607321, 11.7652489 ], [ 75.9609647, 11.765317 ], [ 75.9610713, 11.765354 ], [ 75.9611983, 11.7654019 ], [ 75.9614019, 11.7656183 ], [ 75.9615583, 11.7657792 ], [ 75.9615753, 11.7657975 ], [ 75.9618089, 11.765996 ], [ 75.9619859, 11.7661325 ], [ 75.9621227, 11.7661982 ], [ 75.9622777, 11.7662472 ], [ 75.9624533, 11.7662558 ], [ 75.9626867, 11.7662189 ], [ 75.9629032, 11.7661089 ], [ 75.9631151, 11.7659881 ], [ 75.9633511, 11.7657912 ], [ 75.9635147, 11.765673 ], [ 75.9637749, 11.7655601 ], [ 75.9639975, 11.7655365 ], [ 75.9642282, 11.7655339 ], [ 75.9644347, 11.7655916 ], [ 75.9646413, 11.7656835 ], [ 75.9648183, 11.7658358 ], [ 75.9649095, 11.7659645 ], [ 75.9649739, 11.7661982 ], [ 75.9650061, 11.7664371 ], [ 75.9652448, 11.7667365 ], [ 75.9654969, 11.7669518 ], [ 75.9657061, 11.7671671 ], [ 75.9658724, 11.7673667 ], [ 75.9659618, 11.7676 ], [ 75.9659744, 11.767633 ], [ 75.9660655, 11.7678709 ], [ 75.9663337, 11.7687899 ], [ 75.9664115, 11.7690525 ], [ 75.9664732, 11.7692205 ], [ 75.9666288, 11.7693991 ], [ 75.9668595, 11.7695566 ], [ 75.9671786, 11.7697011 ], [ 75.9674013, 11.7697956 ], [ 75.96764, 11.7698796 ], [ 75.9679925, 11.769934 ], [ 75.9683454, 11.7699374 ], [ 75.9688148, 11.7700056 ], [ 75.9691662, 11.7700503 ], [ 75.9693861, 11.7701763 ], [ 75.9696597, 11.7703916 ], [ 75.9699896, 11.7706201 ], [ 75.9703919, 11.7708984 ], [ 75.9708104, 11.7712056 ], [ 75.9711269, 11.7714105 ], [ 75.9715131, 11.7716153 ], [ 75.9718189, 11.7717072 ], [ 75.9723204, 11.7719015 ], [ 75.9723836, 11.7719167 ], [ 75.9726161, 11.7719728 ], [ 75.9729856, 11.7720039 ], [ 75.9732807, 11.7719908 ], [ 75.9735543, 11.7720328 ], [ 75.9739432, 11.7721562 ], [ 75.9744287, 11.772445 ], [ 75.97467, 11.7726209 ], [ 75.9749651, 11.7728494 ], [ 75.9751958, 11.7730306 ], [ 75.9752923, 11.7730778 ], [ 75.975417, 11.7731294 ], [ 75.9754613, 11.7732853 ], [ 75.9755044, 11.7733878 ], [ 75.9755766, 11.7735295 ], [ 75.9757081, 11.7737264 ], [ 75.9758931, 11.7740205 ], [ 75.9760246, 11.7743855 ], [ 75.9761158, 11.7747032 ], [ 75.9761667, 11.7749185 ], [ 75.9761676, 11.7751312 ], [ 75.9761614, 11.7753911 ], [ 75.9761506, 11.7755539 ], [ 75.976156, 11.7757351 ], [ 75.9762204, 11.776066 ], [ 75.9762847, 11.7763417 ], [ 75.9763277, 11.7765517 ], [ 75.9764296, 11.7769823 ], [ 75.9764651, 11.7771523 ], [ 75.9764813, 11.7772301 ], [ 75.9765234, 11.7773618 ], [ 75.9766106, 11.7775122 ], [ 75.9766514, 11.7775761 ], [ 75.9766976, 11.7776395 ], [ 75.976739, 11.7777179 ], [ 75.97677, 11.7778085 ], [ 75.976805, 11.7786402 ], [ 75.9771437, 11.7789623 ], [ 75.9772597, 11.7792132 ], [ 75.977325, 11.7793717 ], [ 75.9774459, 11.7794995 ], [ 75.9782409, 11.7802887 ], [ 75.978401, 11.7804108 ], [ 75.9794809, 11.7812343 ], [ 75.9805644, 11.7818349 ], [ 75.9818622, 11.7821808 ], [ 75.9825554, 11.7823656 ], [ 75.9833448, 11.782576 ], [ 75.9836046, 11.7826754 ], [ 75.9849545, 11.7829183 ], [ 75.986582, 11.7836877 ], [ 75.9887854, 11.784518 ], [ 75.9895321, 11.7847994 ], [ 75.9901126, 11.7852799 ], [ 75.9902109, 11.7854384 ], [ 75.9902938, 11.7860412 ], [ 75.9903983, 11.7864942 ], [ 75.9906286, 11.7869462 ], [ 75.9916598, 11.7881601 ], [ 75.991701, 11.7883619 ], [ 75.9918426, 11.7890546 ], [ 75.9927757, 11.7898698 ], [ 75.9930566, 11.7901152 ], [ 75.9933412, 11.7905636 ], [ 75.9942531, 11.7920546 ], [ 75.9943896, 11.7922778 ], [ 75.9944938, 11.7927695 ], [ 75.9945321, 11.7930219 ], [ 75.9945417, 11.7931255 ], [ 75.9945623, 11.7932788 ], [ 75.994614, 11.7936631 ], [ 75.994724, 11.7938232 ], [ 75.9952644, 11.7946239 ], [ 75.9956386, 11.7948377 ], [ 75.9960519, 11.7951204 ], [ 75.9964886, 11.7954192 ], [ 75.9968711, 11.7956353 ], [ 75.9972691, 11.7957267 ], [ 75.9977822, 11.7959915 ], [ 75.9979246, 11.7958945 ], [ 75.9979819, 11.7958554 ], [ 75.9982615, 11.7958217 ], [ 75.9984623, 11.7958169 ], [ 75.9986425, 11.7958133 ], [ 75.9991206, 11.7957665 ], [ 75.999453, 11.7957355 ], [ 75.9997253, 11.7957014 ], [ 75.9997555, 11.7956957 ], [ 75.9997749, 11.795692 ], [ 75.9997612, 11.7958417 ], [ 75.9997366, 11.7959533 ], [ 75.9997366, 11.7960649 ], [ 75.9997039, 11.7961775 ], [ 75.9997093, 11.7962037 ], [ 75.9997764, 11.7964427 ], [ 75.9998354, 11.7966264 ], [ 75.9998877, 11.7967715 ], [ 75.9998689, 11.7968595 ], [ 75.9998984, 11.7970905 ], [ 75.999942, 11.7973307 ], [ 76.000003, 11.7978119 ], [ 76.0002894, 11.7980967 ], [ 76.0005331, 11.7983102 ], [ 76.000757, 11.7984148 ], [ 76.0010734, 11.7986414 ], [ 76.0014315, 11.798839 ], [ 76.0016338, 11.798945 ], [ 76.0016575, 11.798961 ], [ 76.0016495, 11.7990044 ], [ 76.0016602, 11.7990713 ], [ 76.0017152, 11.7991895 ], [ 76.0018332, 11.7993444 ], [ 76.0019446, 11.7995502 ], [ 76.0019634, 11.7996658 ], [ 76.0019687, 11.7999309 ], [ 76.00199, 11.8000737 ], [ 76.0016016, 11.800223 ], [ 76.0015162, 11.8002306 ] ] } },
{ "type": "Feature", "properties": { "origin_id": 5, "origin": "Korome", "destination_type": "Shelter", "destination": "M T D M Higher Secondary School Thondernadu", "route_type": "shortest", "distance_km": 1.428, "mean_risk": 0.308, "max_risk": 0.3439 }, "geometry": { "type": "LineString", "coordinates": [ [ 75.8822433, 11.7433693 ], [ 75.8821812, 11.7435237 ], [ 75.8821952, 11.743703 ], [ 75.8821308, 11.7437829 ], [ 75.8821467, 11.7442436 ], [ 75.8819226, 11.7442951 ], [ 75.8817074, 11.7443352 ], [ 75.8815204, 11.7443449 ], [ 75.8815324, 11.7445417 ], [ 75.8815373, 11.7446228 ], [ 75.88155, 11.7448304 ], [ 75.8816246, 11.7452689 ], [ 75.8816382, 11.7453487 ], [ 75.8816578, 11.7454641 ], [ 75.8817717, 11.7460216 ], [ 75.8818676, 11.7466788 ], [ 75.8818257, 11.7470837 ], [ 75.8818736, 11.7475532 ], [ 75.8818189, 11.7478404 ], [ 75.8818137, 11.7478876 ], [ 75.8816342, 11.7484149 ], [ 75.8815859, 11.7485566 ], [ 75.8814421, 11.7490437 ], [ 75.881478, 11.7491727 ], [ 75.8816638, 11.7495659 ], [ 75.8817118, 11.7500353 ], [ 75.8816039, 11.7507747 ], [ 75.8814121, 11.7513732 ], [ 75.8812802, 11.7519718 ], [ 75.8811547, 11.7522341 ], [ 75.8810465, 11.7524823 ], [ 75.8809506, 11.7527463 ], [ 75.8808067, 11.753515 ], [ 75.8806778, 11.7539176 ], [ 75.880555, 11.7543013 ], [ 75.8803692, 11.7548236 ], [ 75.8800935, 11.7552402 ] ] } },
{ "type": "Feature", "properties": { "origin_id": 5, "origin": "Korome", "destination_type": "Shelter", "destination": "M T D M Higher Secondary School Thondernadu", "route_type": "least_risk", "distance_km": 1.428, "mean_risk": 0.308, "max_risk": 0.3439 }, "geometry": { "type": "LineString", "coordinates": [ [ 75.8822433, 11.7433693 ], [ 75.8821812, 11.7435237 ], [ 75.8821952, 11.743703 ], [ 75.8821308, 11.7437829 ], [ 75.8821467, 11.7442436 ], [ 75.8819226, 11.7442951 ], [ 75.8817074, 11.7443352 ], [ 75.8815204, 11.7443449 ], [ 75.8815324, 11.7445417 ], [ 75.8815373, 11.7446228 ], [ 75.88155, 11.7448304 ], [ 75.8816246, 11.7452689 ], [ 75.8816382, 11.7453487 ], [ 75.8816578, 11.7454641 ], [ 75.8817717, 11.7460216 ], [ 75.8818676, 11.7466788 ], [ 75.8818257, 11.7470837 ], [ 75.8818736, 11.7475532 ], [ 75.8818189, 11.7478404 ], [ 75.8818137, 11.7478876 ], [ 75.8816342, 11.7484149 ], [ 75.8815859, 11.7485566 ], [ 75.8814421, 11.7490437 ], [ 75.881478, 11.7491727 ], [ 75.8816638, 11.7495659 ], [ 75.8817118, 11.7500353 ], [ 75.8816039, 11.7507747 ], [ 75.8814121, 11.7513732 ], [ 75.8812802, 11.7519718 ], [ 75.8811547, 11.7522341 ], [ 75.8810465, 11.7524823 ], [ 75.8809506, 11.7527463 ], [ 75.8808067, 11.753515 ], [ 75.8806778, 11.7539176 ], [ 75.880555, 11.7543013 ], [ 75.8803692, 11.7548236 ], [ 75.8800935, 11.7552402 ] ] } }
]
}
